,Ground Truth Image,Expected object,Predicted object,Expected Caption,Generated Caption
0,data/images/n03452741/n03452741_2982.JPEG,piano,ball, A showroom displaying a red grand piano and a black baby grand piano. ,"A spherical object with a white surface and black accents, resembling a tennis ball."
1,data/images/n02992529/n02992529_13746.JPEG,cell phone,computer, A man in glasses is talking on a cell phone while sitting at a table. ,"A colorful abstract pattern of intertwined geometric shapes, evoking a sense of movement and energy."
2,data/images/n07753592/n07753592_10233.JPEG,fruits and vegetables,fruits and vegetables, A ripe banana with a brown spot on the end. ,"A colorful assortment of fruits and vegetables, including apples, bananas, carrots, and peppers, arranged on a wooden cutting board."
3,data/images/n03584829/n03584829_33459.JPEG,ironing machine,ironing machine, An iron on a table with a compass and ink. ,"A large, white ironing machine with a flat surface and rounded edges."
4,data/images/n02906734/n02906734_17920.JPEG,brush,brush, A woman holding a broom and standing in front of a display of brooms. ,"This image depicts a brush, which is an essential tool for various tasks such as cleaning surfaces or grooming hair."
5,data/images/n03063599/n03063599_5287.JPEG,coffee mug,canoe or boat, A white coffee mug with a brown starbucks logo on it. ,"The image shows a canoe with two people on board, floating in calm water under a tree canopy."
6,data/images/n02992529/n02992529_46.JPEG,cell phone,canoe or boat, A black cell phone with a keypad and a screen. ,A canoe and a boat are depicted in this image.
7,data/images/n03180011/n03180011_5834.JPEG,computer,camera," A desktop computer with a monitor, keyboard, and mouse on a white background. ",A camera that takes clear and detailed photos.
8,data/images/n03888257/n03888257_54295.JPEG,parachutes,parachutes," Two parachutists flying high in the sky, each holding a Canadian flag, against a backdrop of a clear blue sky. ",A colorful parachute gracefully descends to the ground.
9,data/images/n03792782/n03792782_12815.JPEG,bicycle,bicycle," A group of bicyclists in a line, preparing for a race. ",A bicycle with a basket and chain.
10,data/images/n03709823/n03709823_7681.JPEG,handbag,bicycle, A black leather handbag with a cartoon character on it. ,A bicycle with a basket and chain guard.
11,data/images/n03877472/n03877472_23771.JPEG,girl,girl," Three women in pajamas sitting on a couch, smiling and posing for the camera. ","A colorful, abstract painting of intertwined shapes and lines on a white background."
12,data/images/n03775071/n03775071_3297.JPEG,gloves,gloves," A pair of handmade, knitted gloves with a mix of brown, orange, and black yarn. ",A pair of black leather gloves with intricate silver thread designs on the back and palms.
13,data/images/n03775071/n03775071_6122.JPEG,gloves,gloves, A person wearing a coat and holding their hands together in front of them. ,A pair of black leather gloves with intricate stitching and a touch of silver embellishments.
14,data/images/n03773504/n03773504_17692.JPEG,rocket,gloves," The image shows a missile with the word ""USA"" on it, standing in front of an American flag. ",A pair of red gloves with white fur trim and a small black bow on the wrist.
15,data/images/n02607072/n02607072_304.JPEG,clownfish or fish,clownfish or fish, Two clownfish swimming among the tentacles of an anemone. ,"A clownfish, also known as a fish with vibrant colors and patterns."
16,data/images/n02124075/n02124075_57.JPEG,cat,cat, A small kitten with yellow eyes and a spotted coat is sitting on a carpeted floor. ,The image depicts a tabby cat sitting on a wooden floor.
17,data/images/n07873807/n07873807_2421.JPEG,pizza,pizza, A variety of pizzas on display in a restaurant. ,"A colorful pizza with various toppings, including vegetables and fruits."
18,data/images/n03709823/n03709823_9033.JPEG,handbag,handbag, A black and yellow duffel bag with a black strap. ,"A small, rectangular handbag with a single handle and a flap closure."
19,data/images/n03792972/n03792972_5525.JPEG,camp or camping,gloves, Two tents set up on a hillside with a rocky outcropping and trees in the background. ,"The image depicts a pair of high-quality, warm leather gloves with intricate stitching and detailed design."
20,data/images/n03792972/n03792972_1570.JPEG,camp or camping,bicycle, A tent set up in a field with camping gear. ,A bicycle with a basket and chain.
21,data/images/n03272010/n03272010_4370.JPEG,guitar,guitar, A blue electric guitar with a pickup and a cord on a white surface. ,"A black electric guitar with a white pick and red, yellow, and blue accents on the body."
22,data/images/n11939491/n11939491_51732.JPEG,flower,flower," The image shows a close-up of a daisy with white petals and a yellow center, surrounded by other daisies in the background. ","A vibrant, multicolored flower with intricate petals and a central stamens, surrounded by bees and butterflies."
23,data/images/n03100240/n03100240_8794.JPEG,car,car, A black convertible car parked on a gravel driveway. ,"A man is posing with a sleek, white sports car featuring tinted windows and custom rims."
24,data/images/n03590841/n03590841_1053.JPEG,pumpkin,piano," A carved pumpkin with a face and a smaller carved pumpkin with a face, both sitting on a table with leaves around them. ","A beautiful, elegant piano with a grand design and intricate details."
25,data/images/n07873807/n07873807_7685.JPEG,pizza,fruits and vegetables," A large pizza with cheese, basil, and tomato sauce on a plate. ","This image depicts a variety of fruits and vegetables arranged in a colorful, visually appealing manner."
26,data/images/n03584829/n03584829_33459.JPEG,ironing machine,handbag, An iron on a table with a compass and ink. ,A stylish and elegant handbag with a unique design.
27,data/images/n03775071/n03775071_3297.JPEG,gloves,gloves," A pair of handmade, knitted gloves with a mix of brown, orange, and black yarn. ","A pair of fluffy, warm gloves with a unique design."
28,data/images/n04069434/n04069434_12771.JPEG,camera,tower," The image shows a black digital single-lens reflex camera (DSLR) with a lens attached, set against a white background. ","A towering, cylindrical structure with a flat top and an open mouth."
29,data/images/n02492035/n02492035_24294.JPEG,monkey,elephant," Two monkeys in a tree enclosure, one grooming the other. ",A large gray elephant.
30,data/images/n02690373/n02690373_20090.JPEG,airplane,clownfish or fish, A blue and white airplane on the runway. ,A colorful clownfish swims gracefully in a vibrant coral reef.
31,data/images/n03297495/n03297495_1447.JPEG,coffee maker,guitar, A vintage metal hand juicer on a table. ,"A colorful, vintage-looking guitar with intricate details and a unique design."
32,data/images/n03272562/n03272562_608.JPEG,train,train, A blue and white train on the tracks. ,"A steam train with a red caboose, chugging through the countryside past rolling hills and fields of green."
33,data/images/n03773504/n03773504_6291.JPEG,rocket,handbag, A large nuclear missile inside a missile silo. ,"A small, stylish handbag with a long strap for easy carrying."
34,data/images/n03590841/n03590841_5746.JPEG,pumpkin,ironing machine," A carved pumpkin with a jack-o-lantern face and a sign that reads ""they eat their own"" in front of it. ","A portable ironing machine with a folding handle and an on/off button, designed for easy storage and use."
35,data/images/n02504458/n02504458_6155.JPEG,elephant,elephant, An elephant walking in a grassy area. ,A large elephant with a long trunk and floppy ears.
36,data/images/n03709823/n03709823_7681.JPEG,handbag,handbag, A black leather handbag with a cartoon character on it. ,A colorful handbag with intricate designs and patterns.
37,data/images/n02607072/n02607072_1617.JPEG,clownfish or fish,airplane, Two clownfish swimming near a coral reef. ,"A large airplane with multiple wings and engines, designed for long-distance travel and capable of carrying a significant number of passengers."
38,data/images/n04044716/n04044716_9463.JPEG,tower,camera, A large white satellite dish. ,"A close-up photo of a colorful sunset over the ocean, with palm trees and people enjoying the view."
39,data/images/n03888257/n03888257_18921.JPEG,parachutes,pool table, A person is kiteboarding on a frozen lake. ,"An antique, wooden pool table with intricate carvings and brass fittings."
40,data/images/n11939491/n11939491_16390.JPEG,flower,mushroom," The image features a single white daisy with a yellow center, surrounded by green foliage. ","A colorful, lumpy mushroom with a small hole in the center."
41,data/images/n03272562/n03272562_4339.JPEG,train,train, A train on the tracks with cargo cars behind it. ,"A colorful, hand-painted signboard with a map of the world on it."
42,data/images/n03063599/n03063599_5287.JPEG,coffee mug,canoe or boat, A white coffee mug with a brown starbucks logo on it. ,"A canoe is a small, lightweight boat that can be paddled by one or more people while a boat is a larger vessel designed for transportation on water."
43,data/images/n13054560/n13054560_11059.JPEG,mushroom,flower, A mushroom growing out of a tree stump. ,"A colorful and intricate flower, with a variety of petals in various shades of pink and purple."
44,data/images/n07753592/n07753592_1198.JPEG,fruits and vegetables,fruits and vegetables," A still life of fruit, including an apple, bananas, and a rose, arranged on a reflective surface. ","A colorful assortment of fruits and vegetables, including apples, bananas, carrots, and tomatoes, displayed on a wooden cutting board."
45,data/images/n03197337/n03197337_830.JPEG,watch or watches,guitar," A digital wristwatch with a black strap and a white face, inside a clear plastic case. ","A beautifully crafted, vintage-style guitar with intricate details and a warm, natural wood finish."
46,data/images/n04069434/n04069434_17439.JPEG,camera,tower, A person taking a selfie with a camera. ,"A towering, futuristic cityscape with illuminated buildings and a large Ferris wheel."
47,data/images/n03063599/n03063599_1096.JPEG,coffee mug,cell phone," A white mug with a green design and the word ""tea"" on it. ","A colorful, abstract pattern of interwoven shapes and lines on a white background."
48,data/images/n11939491/n11939491_10024.JPEG,flower,mushroom, A black and white photograph of a single daisy with a white center and a dark brown center. ,"A colorful mushroom with a wide, flat cap and small gills underneath."
49,data/images/n03452741/n03452741_2982.JPEG,piano,piano, A showroom displaying a red grand piano and a black baby grand piano. ,"A beautiful grand piano with a rich, dark finish and intricate details."
50,data/images/n04086273/n04086273_12999.JPEG,gun,gun," A vintage rifle with a wooden case, placed on a wooden table. ","A realistic painting of a handgun on a wooden background, with intricate details and a reflective surface."
51,data/images/n03063599/n03063599_4086.JPEG,coffee mug,coffee mug," The image shows two rings, one purple and one yellow, against a white background. ","The image depicts a white mug with the words ""World's Best Mom"" written in blue letters, surrounded by small yellow flowers."
52,data/images/n04086273/n04086273_2383.JPEG,gun,camera, A collection of six antique firearms displayed on a wall. ,"A vintage camera with a brown leather strap, featuring intricate engravings and gold accents on its body."
53,data/images/n03792972/n03792972_8672.JPEG,camp or camping,camp or camping, A tent in a mountainous area with trees and fog. ,"""A picturesque view of nature, with a cozy campsite and outdoor activities in the background."""
54,data/images/n03445777/n03445777_6397.JPEG,ball,ball," A white golf ball with a black logo on it, sitting on a grassy surface. ","A colorful, spherical ball with a small hole in the center."
55,data/images/n03773504/n03773504_370.JPEG,rocket,handbag, A large missile on display in a museum. ,"A colorful handbag with intricate details, adorned with beads and sequins."
56,data/images/n02992529/n02992529_4366.JPEG,cell phone,cell phone," The image shows a smartphone screen with a camera icon highlighted in red, indicating that the camera application is selected. ","A close-up of a smartphone, featuring its sleek design and curved edges."
57,data/images/n13054560/n13054560_294.JPEG,mushroom,mushroom," A large yellow mushroom with a brown stem and a brown cap, surrounded by green foliage. ",A colorful mushroom with a wide cap and small gills.
58,data/images/n02992529/n02992529_39085.JPEG,cell phone,chair, A cup of coffee on a table with a cell phone and a coffee cup. ,A wooden rocking chair with intricate carvings and a plush cushion.
59,data/images/n03197337/n03197337_1351.JPEG,watch or watches,watch or watches, A person's hand with a name written on it. ,"The image depicts a variety of watches, including analog and digital designs on both casual and formal wristbands."
60,data/images/n03792782/n03792782_442.JPEG,bicycle,bicycle, A man riding a bicycle on a rocky trail. ,"A bicycle with a basket and chain guard, ridden by a woman in traditional clothing."
61,data/images/n03775071/n03775071_6122.JPEG,gloves,gloves, A person wearing a coat and holding their hands together in front of them. ,"A fluffy, white cat with a pink nose and green eyes sits on a wooden chair."
62,data/images/n03982430/n03982430_13651.JPEG,pool table,tower, A pool table with red balls and a black cue ball. ,"A towering structure with multiple levels and staircases, surrounded by a bustling cityscape."
63,data/images/n11939491/n11939491_48574.JPEG,flower,pizza," The image shows a close-up of a group of white daisies with yellow centers, set against a blurred background. ","A round, cheesy pizza with various toppings on a wooden table."
64,data/images/n02992529/n02992529_52043.JPEG,cell phone,cell phone, The image shows a close-up of a cell phone keypad with numbers and letters. ,"A colorful, abstract pattern of interwoven shapes and lines."
65,data/images/n03445777/n03445777_9216.JPEG,ball,ball, A pink golf ball on a tee in a field of yellow flowers. ,"A plush, spherical ball with a bright orange exterior and white stitching."
66,data/images/n03297495/n03297495_2852.JPEG,coffee maker,train," This is an image of a black coffee maker with a digital display and buttons, placed on a white background. ","A colorful train with many cars and passengers, passing through a scenic countryside landscape."
67,data/images/n03590841/n03590841_6380.JPEG,pumpkin,pumpkin," Two carved pumpkins with faces, sitting on a table. ","A colorful, round pumpkin with a small stem."
68,data/images/n03376595/n03376595_8916.JPEG,chair,chair, A wooden folding chair with a green cushion and a striped backrest. ,A comfortable armchair with a plush seat and high backrest.
69,data/images/n02389026/n02389026_2094.JPEG,horse,butterfly, A brown horse grazing in a field of tall grass. , A colorful butterfly fluttering in a field.
70,data/images/n03775071/n03775071_9939.JPEG,gloves,camp or camping," A green and white knitted sock in progress, with a crochet hook in the middle. ","A group of people gather around a campfire, enjoying each other's company under the starry night sky."
71,data/images/n02690373/n02690373_2109.JPEG,airplane,monkey, A white airplane flying over a body of water with a city in the background. ,"A monkey, sitting on a branch with its arms folded."
72,data/images/n03775071/n03775071_10573.JPEG,gloves,rocket, A purple knitted glove with a white stripe on the palm. ,"A sleek, modern rocket with a large payload capacity and advanced technology."
73,data/images/n03775071/n03775071_15065.JPEG,gloves,rocket, Two knitted gloves with a colorful pattern on a gray surface. ,"A sleek, modern rocket with a large engine and slender body, designed for high-altitude flight and space exploration."
74,data/images/n03773504/n03773504_14109.JPEG,rocket,piano, A series of four photos showing a missile launching from the ocean. ,"A grand piano, adorned with intricate carvings and gold accents, stands in a spacious room filled with natural light."
75,data/images/n02992529/n02992529_35743.JPEG,cell phone,pizza, A cell phone displaying a text message with the date and time. ,"A colorful, cheesy pizza with various toppings on a round crust."
76,data/images/n03888257/n03888257_6749.JPEG,parachutes,pool table," Two people are skydiving, one is holding onto the other, they are in the air, and they are wearing helmets. ","A large, intricately designed pool table with a glossy finish and detailed carvings."
77,data/images/n03590841/n03590841_6633.JPEG,pumpkin,pumpkin," A carved pumpkin with a face and eyes, sitting on a table. ","A large, orange pumpkin with a wide base and a small stem."
78,data/images/n03709823/n03709823_17750.JPEG,handbag,handbag, A brown leather handbag with a pocket on the front. ,"A stylish handbag with a unique design, perfect for adding a touch of elegance to any outfit."
79,data/images/n02906734/n02906734_3648.JPEG,brush,brush, A yellow and orange broom with a metal handle. ,"A large, fluffy brush with soft bristles that can easily clean and groom various surfaces."
80,data/images/n03180011/n03180011_4854.JPEG,computer,computer," A computer desk with a monitor, keyboard, mouse, and a lamp. ","The image depicts a sleek, black laptop computer with an illuminated keyboard and minimalistic design."
81,data/images/n11939491/n11939491_59345.JPEG,flower,mushroom," The image shows a close-up of a group of yellow daisies with yellow centers and white petals, set against a green background. ",A colorful mushroom with a tall stem and small cap.
82,data/images/n02124075/n02124075_10525.JPEG,cat,cat," A gray and white cat is laying on its back, with its paws in the air, on a chair. ",A cat wearing a hat.
83,data/images/n03792972/n03792972_2062.JPEG,camp or camping,bicycle, A tent set up in a wooded area. ,A bicycle with a basket and chain.
84,data/images/n02607072/n02607072_304.JPEG,clownfish or fish,panda or pandas, Two clownfish swimming among the tentacles of an anemone. ,"A panda is a large, fluffy bear with black fur and white patches on its face."
85,data/images/n02951358/n02951358_7348.JPEG,canoe or boat,coffee mug, A painting of a man and his dog in a canoe on a lake at sunset. ,A coffee mug features a cartoon character with a wide smile and colorful background.
86,data/images/n04069434/n04069434_3119.JPEG,camera,camera, A vintage black and white Rolleicord camera sitting on a wooden floor. ,"A camera with a lens and a flash, designed for taking clear photos in low light conditions."
87,data/images/n02281787/n02281787_1529.JPEG,butterfly,butterfly," A blue butterfly with brown spots on its wings, perched on a plant. ","A butterfly with a soft, dreamy background. 

We are able to see the delicate wings of the butterfly and its intricate details, while the rest of the image is blurred out by a gentle gradient of colors that create an overall dreamy atmosphere. The butterfly appears to be flying in mid-air, as if it's about to land on a flower or leaf nearby."
88,data/images/n03709823/n03709823_7681.JPEG,handbag,ironing machine, A black leather handbag with a cartoon character on it. ,"A compact, portable ironing machine with a flat surface and rounded edges."
89,data/images/n03100240/n03100240_16653.JPEG,car,car, A red convertible parked on a driveway. ,"A colorful, cartoon-style drawing of a futuristic car with sleek lines and an open cockpit."
90,data/images/n03982430/n03982430_7125.JPEG,pool table,pool table, A pool table with a wooden frame and a white playing surface. ,"A wooden pool table with intricate carvings and brass accents, surrounded by leather couches and vintage-style lamps."
91,data/images/n03590841/n03590841_8067.JPEG,pumpkin,gloves," A woman carving a jack-o-lantern in a kitchen, with a table full of carved pumpkins. ",A pair of black leather gloves with white fur trim.
92,data/images/n03180011/n03180011_5279.JPEG,computer,computer," A man sitting at a computer desk, working on a computer. ","A colorful, abstract painting of a sun and moon with swirling patterns in the sky."
93,data/images/n03452741/n03452741_11539.JPEG,piano,piano, A black grand piano in a living room. ,"A beautiful, vintage grand piano with intricate carvings and a polished finish."
94,data/images/n04086273/n04086273_12999.JPEG,gun,gun," A vintage rifle with a wooden case, placed on a wooden table. ","A realistic, large-scale painting of a hunting rifle on a wooden background."
95,data/images/n03709823/n03709823_12670.JPEG,handbag,handbag, A dark blue tote bag with brown leather accents and a tan strap. ,"A colorful handbag with intricate patterns and designs, featuring a large central floral motif surrounded by smaller geometric shapes."
96,data/images/n03180011/n03180011_4664.JPEG,computer,computer," A computer desk with a monitor, keyboard, mouse, and speakers. ","A colorful, hand-drawn illustration of a cartoon cat wearing sunglasses and a bow tie, sitting on a yellow background with a speech bubble that says ""Meow."""
97,data/images/n03063599/n03063599_858.JPEG,coffee mug,canoe or boat," Three coffee mugs with different colored handles and the word ""coffee matters"" on them. ",A man and his friends are paddling a canoe on a calm lake.
98,data/images/n04069434/n04069434_17439.JPEG,camera,camera, A person taking a selfie with a camera. ,"A camera with a wide-angle lens, capturing the vibrant colors and intricate details of an outdoor scene."
99,data/images/n03773504/n03773504_370.JPEG,rocket,bicycle, A large missile on display in a museum. ,A bicycle with a basket and handlebars.
100,data/images/n02690373/n02690373_2109.JPEG,airplane,clownfish or fish, A white airplane flying over a body of water with a city in the background. ,"A clownfish, also known as a fish with vibrant orange and white colors on its body."
101,data/images/n02906734/n02906734_17920.JPEG,brush,brush, A woman holding a broom and standing in front of a display of brooms. ,"This image depicts a traditional toothbrush with soft bristles and a handle, made of natural materials such as wood or bamboo."
102,data/images/n03877472/n03877472_2301.JPEG,girl,girl," Two young girls sitting on the floor, smiling and posing for the camera. ","A young girl with long, wavy hair and big eyes is smiling at the camera while sitting on a colorful rug."
103,data/images/n02504458/n02504458_481.JPEG,elephant,watch or watches, Two elephants standing in the mud. ,"This image depicts a variety of watches, including analog and digital designs with various materials such as leather, metal, and plastic."
104,data/images/n03063599/n03063599_3606.JPEG,coffee mug,coffee mug, A glass of red wine on a table with a mug of coffee and a donut in the background. ,"A coffee mug featuring a cartoon character with an open mouth, holding a steaming cup of coffee."
105,data/images/n03272010/n03272010_6978.JPEG,guitar,guitar, A white electric guitar leaning against a wall. ,"A colorful, intricate guitar design with a variety of shapes and patterns."
106,data/images/n03773504/n03773504_21104.JPEG,rocket,girl," A large rocket with the name ""mace"" on it, flying through a cloudy sky. ","A colorful, cartoonish illustration of a girl with large eyes and an open mouth appears to be singing or expressing surprise."
107,data/images/n03272562/n03272562_4071.JPEG,train,train," An old train car sits on the tracks, waiting for its next journey. ","A colorful, hand-painted sign with a sun and clouds design on a wooden background."
108,data/images/n04120489/n04120489_3979.JPEG,shoes,camera," The image shows a close-up of a Nike running shoe with the word ""RUNNING"" visible on the side. ","The image depicts a close-up of a colorful, intricately designed camera."
109,data/images/n11939491/n11939491_5055.JPEG,flower,mushroom, A white daisy with a yellow center. ,"A colorful mushroom with a wide, curved cap and small gills on its underside."
110,data/images/n11939491/n11939491_7263.JPEG,flower,shoes, A white daisy with yellow center in the center of a large green leaf. ,"A colorful, multicolored pair of shoes with intricate patterns and designs."
111,data/images/n03063599/n03063599_691.JPEG,coffee mug,canoe or boat, A blue mug with a white logo on it. ,A canoe and a boat are both depicted in the image.
112,data/images/n03100240/n03100240_1391.JPEG,car,coffee mug, An orange convertible sports car on display at a car show. ,A colorful coffee mug with a cartoon character on it.
113,data/images/n13054560/n13054560_4449.JPEG,mushroom,mushroom, A mushroom growing in the wilderness. ,"A colorful, spotted mushroom with a small hole in the center."
114,data/images/n03877472/n03877472_8388.JPEG,girl,girl, A baby wearing a pink and purple pajamas is laying on a bed. ,"A young girl with long, flowing hair stands confidently in a lush forest surrounded by vibrant flora and fauna."
115,data/images/n02690373/n02690373_3492.JPEG,airplane,clownfish or fish, A blue and white airplane on the runway. ,"A clownfish, also known as a fish with vibrant orange and white colors."
116,data/images/n07753592/n07753592_1198.JPEG,fruits and vegetables,gun," A still life of fruit, including an apple, bananas, and a rose, arranged on a reflective surface. ","A realistic, detailed painting of a handgun with a silencer attached, set against a dark background."
117,data/images/n13054560/n13054560_5228.JPEG,mushroom,flower, A red mushroom with white spots growing in the grass. ,"A colorful, intricate flower with multiple petals and a central bud."
118,data/images/n03792972/n03792972_1570.JPEG,camp or camping,camp or camping, A tent set up in a field with camping gear. ,A group of people enjoying nature and bonding together at a campsite.
119,data/images/n03297495/n03297495_6860.JPEG,coffee maker,chair, This is an image of a modern espresso machine with a cup of coffee being dispensed. ,The image depicts a wooden chair with intricate carvings and a comfortable cushion seat.
120,data/images/n07753592/n07753592_10233.JPEG,fruits and vegetables,pizza, A ripe banana with a brown spot on the end. ,"A colorful, round pizza with various toppings and cheese on a wooden cutting board."
121,data/images/n02492035/n02492035_16869.JPEG,monkey,panda or pandas, A monkey is sitting on a palm tree branch. ,A panda is a cute bear-like animal with black patches on its fur.
122,data/images/n02281787/n02281787_2971.JPEG,butterfly,horse, A blue butterfly perched on a tall green plant. , A white horse with a black mane and tail standing in a field.
123,data/images/n02504458/n02504458_3816.JPEG,elephant,monkey, A large elephant standing in a grassy field. ,A monkey with a mischievous grin is depicted in the image.
124,data/images/n03709823/n03709823_7134.JPEG,handbag,handbag," A dirty, beige canvas bag with a white label on it. ","A small, rectangular handbag with a single handle and a flap closure on the top."
125,data/images/n03197337/n03197337_16730.JPEG,watch or watches,watch or watches," A black and white wristwatch with a digital display, sitting on a brown box. ","The image depicts a variety of watches, including analog and digital designs on both small and large sizes, as well as some with additional features like alarms or heart rate monitors."
126,data/images/n02281787/n02281787_2105.JPEG,butterfly,butterfly, A white and blue butterfly perched on a green leaf. ,A butterfly with a flower on its wings.
127,data/images/n03272010/n03272010_6219.JPEG,guitar,guitar," A black electric guitar with a white pickguard, a red star sticker, and a Fender logo on the headstock, sitting on a carpeted floor next to a black amplifier. ","A vintage, sunburst-colored acoustic guitar with a natural wood finish and simple design."
128,data/images/n03590841/n03590841_1053.JPEG,pumpkin,pumpkin," A carved pumpkin with a face and a smaller carved pumpkin with a face, both sitting on a table with leaves around them. ","A large, orange pumpkin with a wide base and rounded top."
129,data/images/n03792782/n03792782_51296.JPEG,bicycle,bicycle, A green bicycle parked on a brick sidewalk. ,"A bicycle with a basket on the front, surrounded by trees and flowers in the countryside."
130,data/images/n02906734/n02906734_17920.JPEG,brush,brush, A woman holding a broom and standing in front of a display of brooms. ,"A large, fluffy brush with many bristles, perfect for cleaning and grooming various surfaces."
131,data/images/n03590841/n03590841_6380.JPEG,pumpkin,girl," Two carved pumpkins with faces, sitting on a table. ","A young girl with long, wavy hair and a pink dress gazes at the camera while sitting on a colorful rug."
132,data/images/n13054560/n13054560_294.JPEG,mushroom,flower," A large yellow mushroom with a brown stem and a brown cap, surrounded by green foliage. ","A colorful bouquet of flowers, with various petals in shades of pink, purple, and yellow."
133,data/images/n13054560/n13054560_9747.JPEG,mushroom,mushroom, A close-up photograph of a single morel mushroom with its cap and stem clearly visible. ,A colorful mushroom with a tall stem and small cap.
134,data/images/n03445777/n03445777_5342.JPEG,ball,ball, A white golf ball with a logo on it. ,"A colorful, spherical ball with a small hole in the center."
135,data/images/n03792972/n03792972_474.JPEG,camp or camping,girl, A dog sitting next to a tent on a city street. ,"A young girl with long, wavy hair and big eyes stands confidently in a white background."
136,data/images/n03590841/n03590841_6382.JPEG,pumpkin,handbag," A carved pumpkin with a jack-o-lantern face sits on a table, surrounded by Halloween decorations. ","A handbag with a floral pattern, in shades of pink and purple."
137,data/images/n02992529/n02992529_39085.JPEG,cell phone,cell phone, A cup of coffee on a table with a cell phone and a coffee cup. ,"A close-up of a woman's face, with her eyes looking directly at the camera and wearing minimal makeup."
138,data/images/n02124075/n02124075_4027.JPEG,cat,cat," A cat with its eyes closed, looking content and relaxed. ","A cute and fluffy white cat with large round eyes, sitting on a wooden floor."
139,data/images/n03709823/n03709823_7134.JPEG,handbag,gloves," A dirty, beige canvas bag with a white label on it. ","A pair of fluffy, warm gloves with a unique pattern on the back."
140,data/images/n03888257/n03888257_16741.JPEG,parachutes,parachutes, A group of people are flying a colorful kite in a park. ,A man wearing a parachute jumpsuits and preparing to land.
141,data/images/n02690373/n02690373_736.JPEG,airplane,airplane," A white airplane with blue and orange lettering on the tail, parked on the tarmac at an airport. ","The image depicts a large airplane with multiple wings and engines, designed for long-distance travel and transportation of goods."
142,data/images/n03180011/n03180011_5834.JPEG,computer,guitar," A desktop computer with a monitor, keyboard, and mouse on a white background. ","A vintage guitar with intricate floral designs on the body and neck, adorned with sparkling jewels and beads."
143,data/images/n07753592/n07753592_3018.JPEG,fruits and vegetables,shoes, A bunch of bananas growing on a tree. ,A colorful pair of shoes with intricate patterns and designs.
144,data/images/n03584829/n03584829_28308.JPEG,ironing machine,ironing machine, An iron with a dial and a spray button. ,"A large, modern ironing machine with multiple compartments for various fabrics."
145,data/images/n03272562/n03272562_8931.JPEG,train,train, Two red trains parked on train tracks. ,"A colorful, hand-painted signboard featuring a variety of fruits and vegetables in various stages of ripeness."
146,data/images/n07873807/n07873807_3354.JPEG,pizza,shoes, A large pepperoni pizza in a box. ,The image depicts a pair of colorful sneakers with laces and branding prominently displayed.
147,data/images/n03792782/n03792782_1105.JPEG,bicycle,bicycle, A group of people on bicycles in a forested area. ,A bicycle with a basket and chain.
148,data/images/n03773504/n03773504_8896.JPEG,rocket,handbag, A white missile on display in a museum. ,"A colorful handbag with intricate designs and patterns, featuring a mix of floral motifs and geometric shapes."
149,data/images/n03888257/n03888257_39168.JPEG,parachutes,girl," A group of parachutists in the sky, performing a stunt, with smoke trailing behind them. ","A colorful, intricate painting of a woman's face with flowers and butterflies surrounding her features."
150,data/images/n03709823/n03709823_14136.JPEG,handbag,rocket," A small, colorful, child's tote bag with a cartoon character on it, sitting on a wooden floor. ","A colorful rocket soaring against a gradient sky, with the sun setting in the background."
151,data/images/n04120489/n04120489_6792.JPEG,shoes,camera, A person's feet wearing white and blue sneakers. ,"A close-up of a vintage camera with intricate details, surrounded by small gears and buttons."
152,data/images/n02124075/n02124075_6197.JPEG,cat,cat, A white cat and a gray cat stand on a dirt road in front of a house. ,A black cat with white fur sits on a wooden floor.
153,data/images/n02492035/n02492035_16869.JPEG,monkey,cat, A monkey is sitting on a palm tree branch. ,"The image is a cartoon cat wearing glasses and holding a sign that says ""I ❤️ to help."""
154,data/images/n02106662/n02106662_49005.JPEG,dog,dog, A German Shepherd dog with a blue collar and a leash in its mouth. ,A fluffy white dog with brown eyes and a wagging tail.
155,data/images/n03100240/n03100240_18492.JPEG,car,car," A vintage white car with a red interior and a black roof, parked on a street. ","A colorful, cartoonish illustration of a car with an open door and two anthropomorphic animals inside."
156,data/images/n03792972/n03792972_8672.JPEG,camp or camping,bicycle, A tent in a mountainous area with trees and fog. ,"A bicycle with a basket and fenders, ridden by a woman in a flowing dress."
157,data/images/n03100240/n03100240_10410.JPEG,car,coffee mug, A vintage blue Volkswagen Beetle parked in a parking lot. ,"A colorful coffee mug with a cartoon cat on it, surrounded by various objects and characters from different fandoms."
158,data/images/n02690373/n02690373_398.JPEG,airplane,horse, American airlines passenger jet in flight. ,"A majestic animal with flowing mane and powerful legs, standing tall on two sturdy hooves."
159,data/images/n03376595/n03376595_852.JPEG,chair,chair, A colorful folding chair with a checkered pattern. ,"The image depicts a wooden rocking chair with intricate carvings and a plush, cream-colored cushion for added comfort."
160,data/images/n03792972/n03792972_1036.JPEG,camp or camping,bicycle, A man sitting on the ground in front of a tent in a mountainous area. ,A bicycle with a basket and fenders.
161,data/images/n02124075/n02124075_14886.JPEG,cat,cat, A cat with yellow eyes and a white nose. ,"A fluffy white cat with large green eyes sits on a wooden floor, surrounded by colorful toys."
162,data/images/n07873807/n07873807_16625.JPEG,pizza,flower, A large pizza with various toppings on a metal tray on a table. ,"A vibrant, colorful bouquet of flowers with various petals in shades of pink and purple."
163,data/images/n04120489/n04120489_5424.JPEG,shoes,pizza," Two men sitting on a boat with their feet on a board, wearing sneakers and drinking water. ","A colorful pizza with various toppings, possibly including vegetables and cheese."
164,data/images/n02281787/n02281787_2216.JPEG,butterfly,butterfly, A small blue butterfly perched on a rock. ,A butterfly with a full glass of milk on its wings.
165,data/images/n03792782/n03792782_51723.JPEG,bicycle,bicycle," A man riding a bicycle on a steep, narrow path. ",A bicycle with a basket and chain on the front.
166,data/images/n03584829/n03584829_36033.JPEG,ironing machine,ironing machine, An iron on a table. ,"A large, modern ironing machine with a folding table and hanger stand in the background."
167,data/images/n02906734/n02906734_6542.JPEG,brush,brush, A collection of four brooms with different colored bristles. ,"A large, fluffy brush with soft bristles and a curved handle, perfect for gently cleaning surfaces without leaving any marks or scratches."
168,data/images/n02951358/n02951358_30776.JPEG,canoe or boat,cell phone, A group of people in kayaks on the ocean. ,"The image depicts a sleek, modern smartphone with rounded corners and a metallic silver finish."
169,data/images/n03180011/n03180011_10086.JPEG,computer,car," A man sitting at a desk in a room with two computers, a monitor, and a keyboard. ","A vintage sports car with a sleek design, adorned with racing stripes and chrome accents."
170,data/images/n04069434/n04069434_9030.JPEG,camera,camera, A vintage black and white camera with a silver lens and a black strap. ,"A camera lens with a black frame and a white background, capturing an image of two people in traditional clothing."
171,data/images/n03982430/n03982430_13651.JPEG,pool table,tower, A pool table with red balls and a black cue ball. ,"A large, intricate wooden tower with multiple balconies and arches, surrounded by smaller structures and greenery."
172,data/images/n02690373/n02690373_9676.JPEG,airplane,clownfish or fish, A large yellow and white airplane flying in the sky above an airport. ,"A clownfish, also known as a fish with vibrant orange and white colors on its body."
173,data/images/n03877472/n03877472_10554.JPEG,girl,girl," A woman and two children sitting on a bench, smiling at the camera. ","A young girl with long, wavy hair and big eyes smiling brightly at the camera."
174,data/images/n03452741/n03452741_2540.JPEG,piano,piano," A man is sitting at a grand piano, playing music. ","A beautiful grand piano, skillfully crafted with intricate details and a rich, warm color."
175,data/images/n03100240/n03100240_13929.JPEG,car,guitar, A vintage black car with red trim parked on grass. ,"A vintage, sunburst-finish acoustic guitar with intricate inlays and a natural wood grain finish."
176,data/images/n02690373/n02690373_7499.JPEG,airplane,horse, An airplane on the runway at an airport. ,A horse with a rider on its back.
177,data/images/n03792972/n03792972_4392.JPEG,camp or camping,bicycle, A tent pitched in a field with several RVs parked in the background. ,"A bicycle with a basket and chain guard, ridden by a woman in a flowing dress and wide-brimmed hat."
178,data/images/n02510455/n02510455_6311.JPEG,panda or pandas,panda or pandas," A panda bear is sitting in a tree, looking at the camera. ",A panda is a black and white bear.
179,data/images/n02690373/n02690373_20090.JPEG,airplane,airplane, A blue and white airplane on the runway. ,The image depicts a large airplane with multiple wings and engines.
180,data/images/n02951358/n02951358_6087.JPEG,canoe or boat,canoe or boat, A green canoe on a rocky shoreline. ,"The image depicts a canoe with two people sitting inside and one person standing at the front, while another boat is seen in the background."
181,data/images/n03775071/n03775071_6122.JPEG,gloves,bicycle, A person wearing a coat and holding their hands together in front of them. ,A bicycle with a basket and chain.
182,data/images/n03982430/n03982430_7125.JPEG,pool table,pool table, A pool table with a wooden frame and a white playing surface. ,A pool table is a large surface with lines and markings for playing billiards or other games.
183,data/images/n03180011/n03180011_7359.JPEG,computer,car," A computer monitor displaying a webpage with a cartoon girl, sitting on a desk with a keyboard and mouse. ","A compact, two-door vehicle with a sporty appearance and modern interior features."
184,data/images/n03452741/n03452741_3088.JPEG,piano,piano, A black and gold grand piano with the Boston Piano Company logo. ,"A beautiful, large piano with intricate designs and a shiny finish."
185,data/images/n02607072/n02607072_304.JPEG,clownfish or fish,elephant, Two clownfish swimming among the tentacles of an anemone. ,A large gray animal with a long trunk.
186,data/images/n02992529/n02992529_14442.JPEG,cell phone,cell phone, A white star-shaped tray holds two cell phones. ,A close-up of a smartphone screen displaying an image of two people.
187,data/images/n13054560/n13054560_5228.JPEG,mushroom,mushroom, A red mushroom with white spots growing in the grass. ,"A colorful mushroom with a wide, curved cap and small gills on its underside."
188,data/images/n02992529/n02992529_39085.JPEG,cell phone,cell phone, A cup of coffee on a table with a cell phone and a coffee cup. ,"A close-up of a smartphone's screen displaying an illustration of two people holding hands and smiling, set against a plain white background."
189,data/images/n02951358/n02951358_6087.JPEG,canoe or boat,cell phone, A green canoe on a rocky shoreline. ,A colorful abstract pattern of interwoven shapes and lines.
190,data/images/n02510455/n02510455_15145.JPEG,panda or pandas,elephant, A black and white panda bear sitting in an enclosure. ,A large gray elephant with a long trunk stands in the grass.
191,data/images/n03877472/n03877472_33829.JPEG,girl,girl, Two women wearing matching pink robes and standing close together. ,"A young girl with long, curly hair and a pink dress stands in front of a white wall decorated with flowers."
192,data/images/n03272010/n03272010_6705.JPEG,guitar,watch or watches, A green electric guitar leaning against a wall. ,"This image depicts a variety of wristwatches, including analog and digital designs with various colors and materials."
193,data/images/n02124075/n02124075_4027.JPEG,cat,cat," A cat with its eyes closed, looking content and relaxed. ",A cat wearing a hat sits on a windowsill.
194,data/images/n03445777/n03445777_2493.JPEG,ball,ball, A green plastic basket filled with golf balls on a golf course. ,A colorful ball with a small hole in the center.
195,data/images/n03297495/n03297495_1204.JPEG,coffee maker,train, This is an image of a coffee machine with two cups of coffee on the spout. ,"A colorful, hand-drawn illustration of a steam train with multiple cars and smoke billowing up from the stack."
196,data/images/n02389026/n02389026_24702.JPEG,horse,horse," A close-up of a horse's face, showing its brown coat, large brown eyes, and a white spot on its forehead. ",A horse galloping in a field.  |
197,data/images/n02510455/n02510455_95099.JPEG,panda or pandas,panda or pandas, A panda bear sitting on a tree branch in an enclosure. ,"A panda is a large, fluffy bear with black patches on its body."
198,data/images/n02992529/n02992529_42996.JPEG,cell phone,watch or watches, A shirtless man in a crowd is using his cell phone. ,"The image depicts a variety of wristwatches, including analog and digital designs with various colors and styles."
199,data/images/n03063599/n03063599_2735.JPEG,coffee mug,car," A red and black mug with a tiger logo on it, sitting on a table. ","A close-up of a red sports car with black accents, parked on a winding road surrounded by trees."
200,data/images/n03982430/n03982430_7125.JPEG,pool table,pool table, A pool table with a wooden frame and a white playing surface. ,"A pool table is a rectangular surface designed for playing billiards or snook, typically made of wood and surrounded by pockets to store cues, balls, and other accessories."
201,data/images/n03792782/n03792782_51296.JPEG,bicycle,pumpkin, A green bicycle parked on a brick sidewalk. ,A colorful pumpkin with a happy face.
202,data/images/n02992529/n02992529_13746.JPEG,cell phone,coffee mug, A man in glasses is talking on a cell phone while sitting at a table. ,"A coffee mug features a cartoon cat with a mustache, holding a sign that says ""Keep Calm and Carry On."""
203,data/images/n11939491/n11939491_55377.JPEG,flower,mushroom, A vibrant pink flower with yellow center in a field of grass. ,"A single mushroom with a wide, flat cap and small white gills protruding from its underside."
204,data/images/n03982430/n03982430_17180.JPEG,pool table,pool table, A pool table with a cue ball on it. ,"A pool table with a green felt surface and pockets for cues, set in an indoor recreational space."
205,data/images/n03877472/n03877472_33829.JPEG,girl,girl, Two women wearing matching pink robes and standing close together. ,"A young girl with long, curly hair and big eyes looks up at the viewer with a curious expression."
206,data/images/n03180011/n03180011_4854.JPEG,computer,computer," A computer desk with a monitor, keyboard, mouse, and a lamp. ","The image depicts a serene, sunlit beach with calm waves gently lapping at the shoreline, surrounded by lush green trees and vegetation."
207,data/images/n02281787/n02281787_2971.JPEG,butterfly,cat, A blue butterfly perched on a tall green plant. ,"A white cat with yellow eyes and a black nose sits on a blue background.

This image is of a cute, fluffy kitten sitting in the grass. The kitten has light-colored fur and big green eyes that are looking at you curiously."
208,data/images/n02504458/n02504458_480.JPEG,elephant,panda or pandas, An elephant standing in a zoo enclosure. ,"A panda, a black-and-white bear-like mammal native to China."
209,data/images/n02992529/n02992529_35743.JPEG,cell phone,cell phone, A cell phone displaying a text message with the date and time. ,"A close-up of a woman's hand holding a smartphone, with her index finger resting on the screen."
210,data/images/n03063599/n03063599_3714.JPEG,coffee mug,cell phone, Two blue mugs with handles on a table. ,"The image depicts a smartphone with rounded corners, a metallic finish, and a camera lens on the back."
211,data/images/n03063599/n03063599_552.JPEG,coffee mug,canoe or boat," A small terracotta pot with the word ""shape"" written on it. ","A canoe is a small, narrow boat with an open hull and no sides."
212,data/images/n03272010/n03272010_11611.JPEG,guitar,train, A man playing a guitar at sunset. ,"A large, yellow steam train with multiple cars and a red caboose is chugging through a picturesque countryside landscape."
213,data/images/n03445777/n03445777_15294.JPEG,ball,ball, A crystal golf ball with a personalized message. ,A spherical object with a small hole in the center.
214,data/images/n03452741/n03452741_2123.JPEG,piano,piano, A man in a red coat and black pants is playing a piano in a room with a chandelier. ,"A beautiful, elegant piano with a glossy finish and intricate details."
215,data/images/n03709823/n03709823_14136.JPEG,handbag,pumpkin," A small, colorful, child's tote bag with a cartoon character on it, sitting on a wooden floor. ","A colorful, round pumpkin with a small stem and deep grooves."
216,data/images/n04044716/n04044716_12999.JPEG,tower,tower, A large metal satellite dish in a field. ,"A towering structure with multiple levels and balconies, offering panoramic views of the surrounding landscape."
217,data/images/n02992529/n02992529_46.JPEG,cell phone,computer, A black cell phone with a keypad and a screen. ,"The image depicts a sleek, modern laptop adorned with various technological components and accessories."
218,data/images/n03888257/n03888257_16741.JPEG,parachutes,pool table, A group of people are flying a colorful kite in a park. ,"A pool table is a large surface with pockets and markings, typically used for playing billiards or other similar games."
219,data/images/n03197337/n03197337_4120.JPEG,watch or watches,train, A silver wristwatch with a digital display and a black strap. ,"The image depicts a colorful and lively scene of people gathered for a joyful celebration, with various activities such as dancing, playing musical instruments, and enjoying food together."
220,data/images/n03445777/n03445777_5342.JPEG,ball,piano, A white golf ball with a logo on it. ,"A beautiful, elegant piano with a glossy finish and intricate details."
221,data/images/n07753592/n07753592_1198.JPEG,fruits and vegetables,fruits and vegetables," A still life of fruit, including an apple, bananas, and a rose, arranged on a reflective surface. ","A colorful assortment of fruits and vegetables, possibly displayed on a wooden cutting board or arranged in a basket, for an appealing visual display."
222,data/images/n03877472/n03877472_33829.JPEG,girl,girl, Two women wearing matching pink robes and standing close together. ,"A young girl with long, curly hair gazes confidently at the camera while wearing a colorful dress and holding a flower."
223,data/images/n13054560/n13054560_11059.JPEG,mushroom,girl, A mushroom growing out of a tree stump. ,"A young girl with long, curly hair and big eyes stands in a field of flowers."
224,data/images/n03272562/n03272562_608.JPEG,train,train, A blue and white train on the tracks. ,"A colorful train with multiple carriages and a steam-powered engine, adorned with intricate details and vibrant hues."
225,data/images/n03445777/n03445777_9216.JPEG,ball,piano, A pink golf ball on a tee in a field of yellow flowers. ,A beautiful grand piano with intricate details and a polished finish.
226,data/images/n03376595/n03376595_10579.JPEG,chair,pumpkin, A wooden lawn chair with slats and armrests. ,"A large, orange pumpkin with a wide mouth and deep grooves."
227,data/images/n13054560/n13054560_4449.JPEG,mushroom,mushroom, A mushroom growing in the wilderness. ,"A colorful, multicolored mushroom with intricate patterns and designs."
228,data/images/n02906734/n02906734_21984.JPEG,brush,brush, A young boy holding a broom with straw. ,"The image depicts a large, fluffy white dog with long ears and a wagging tail, happily playing in the snow."
229,data/images/n04120489/n04120489_10588.JPEG,shoes,mushroom, A white and red tennis shoe with a black and yellow logo. ,"A colorful, intricate mushroom with a wide, curved cap and small gills on the underside."
230,data/images/n02504458/n02504458_4080.JPEG,elephant,panda or pandas, A group of elephants with their tusks interlocked. ,A panda enjoying bamboo in a forest.
231,data/images/n03445777/n03445777_7947.JPEG,ball,piano, A golf ball on a shelf with a logo on it. ,"A beautiful grand piano, gleaming in the warm light of a softly lit room."
232,data/images/n03376595/n03376595_10737.JPEG,chair,guitar, A folding chair in a grassy field. ,"A vintage, sunburst-colored guitar with intricate detailing and a natural wood finish."
233,data/images/n02504458/n02504458_481.JPEG,elephant,elephant, Two elephants standing in the mud. ,A large gray elephant with a long trunk and tiny ears.
234,data/images/n03709823/n03709823_18874.JPEG,handbag,ironing machine, A blue and white bag with a square design on it. ,"A portable, energy-efficient ironing board with a steam function for quick and effortless garment pressing."
235,data/images/n02906734/n02906734_6542.JPEG,brush,brush, A collection of four brooms with different colored bristles. ,"A large, fluffy brush with soft bristles made of natural materials, designed for artists and painters to create beautiful strokes on canvas or paper."
236,data/images/n03063599/n03063599_5019.JPEG,coffee mug,cell phone, A white coffee mug with a blue and red design on it. ,A colorful abstract pattern of intertwined shapes and lines on a white background.
237,data/images/n02951358/n02951358_6087.JPEG,canoe or boat,butterfly, A green canoe on a rocky shoreline. ,A colorful butterfly fluttering in the sky.
238,data/images/n03888257/n03888257_54295.JPEG,parachutes,parachutes," Two parachutists flying high in the sky, each holding a Canadian flag, against a backdrop of a clear blue sky. ","A group of friends jumping from a plane, excited and laughing together."
239,data/images/n03376595/n03376595_852.JPEG,chair,chair, A colorful folding chair with a checkered pattern. ,"A comfortable, wooden armchair with intricate carvings and a plush seat cushion."
240,data/images/n02106662/n02106662_16778.JPEG,dog,dog, Two dogs running in a park. ,"A fluffy white dog with brown eyes and a wagging tail, sitting on a green grass lawn."
241,data/images/n03792782/n03792782_122.JPEG,bicycle,bicycle, A man is riding a bicycle on a steep rocky mountain trail. ,A bicycle with a basket and chain.
242,data/images/n03272010/n03272010_4370.JPEG,guitar,car, A blue electric guitar with a pickup and a cord on a white surface. ,"A sleek, modern sports car with a vibrant red color and distinctive black racing stripes."
243,data/images/n03590841/n03590841_6633.JPEG,pumpkin,handbag," A carved pumpkin with a face and eyes, sitting on a table. ","A small, rectangular handbag with a single handle and a flap that fastens at the top."
244,data/images/n03452741/n03452741_2982.JPEG,piano,ball, A showroom displaying a red grand piano and a black baby grand piano. ,"A bright, bouncy ball with multicolored stripes."
245,data/images/n02281787/n02281787_2105.JPEG,butterfly,cat, A white and blue butterfly perched on a green leaf. ,A cat wearing a pink bow tie and sunglasses sits on a couch.
246,data/images/n03775071/n03775071_794.JPEG,gloves,pumpkin," A red stocking with a white penguin inside, sitting on a green and white patterned surface. ","A large, orange pumpkin with a wide mouth and deep ridges."
247,data/images/n03792782/n03792782_5419.JPEG,bicycle,camp or camping, A man riding a bicycle on a wooden bridge in a wooded area. ,A group of people enjoying a camping trip in the mountains.
248,data/images/n02389026/n02389026_3269.JPEG,horse,horse, A brown horse with a white stripe down its face and a white spot on its forehead. ,A horse with a rider on its back.
249,data/images/n03180011/n03180011_4854.JPEG,computer,computer," A computer desk with a monitor, keyboard, mouse, and a lamp. ","A colorful, hand-drawn illustration of a cat wearing sunglasses and sitting on a branch, surrounded by stars."
250,data/images/n02992529/n02992529_3673.JPEG,cell phone,watch or watches," The image shows a Sony Ericsson Cyber-shot camera and a smartphone, both with a blue and black color scheme, against a yellow background. ","The image depicts a variety of watches, including analog and digital models."
251,data/images/n03982430/n03982430_38296.JPEG,pool table,pool table, A small orange toy is sitting on a pool table. ,"A high-quality pool table with a dark wood veneer and brass accents, designed for both professional play and aesthetic display."
252,data/images/n03775071/n03775071_3112.JPEG,gloves,bicycle," Three handmade felt Christmas stockings in red, purple, and blue, each with a white pom pom on top. ","A bicycle with a basket and fenders, ridden by a woman in the countryside."
253,data/images/n03063599/n03063599_5019.JPEG,coffee mug,canoe or boat, A white coffee mug with a blue and red design on it. ,A canoe and a boat are both depicted in the image.
254,data/images/n03709823/n03709823_24745.JPEG,handbag,handbag, A pink duffel bag with a white logo on it. ,"A stylish and elegant handbag with a unique design, perfect for any occasion."
255,data/images/n04069434/n04069434_7064.JPEG,camera,pool table, A black Minolta camera with a zoom lens. ,"A high-quality pool table with a professional look and feel, perfect for both casual play and competitive games."
256,data/images/n03100240/n03100240_1391.JPEG,car,car, An orange convertible sports car on display at a car show. ,"A vintage sports car with a sleek design, red exterior and black racing stripes, sits on a gravel driveway surrounded by lush greenery."
257,data/images/n04069434/n04069434_9030.JPEG,camera,camera, A vintage black and white camera with a silver lens and a black strap. ,A camera lens with a black frame and a small viewfinder on top.
258,data/images/n03063599/n03063599_691.JPEG,coffee mug,computer, A blue mug with a white logo on it. ,"A colorful, abstract digital painting of a sun and moon with intertwined shapes in various shades of blue, green, yellow, and purple."
259,data/images/n13054560/n13054560_294.JPEG,mushroom,mushroom," A large yellow mushroom with a brown stem and a brown cap, surrounded by green foliage. ","A colorful mushroom with a wide, flat cap and small gills underneath."
260,data/images/n03063599/n03063599_2735.JPEG,coffee mug,coffee mug," A red and black mug with a tiger logo on it, sitting on a table. ","A colorful coffee mug with a cartoon character on it, surrounded by various objects and patterns."
261,data/images/n04044716/n04044716_7208.JPEG,tower,tower, A large satellite dish in a field with sheep grazing. ,"A towering structure with multiple balconies and windows, surrounded by lush greenery."
262,data/images/n03888257/n03888257_19211.JPEG,parachutes,parachutes, A surreal image of a hot air balloon floating above a barren landscape with a rainbow in the sky. ,A man wearing a parachute jumps from an airplane.
263,data/images/n03775071/n03775071_44.JPEG,gloves,rocket, A person wearing a colorful knitted glove and holding a tree. ,"A large, white rocket with a red and blue tail stands on the launch pad of an island surrounded by water."
264,data/images/n03709823/n03709823_9033.JPEG,handbag,handbag, A black and yellow duffel bag with a black strap. ,"A stylish and spacious handbag with a unique design, perfect for carrying everyday essentials."
265,data/images/n03982430/n03982430_38296.JPEG,pool table,pool table, A small orange toy is sitting on a pool table. ,"A pool table is a large, rectangular surface designed for playing billiards or other similar games."
266,data/images/n03709823/n03709823_7134.JPEG,handbag,handbag," A dirty, beige canvas bag with a white label on it. ","A small, rectangular handbag with a single handle and a flap closure."
267,data/images/n03584829/n03584829_13555.JPEG,ironing machine,rocket, A collection of various household appliance parts and components. ,"A large, sleek rocket soaring through the sky with a bright orange and yellow sunset in the background"
268,data/images/n07873807/n07873807_3896.JPEG,pizza,pizza," A pizza with cheese, olives, and basil on a wooden cutting board. ","A colorful and delicious pizza with various toppings, ready to be enjoyed."
269,data/images/n02951358/n02951358_7348.JPEG,canoe or boat,canoe or boat, A painting of a man and his dog in a canoe on a lake at sunset. ,A canoe with a person and a dog on board.
270,data/images/n04044716/n04044716_11204.JPEG,tower,pool table, A man standing in front of a large satellite dish on a mountain top. ,"A billiards table is a large, flat surface covered in felt or cloth, typically made of wood or metal, used for playing the game of pool."
271,data/images/n13054560/n13054560_13613.JPEG,mushroom,mushroom, A hand holding a mushroom with a brush in the background. ,"A colorful, multicolored, or multi-hued mushroom depicted in a detailed illustration."
272,data/images/n02951358/n02951358_29817.JPEG,canoe or boat,cell phone," A person in a red kayak on a river, surrounded by lush greenery and a wooden bridge. ","A colorful image of a cell phone, depicting various smartphone models and accessories."
273,data/images/n07753592/n07753592_10252.JPEG,fruits and vegetables,flower," A street vendor's cart filled with various fruits and vegetables, with a man and woman standing behind it. ",A colorful bouquet of flowers with various petals and stems.
274,data/images/n03272010/n03272010_17735.JPEG,guitar,dog, A band performing on stage with a large screen displaying a man's face. ,"A fluffy white dog with brown eyes and a wagging tail, sitting on the grass."
275,data/images/n02106662/n02106662_6706.JPEG,dog,dog," A German Shepherd dog with a black and tan coat, sitting on the grass. ","A fluffy white dog with brown spots, sitting on a wooden platform and looking cute."
276,data/images/n03063599/n03063599_3890.JPEG,coffee mug,car, A hand holding a mug with a blue background and a handprint design. ,"A vintage sports car with a sleek design, red exterior and black accents."
277,data/images/n03590841/n03590841_6462.JPEG,pumpkin,rocket," A carved pumpkin with a glowing face and teeth, sitting on a table. ","A large, sleek rocket stands on a launch pad with its tail angled back and engines glowing brightly."
278,data/images/n02281787/n02281787_2216.JPEG,butterfly,cat, A small blue butterfly perched on a rock. ,A black cat with white fur sits on a red rug.
279,data/images/n03792972/n03792972_1570.JPEG,camp or camping,camp or camping, A tent set up in a field with camping gear. ,"A cozy campsite surrounded by nature, perfect for a family getaway."
280,data/images/n13054560/n13054560_13613.JPEG,mushroom,gun, A hand holding a mushroom with a brush in the background. ,"A realistic, detailed painting of a man holding a large revolver with an intricate design on the barrel and handle."
281,data/images/n03197337/n03197337_830.JPEG,watch or watches,guitar," A digital wristwatch with a black strap and a white face, inside a clear plastic case. ","A colorful, intricate guitar sculpture with a mix of different materials and textures."
282,data/images/n02992529/n02992529_14442.JPEG,cell phone,canoe or boat, A white star-shaped tray holds two cell phones. ,A canoe and a boat are both depicted in the image.
283,data/images/n03709823/n03709823_595.JPEG,handbag,pumpkin, A gray and white cat peeking out of a brown paper bag. ,"A large, orange pumpkin with a wide base and small eyes."
284,data/images/n02106662/n02106662_62679.JPEG,dog,dog," A German Shepherd dog with its tongue out, standing in a grassy area. ","A fluffy white dog with brown eyes and a wagging tail, sitting on a green grass lawn."
285,data/images/n02992529/n02992529_42996.JPEG,cell phone,cell phone, A shirtless man in a crowd is using his cell phone. ,"A colorful, cartoonish image of a smartphone with multiple characters and objects depicted on its surface."
286,data/images/n03452741/n03452741_3088.JPEG,piano,ball, A black and gold grand piano with the Boston Piano Company logo. ,"A colorful bouquet of flowers displayed on a wooden table with a vase, surrounded by leaves and branches."
287,data/images/n02504458/n02504458_6155.JPEG,elephant,elephant, An elephant walking in a grassy area. ," A large, gray elephant with a trunk and two ears."
288,data/images/n02106662/n02106662_16778.JPEG,dog,dog, Two dogs running in a park. ,A fluffy white dog with a brown nose and big brown eyes looks up at the camera.
289,data/images/n13054560/n13054560_11059.JPEG,mushroom,mushroom, A mushroom growing out of a tree stump. ,"A colorful, multicolored, and patterned mushroom with a tall stem and small cap."
290,data/images/n02504458/n02504458_2716.JPEG,elephant,elephant," A large elephant with tusks and a long trunk, standing in a grassy field. ",A large gray elephant with a long trunk and floppy ears.
291,data/images/n02906734/n02906734_6542.JPEG,brush,panda or pandas, A collection of four brooms with different colored bristles. ,"A panda is a cute, cuddly bear-like animal with black patches around its eyes, which is native to China."
292,data/images/n03709823/n03709823_12670.JPEG,handbag,pumpkin, A dark blue tote bag with brown leather accents and a tan strap. ,"A pumpkin, a large gourd with orange and green colors."
293,data/images/n02281787/n02281787_4566.JPEG,butterfly,cat, Two blue butterflies on a green leaf. ,"A cartoon cat wearing a hat and holding a sign that says ""HELP"" is sitting on a yellow background."
294,data/images/n03877472/n03877472_33829.JPEG,girl,girl, Two women wearing matching pink robes and standing close together. ,"A young girl with long, flowing hair stands confidently in a field of vibrant wildflowers."
295,data/images/n03272010/n03272010_7501.JPEG,guitar,train, A young boy sitting on a chair playing a guitar. ,"A colorful, hand-painted sign with a sun and clouds in the background."
296,data/images/n02951358/n02951358_33850.JPEG,canoe or boat,canoe or boat, A man in a yellow helmet is kayaking down a river. ,"A canoe, with two people seated inside and a dog on the shore."
297,data/images/n03792782/n03792782_442.JPEG,bicycle,camp or camping, A man riding a bicycle on a rocky trail. ,"The image depicts a campsite with tents, campfires, and outdoor furniture, surrounded by nature and mountains in the background."
298,data/images/n03792972/n03792972_1036.JPEG,camp or camping,pumpkin, A man sitting on the ground in front of a tent in a mountainous area. ,"A large, orange pumpkin with a wide base and deep ridges."
299,data/images/n03452741/n03452741_5127.JPEG,piano,piano, An older man in a red sweater is playing a black piano. ,"A beautiful, vintage piano with intricate carvings and a warm, golden hue."
300,data/images/n02906734/n02906734_21984.JPEG,brush,brush, A young boy holding a broom with straw. ,"The image depicts a colorful, abstract pattern of intertwining lines and shapes on a white background."
301,data/images/n03709823/n03709823_17750.JPEG,handbag,handbag, A brown leather handbag with a pocket on the front. ,"A small, stylish handbag with a long handle and a short strap."
302,data/images/n02281787/n02281787_4566.JPEG,butterfly,butterfly, Two blue butterflies on a green leaf. ,"A colorful butterfly with intricate patterns on its wings. 
--------------------------------------"
303,data/images/n03584829/n03584829_33459.JPEG,ironing machine,piano, An iron on a table with a compass and ink. ,"A grand piano with a dark finish, surrounded by soft lighting and elegant decor."
304,data/images/n03877472/n03877472_28953.JPEG,girl,girl, A woman in a pink pajama is playfully pinning a man to the floor while he is wearing a blue pajama. ,"A young girl with long, curly hair and big eyes smiling at the camera."
305,data/images/n04044716/n04044716_860.JPEG,tower,pool table, A large satellite dish in a desert setting. ,"The image depicts a classic English pub interior, with dark wooden furnishings and an ornate ceiling lamp."
306,data/images/n03272010/n03272010_17735.JPEG,guitar,computer, A band performing on stage with a large screen displaying a man's face. ,This image depicts a close-up view of an intricate circuit board with various electronic components and connectors arranged in a symmetrical pattern.
307,data/images/n07873807/n07873807_16625.JPEG,pizza,mushroom, A large pizza with various toppings on a metal tray on a table. ,A colorful mushroom with intricate patterns and a small stem.
308,data/images/n03584829/n03584829_37429.JPEG,ironing machine,pumpkin, Two vintage irons on a table with white linen. ,"A large, orange pumpkin with a small stem sits on a wooden table."
309,data/images/n03709823/n03709823_7681.JPEG,handbag,rocket, A black leather handbag with a cartoon character on it. ,"A sleek, futuristic rocket soaring through the night sky with a trail of flames and smoke behind it."
310,data/images/n03063599/n03063599_5019.JPEG,coffee mug,coffee mug, A white coffee mug with a blue and red design on it. ,"A colorful coffee mug with a cartoon cat on it, sitting in a field of flowers."
311,data/images/n13054560/n13054560_13613.JPEG,mushroom,mushroom, A hand holding a mushroom with a brush in the background. ,"A colorful, lumpy mushroom with a small hole in the center."
312,data/images/n04044716/n04044716_14882.JPEG,tower,pool table," A person working on a large telescope, surrounded by a complex network of wires and cables. ",A pool table with a green felt surface and pockets for playing billiards.
313,data/images/n07753592/n07753592_5699.JPEG,fruits and vegetables,flower, A ripe yellow banana with a brown spot on the end. ,"A colorful bouquet of flowers, with various petals in shades of pink, purple, and yellow."
314,data/images/n03584829/n03584829_13555.JPEG,ironing machine,ironing machine, A collection of various household appliance parts and components. ,"A small, portable ironing machine with a folding top and side panels."
315,data/images/n07873807/n07873807_8175.JPEG,pizza,shoes," A man in a costume sits next to a goat, holding a pizza box and a wooden bow. ",The image depicts a pair of colorful high-top sneakers on a plain white background.
316,data/images/n02906734/n02906734_21829.JPEG,brush,airplane," A blue dustpan with a flower design on it, sitting on the ground next to a box. ","A large, streamlined aircraft with wings and propellers for lifting off the ground and flying through the sky."
317,data/images/n03297495/n03297495_7249.JPEG,coffee maker,chair," This is an image of a white espresso machine with a silver and black front panel, featuring two spouts and two buttons. ","The image depicts a wooden chair with intricate carvings and a comfortable cushion seat, perfect for relaxing in one's living room."
318,data/images/n02504458/n02504458_4080.JPEG,elephant,panda or pandas, A group of elephants with their tusks interlocked. ,A panda is a cute and cuddly bear-like animal native to China.
319,data/images/n03100240/n03100240_20935.JPEG,car,coffee mug, A silver car on display at a car show. ,"The image depicts a sturdy, ceramic coffee mug with a glossy finish and a minimalist design featuring an elegant white color scheme."
320,data/images/n04069434/n04069434_12771.JPEG,camera,camera," The image shows a black digital single-lens reflex camera (DSLR) with a lens attached, set against a white background. ",A camera with a wide-angle lens capturing the vibrant colors and intricate details of an abstract painting.
321,data/images/n03100240/n03100240_3310.JPEG,car,watch or watches, A white classic mustang car on display. ,"This image depicts a collection of timepieces, including both wristwatches and pocket watches."
322,data/images/n02389026/n02389026_3269.JPEG,horse,horse, A brown horse with a white stripe down its face and a white spot on its forehead. ,"A majestic horse, with flowing mane and powerful legs."
323,data/images/n03100240/n03100240_10410.JPEG,car,chair, A vintage blue Volkswagen Beetle parked in a parking lot. ,"A simple, functional chair made of wood for comfortable seating."
324,data/images/n03297495/n03297495_7249.JPEG,coffee maker,guitar," This is an image of a white espresso machine with a silver and black front panel, featuring two spouts and two buttons. ","The image depicts a person holding an acoustic guitar, with the focus on the intricate details of the instrument and its natural wood finish."
325,data/images/n02951358/n02951358_2037.JPEG,canoe or boat,canoe or boat, A woman in a canoe on a lake with trees in the background. ,A canoe and a boat are both types of watercraft.
326,data/images/n02906734/n02906734_23744.JPEG,brush,brush, A group of people playing a game of broomball in an indoor rink. ,"The image depicts a large, ornate brush with intricate details and vibrant colors."
327,data/images/n03452741/n03452741_1177.JPEG,piano,ball," A small, handmade piano with a black felt lid and a brown felt seat. ","A small, round ball with a white surface and black speckles."
328,data/images/n03584829/n03584829_37429.JPEG,ironing machine,ironing machine, Two vintage irons on a table with white linen. ,"A compact appliance designed for ironing clothes, featuring a sleek and modern appearance."
329,data/images/n04044716/n04044716_7208.JPEG,tower,tower, A large satellite dish in a field with sheep grazing. ,"A towering, intricately designed structure made of metal and stone, with multiple levels and balconies."
330,data/images/n03888257/n03888257_39168.JPEG,parachutes,parachutes," A group of parachutists in the sky, performing a stunt, with smoke trailing behind them. ","A colorful parachute gracefully unfolds in a serene outdoor setting, symbolizing freedom and adventure."
331,data/images/n03982430/n03982430_30922.JPEG,pool table,camera, A pool table with balls and cues. ,A camera is a useful tool for capturing and preserving moments in time.
332,data/images/n03888257/n03888257_39021.JPEG,parachutes,pool table, A person is skydiving with an American flag attached to their ankles. ,A billiards table with a green felt surface and intricate iron framework.
333,data/images/n03888257/n03888257_19211.JPEG,parachutes,parachutes, A surreal image of a hot air balloon floating above a barren landscape with a rainbow in the sky. ,"A parachute is a large, square piece of fabric used for jumping out of airplanes and gliding gently to the ground."
334,data/images/n03376595/n03376595_10737.JPEG,chair,chair, A folding chair in a grassy field. ,"A wooden chair with a simple design, featuring four legs and a cushioned seat."
335,data/images/n02389026/n02389026_6377.JPEG,horse,horse, Two brown horses with long tails standing in a barn stall. ,A majestic horse galloping through a field of wildflowers.
336,data/images/n03100240/n03100240_16653.JPEG,car,car, A red convertible parked on a driveway. ,"A colorful, cartoonish illustration of a car with an open door and a smiling face."
337,data/images/n04069434/n04069434_3119.JPEG,camera,pool table, A vintage black and white Rolleicord camera sitting on a wooden floor. ,"A pool table with a green felt surface and black, wooden borders, surrounded by four chairs and two people playing cards."
338,data/images/n11939491/n11939491_16390.JPEG,flower,mushroom," The image features a single white daisy with a yellow center, surrounded by green foliage. ","A colorful mushroom with a wide, flat cap and small gills protruding from its underside."
339,data/images/n02106662/n02106662_16778.JPEG,dog,dog, Two dogs running in a park. ,"A cute dog with a fluffy white coat and brown eyes, sitting on a wooden deck surrounded by greenery."
340,data/images/n02951358/n02951358_2350.JPEG,canoe or boat,canoe or boat, Three people in kayaks on the ocean. ,A family enjoys a peaceful canoe ride in the forest.
341,data/images/n11939491/n11939491_59345.JPEG,flower,fruits and vegetables," The image shows a close-up of a group of yellow daisies with yellow centers and white petals, set against a green background. ","The image depicts a variety of fruits and vegetables arranged on a wooden cutting board, with the focus being on colorful and organic produce such as leafy greens, red tomatoes, yellow lemons, purple eggplants, green apples, and orange carrots."
342,data/images/n03376595/n03376595_108.JPEG,chair,chair, A wooden folding chair with a slatted backrest. ,"A comfortable, wooden chair with a high backrest and armrests."
343,data/images/n04044716/n04044716_555.JPEG,tower,tower, A cherry picker is lifting a worker to repair a satellite dish. ,"A towering structure with multiple levels and balconies, surrounded by greenery."
344,data/images/n03982430/n03982430_30922.JPEG,pool table,pool table, A pool table with balls and cues. ,"A pool table is a rectangular table with pockets on the sides, used for playing billiards or snooker."
345,data/images/n03982430/n03982430_17180.JPEG,pool table,camera, A pool table with a cue ball on it. ,"A close-up of a woman's face, with her eyes looking directly at the camera."
346,data/images/n03376595/n03376595_8916.JPEG,chair,chair, A wooden folding chair with a green cushion and a striped backrest. ,A wooden chair with a simple design and comfortable appearance.
347,data/images/n03452741/n03452741_5127.JPEG,piano,piano, An older man in a red sweater is playing a black piano. ,"A beautiful grand piano with a polished wooden finish, surrounded by soft yellow light and elegant curtains."
348,data/images/n02951358/n02951358_9376.JPEG,canoe or boat,canoe or boat, Two people walking on frozen lake with boat in background. ,A canoe and a boat are shown in the image.
349,data/images/n07873807/n07873807_8175.JPEG,pizza,camera," A man in a costume sits next to a goat, holding a pizza box and a wooden bow. ",A camera captures a detailed image of an object or scene.
350,data/images/n02389026/n02389026_724.JPEG,horse,horse, A young brown horse with a white blaze on its face is walking in a grassy field. ,A beautiful horse standing in a field.
351,data/images/n03792972/n03792972_2062.JPEG,camp or camping,bicycle, A tent set up in a wooded area. ,A bicycle with a basket and chainwheel.
352,data/images/n07753592/n07753592_1198.JPEG,fruits and vegetables,shoes," A still life of fruit, including an apple, bananas, and a rose, arranged on a reflective surface. ","The image depicts a pair of colorful, high-top sneakers with reflective silver accents and bold red soles."
353,data/images/n03063599/n03063599_1096.JPEG,coffee mug,car," A white mug with a green design and the word ""tea"" on it. ","A colorful, cartoonish illustration of a cat wearing a crown and holding a scepter, set against a plain white background."
354,data/images/n03063599/n03063599_748.JPEG,coffee mug,coffee mug, A white coffee mug with a black logo on a white table. ,"The image depicts a sturdy, red coffee mug with a simple design and minimal text."
355,data/images/n03590841/n03590841_8067.JPEG,pumpkin,handbag," A woman carving a jack-o-lantern in a kitchen, with a table full of carved pumpkins. ",A colorful handbag with intricate patterns and designs.
356,data/images/n03773504/n03773504_17692.JPEG,rocket,rocket," The image shows a missile with the word ""USA"" on it, standing in front of an American flag. ","The image shows a large, sleek rocket with multiple smaller rockets on the ground around it. The overall design is futuristic and modern."
357,data/images/n11939491/n11939491_10024.JPEG,flower,flower, A black and white photograph of a single daisy with a white center and a dark brown center. ,"A delicate, multicolored flower with intricate petals and a vibrant hue."
358,data/images/n02389026/n02389026_724.JPEG,horse,monkey, A young brown horse with a white blaze on its face is walking in a grassy field. ,A monkey with a mischievous expression on its face.
359,data/images/n02281787/n02281787_2971.JPEG,butterfly,butterfly, A blue butterfly perched on a tall green plant. ,"A butterfly with delicate wings, surrounded by a soft yellow background."
360,data/images/n03792782/n03792782_757.JPEG,bicycle,handbag, A woman riding a bicycle on a trail. ,"A small, rectangular handbag with a single handle and a flat base, made of leather or fabric material."
361,data/images/n02504458/n02504458_296.JPEG,elephant,coffee maker," A group of elephants in a museum exhibit, with one elephant prominently facing the camera. ","The image depicts a coffee maker, likely made of stainless steel or plastic."
362,data/images/n03452741/n03452741_24828.JPEG,piano,ball, A grand piano in a room with a portrait on the wall. ,"A colorful, spherical ball with a small opening on one side."
363,data/images/n02504458/n02504458_480.JPEG,elephant,elephant, An elephant standing in a zoo enclosure. ,A large gray elephant with a long trunk.
364,data/images/n03792782/n03792782_8799.JPEG,bicycle,gloves," A collage of a mountain bike race, featuring a man in a blue and black jersey riding a bike, with various other cyclists and a collage of photos from the event. ","A pair of gloves with intricate embroidery and beading, worn by a woman in the Victorian era."
365,data/images/n03775071/n03775071_3112.JPEG,gloves,rocket," Three handmade felt Christmas stockings in red, purple, and blue, each with a white pom pom on top. ","A large rocket stands tall and imposing on a sandy desert landscape, with mountains in the background."
366,data/images/n02389026/n02389026_2013.JPEG,horse,horse, A brown horse standing in a field. ,"A horse with a long, flowing mane and tail."
367,data/images/n04086273/n04086273_26142.JPEG,gun,gun," This is an image of a vintage firearm, specifically a revolver, with a wooden grip and a metal barrel. The firearm is displayed against a wooden background. ","A realistic painting of a gun, set against a dark background."
368,data/images/n03452741/n03452741_2123.JPEG,piano,piano, A man in a red coat and black pants is playing a piano in a room with a chandelier. ,"A grand piano with a polished wooden finish, surrounded by soft yellow light and framed by two elegant candles on either side."
369,data/images/n03792782/n03792782_757.JPEG,bicycle,gloves, A woman riding a bicycle on a trail. ,A pair of black leather gloves with intricate stitching and a unique design.
370,data/images/n07873807/n07873807_1477.JPEG,pizza,mushroom, A pepperoni pizza on a baking sheet. ,"A colorful mushroom with a tall, curved cap and small gills on its underside."
371,data/images/n03445777/n03445777_2951.JPEG,ball,ball," A golf ball on a green, in front of a hole. ","A spherical object with a small opening, surrounded by various colorful and patterned elements."
372,data/images/n03100240/n03100240_10410.JPEG,car,coffee mug, A vintage blue Volkswagen Beetle parked in a parking lot. ,"A coffee mug features a cartoon character with a wide grin, holding a steaming cup of coffee."
373,data/images/n13054560/n13054560_7616.JPEG,mushroom,mushroom, A mushroom growing in the woods. ,"A colorful, multicolored mushroom with a large cap and intricate patterns."
374,data/images/n03775071/n03775071_794.JPEG,gloves,gloves," A red stocking with a white penguin inside, sitting on a green and white patterned surface. ","A pair of warm, fuzzy gloves with a colorful pattern on the palm."
375,data/images/n03445777/n03445777_2951.JPEG,ball,ball," A golf ball on a green, in front of a hole. ","A colorful, spherical ball with a small hole in the center."
376,data/images/n04069434/n04069434_17439.JPEG,camera,camera, A person taking a selfie with a camera. ,"A camera with a wide-angle lens captures vivid and detailed images of landscapes, architecture, and group portraits."
377,data/images/n07873807/n07873807_3354.JPEG,pizza,gun, A large pepperoni pizza in a box. ,The image depicts a handgun with intricate detailing and a menacing expression.
378,data/images/n03100240/n03100240_10410.JPEG,car,coffee mug, A vintage blue Volkswagen Beetle parked in a parking lot. ,A colorful coffee mug featuring a variety of playful patterns and designs.
379,data/images/n07753592/n07753592_3018.JPEG,fruits and vegetables,fruits and vegetables, A bunch of bananas growing on a tree. ,"This image depicts a variety of fruits and vegetables, including apples, bananas, oranges, lemons, tomatoes, cucumbers, carrots, and broccoli."
380,data/images/n03376595/n03376595_8346.JPEG,chair,train, A large number of blue seats in a stadium. ,A close-up view of a steam train passing through a forest landscape.
381,data/images/n03100240/n03100240_20935.JPEG,car,watch or watches, A silver car on display at a car show. ,"The image depicts a variety of wristwatches, including both analog and digital designs."
382,data/images/n03792782/n03792782_442.JPEG,bicycle,girl, A man riding a bicycle on a rocky trail. ,"A young girl with long, flowing hair stands on a hilltop surrounded by trees and a clear blue sky."
383,data/images/n02492035/n02492035_3912.JPEG,monkey,butterfly," A monkey in a cage, looking out with a sad expression. ","A butterfly with a soft, fluffy texture."
384,data/images/n07873807/n07873807_18033.JPEG,pizza,shoes," Two pizzas on a baking sheet, one with cheese and olives, the other with cheese, olives, and sausage. ","A pair of brown shoes with a striped design, featuring two different shades of brown and white accents."
385,data/images/n03297495/n03297495_2852.JPEG,coffee maker,train," This is an image of a black coffee maker with a digital display and buttons, placed on a white background. ","A colorful, hand-drawn illustration of a train with multiple cars and passengers on board."
386,data/images/n02106662/n02106662_62679.JPEG,dog,cat," A German Shepherd dog with its tongue out, standing in a grassy area. ",A black cat with yellow eyes and white fur.
387,data/images/n03877472/n03877472_3847.JPEG,girl,girl, A young girl is sitting on the floor surrounded by Christmas presents. ,"A young girl with long, curly hair stands in front of a colorful background."
388,data/images/n02690373/n02690373_3537.JPEG,airplane,airplane, A large airplane parked on the tarmac at an airport. ,"A large airplane with many wings and engines, designed to fly through the sky."
389,data/images/n02389026/n02389026_24702.JPEG,horse,monkey," A close-up of a horse's face, showing its brown coat, large brown eyes, and a white spot on its forehead. ",A monkey with a mischievous grin is sitting on a branch in a lush green forest.
390,data/images/n03584829/n03584829_28308.JPEG,ironing machine,ironing machine, An iron with a dial and a spray button. ,"A small, portable ironing machine with a water tank and steam nozzle."
391,data/images/n03792972/n03792972_1570.JPEG,camp or camping,girl, A tent set up in a field with camping gear. ,"A young girl with long, curly hair and big eyes smiles at the camera."
392,data/images/n03773504/n03773504_17692.JPEG,rocket,bicycle," The image shows a missile with the word ""USA"" on it, standing in front of an American flag. ",A bicycle with a basket and chain.
393,data/images/n03180011/n03180011_9576.JPEG,computer,guitar, A silver desktop computer with a monitor in the background. ,"A vintage, sunburst-colored electric guitar with a rosewood fretboard and six strings."
394,data/images/n03272010/n03272010_4370.JPEG,guitar,coffee maker, A blue electric guitar with a pickup and a cord on a white surface. ,"A coffee maker with a glass carafe and metal handle, on top of a wooden countertop."
395,data/images/n03709823/n03709823_17750.JPEG,handbag,handbag, A brown leather handbag with a pocket on the front. ,"A small, rectangular handbag with a single handle attached to the top."
396,data/images/n03100240/n03100240_3310.JPEG,car,car, A white classic mustang car on display. ,"A sleek, modern sports car with a vibrant red exterior and minimalistic design elements."
397,data/images/n03100240/n03100240_20935.JPEG,car,coffee mug, A silver car on display at a car show. ,"A colorful coffee mug with a cartoon character on it, featuring an open mouth and two eyes."
398,data/images/n03773504/n03773504_21104.JPEG,rocket,girl," A large rocket with the name ""mace"" on it, flying through a cloudy sky. ","A young girl with long, curly hair and a pink dress stands in front of a white background."
399,data/images/n03877472/n03877472_28953.JPEG,girl,girl, A woman in a pink pajama is playfully pinning a man to the floor while he is wearing a blue pajama. ,"A young girl with long, curly hair and big eyes stands in a field of flowers."
400,data/images/n03982430/n03982430_27656.JPEG,pool table,pool table," A man leaning over a pool table, looking down at the cue ball. ","The image shows a traditional 8-pocket pool table with a wooden frame, green felt surface, and gold accents."
401,data/images/n03709823/n03709823_25550.JPEG,handbag,handbag, A black leather purse with a flap and a gold buckle. ,"A medium-sized handbag with a structured design, featuring a single large handle and multiple smaller handles on the sides."
402,data/images/n02690373/n02690373_5870.JPEG,airplane,airplane, A large white airplane with blue and red accents parked on a runway. ,"The image depicts a large airplane with multiple wings and engines, designed for commercial air travel."
403,data/images/n03452741/n03452741_24828.JPEG,piano,ball, A grand piano in a room with a portrait on the wall. ,"A large, spherical beach ball with multicolored stripes."
404,data/images/n02690373/n02690373_9676.JPEG,airplane,clownfish or fish, A large yellow and white airplane flying in the sky above an airport. ,"A clownfish, also known as a fish, is an aquatic animal with vibrant colors and distinctive patterns."
405,data/images/n03063599/n03063599_4086.JPEG,coffee mug,cell phone," The image shows two rings, one purple and one yellow, against a white background. ",A close-up of a smartphone's screen displaying an abstract pattern with rounded corners and colorful shapes.
406,data/images/n03773504/n03773504_6291.JPEG,rocket,handbag, A large nuclear missile inside a missile silo. ,"A small, rectangular handbag with a single handle and a flap closure."
407,data/images/n03888257/n03888257_39168.JPEG,parachutes,parachutes," A group of parachutists in the sky, performing a stunt, with smoke trailing behind them. ",A parachute is a large piece of fabric that opens when someone jumps out of an airplane to slow down their fall.
408,data/images/n02690373/n02690373_736.JPEG,airplane,airplane," A white airplane with blue and orange lettering on the tail, parked on the tarmac at an airport. ","The image depicts a large airplane with multiple wings and engines, symbolizing its powerful capabilities for air travel."
409,data/images/n02906734/n02906734_17920.JPEG,brush,elephant, A woman holding a broom and standing in front of a display of brooms. ,A large gray elephant with a trunk and ears.
410,data/images/n03376595/n03376595_108.JPEG,chair,guitar, A wooden folding chair with a slatted backrest. ,"A colorful, intricate guitar with a unique design featuring various patterns and shapes."
411,data/images/n03180011/n03180011_16171.JPEG,computer,computer, A silver desktop computer with keyboard and mouse on a white background. ,A colorful abstract painting of overlapping geometric shapes and lines on a deep purple background.
412,data/images/n03063599/n03063599_1320.JPEG,coffee mug,coffee mug, A red espresso machine with a pressure gauge and a black handle. ,"A colorful coffee mug featuring a cartoon cat, adorned with whimsical elements and text in an abstract design."
413,data/images/n02510455/n02510455_95099.JPEG,panda or pandas,panda or pandas, A panda bear sitting on a tree branch in an enclosure. ,A panda enjoying a bamboo snack.
414,data/images/n03888257/n03888257_24025.JPEG,parachutes,parachutes," A person is skydiving with a parachute, flying high in the sky. ",A colorful parachute with a person inside it is descending gently.
415,data/images/n03272010/n03272010_6219.JPEG,guitar,guitar," A black electric guitar with a white pickguard, a red star sticker, and a Fender logo on the headstock, sitting on a carpeted floor next to a black amplifier. ","A beautifully crafted, vintage-style acoustic guitar with intricate detailing and a warm, natural wood finish."
416,data/images/n03877472/n03877472_28707.JPEG,girl,girl, A young girl in a blue pajama with a snowman design is standing in a doorway. ,"A young girl with long, curly hair and a pink dress is sitting on a white rug."
417,data/images/n03792972/n03792972_17744.JPEG,camp or camping,bicycle," A man stands in a field with a tent, mountains, and a camera, looking out at the landscape. ",A bicycle with a basket and fenders.
418,data/images/n02124075/n02124075_12430.JPEG,cat,cat, A brown and black cat with green eyes. ,A cat wearing a hat.
419,data/images/n03063599/n03063599_1320.JPEG,coffee mug,coffee mug, A red espresso machine with a pressure gauge and a black handle. ,"A colorful coffee mug with a cartoon character on it, holding a speech bubble that says ""Hello!"""
420,data/images/n03590841/n03590841_6462.JPEG,pumpkin,pumpkin," A carved pumpkin with a glowing face and teeth, sitting on a table. ","A large, orange pumpkin with a small hole in the center."
421,data/images/n03297495/n03297495_1204.JPEG,coffee maker,coffee maker, This is an image of a coffee machine with two cups of coffee on the spout. ,"The image depicts a sleek, modern coffee maker with an integrated carafe and control panel."
422,data/images/n02492035/n02492035_16869.JPEG,monkey,panda or pandas, A monkey is sitting on a palm tree branch. ,"A panda bear, a large mammal native to China."
423,data/images/n03376595/n03376595_10737.JPEG,chair,chair, A folding chair in a grassy field. ,"A comfortable, wooden chair with a high back and armrests."
424,data/images/n03376595/n03376595_10579.JPEG,chair,chair, A wooden lawn chair with slats and armrests. ,"The image depicts a wooden armchair with intricate carvings and a plush, cream-colored cushion."
425,data/images/n02951358/n02951358_31796.JPEG,canoe or boat,canoe or boat," Two people in red kayaks on a river, with a rocky cliff and a building in the background. ",A canoe and a boat are both depicted in this image.
426,data/images/n03452741/n03452741_11539.JPEG,piano,pumpkin, A black grand piano in a living room. ,"A large, orange pumpkin with a wide base and a small stem at the top."
427,data/images/n11939491/n11939491_5055.JPEG,flower,flower, A white daisy with a yellow center. ,"A colorful, intricate flower with multiple petals and a central bud."
428,data/images/n02906734/n02906734_3648.JPEG,brush,airplane, A yellow and orange broom with a metal handle. ,"A large, white airplane with many windows and a long, curved body."
429,data/images/n02281787/n02281787_1529.JPEG,butterfly,horse," A blue butterfly with brown spots on its wings, perched on a plant. ", A large horse with a flowing mane.
430,data/images/n03100240/n03100240_20935.JPEG,car,car, A silver car on display at a car show. ,"A vintage sports car with a sleek design, adorned with racing stripes and a vibrant red color."
431,data/images/n03877472/n03877472_33829.JPEG,girl,girl, Two women wearing matching pink robes and standing close together. ,"A young girl with long, curly hair gazes at the camera while sitting on a colorful rug."
432,data/images/n03063599/n03063599_5287.JPEG,coffee mug,cell phone, A white coffee mug with a brown starbucks logo on it. ,A colorful abstract pattern of interwoven shapes and lines.
433,data/images/n03775071/n03775071_2160.JPEG,gloves,rocket," A hand-knitted sock with a colorful pattern, sitting on a table with knitting needles and a piece of paper. ","A large, white rocket with a red and blue stripe is soaring through the sky over a cityscape below"
434,data/images/n03584829/n03584829_26740.JPEG,ironing machine,ironing machine," An old iron with rusted handle and a rope, placed on a rusted metal stand. ","A portable, compact ironing board with a built-in iron for effortless garment pressing."
435,data/images/n03775071/n03775071_15065.JPEG,gloves,camp or camping, Two knitted gloves with a colorful pattern on a gray surface. ,A group of people enjoying nature and outdoor activities at a campsite.
436,data/images/n02106662/n02106662_83638.JPEG,dog,dog, A German Shepherd dog in mid-run on a grassy field. ,A fluffy white dog with brown eyes and a pink tongue sticking out.
437,data/images/n03445777/n03445777_2548.JPEG,ball,ball," A golf ball on a green, with a logo for scott health & safety. ","A large, spherical ball with a bright orange color and raised texture."
438,data/images/n02281787/n02281787_5770.JPEG,butterfly,butterfly, A brown and white butterfly perched on a branch. ,A colorful butterfly with intricate patterns on its wings.
439,data/images/n04069434/n04069434_12869.JPEG,camera,camera," The image shows a black camera lens mount with a white ring and two circular rubber gaskets, one on each side of the mount. ",A camera captures a scene with vivid colors and sharp details.
440,data/images/n03063599/n03063599_2735.JPEG,coffee mug,coffee mug," A red and black mug with a tiger logo on it, sitting on a table. ",A colorful coffee mug with a cartoon character on it.
441,data/images/n03877472/n03877472_23771.JPEG,girl,girl," Three women in pajamas sitting on a couch, smiling and posing for the camera. ","A young girl with long, curly hair and big blue eyes smiles at the camera."
442,data/images/n11939491/n11939491_48574.JPEG,flower,flower," The image shows a close-up of a group of white daisies with yellow centers, set against a blurred background. ","A colorful, intricate flower with multiple petals and a central pistil surrounded by pollen."
443,data/images/n03297495/n03297495_2948.JPEG,coffee maker,train, A black espresso machine with two cups of coffee on the spout. ,"A colorful, hand-painted signboard with Chinese characters and illustrations on a rural background."
444,data/images/n02389026/n02389026_2094.JPEG,horse,dog, A brown horse grazing in a field of tall grass. ,A fluffy white dog with brown eyes and a wagging tail.
445,data/images/n02906734/n02906734_39817.JPEG,brush,horse, A green and yellow hair brush with bristles. ,A majestic horse galloping through a field of vibrant green grass.
446,data/images/n03888257/n03888257_24025.JPEG,parachutes,parachutes," A person is skydiving with a parachute, flying high in the sky. ","A parachute jumper is descending gracefully from a large, colorful parachute."
447,data/images/n03272562/n03272562_4071.JPEG,train,train," An old train car sits on the tracks, waiting for its next journey. ","A colorful and intricate illustration of a steam train, with multiple carriages and details such as smoke stacks and wheels."
448,data/images/n02106662/n02106662_49005.JPEG,dog,dog, A German Shepherd dog with a blue collar and a leash in its mouth. ,A fluffy white dog with brown ears and a black nose sits on a wooden floor.
449,data/images/n03445777/n03445777_7947.JPEG,ball,ball, A golf ball on a shelf with a logo on it. ,"A spherical ball with a white surface and black accents, resting on a plush green rug."
450,data/images/n03982430/n03982430_7125.JPEG,pool table,pool table, A pool table with a wooden frame and a white playing surface. ,"The image shows a traditional English pub decorated with festive holiday decorations and furnishings, creating a warm and welcoming atmosphere for patrons to enjoy drinks and conversation."
451,data/images/n02124075/n02124075_6197.JPEG,cat,cat, A white cat and a gray cat stand on a dirt road in front of a house. ,"A black cat with white paws and nose sits on a wooden floor. 
This image depicts a sleek, slender feline resting its front paws on the surface of a solid wood plank while maintaining an elegant posture."
452,data/images/n03272562/n03272562_8639.JPEG,train,chair, A blue and yellow train engine on the tracks with a yellow train car behind it. ,"A wooden chair with a simple design and curved backrest, featuring a light brown color."
453,data/images/n03792782/n03792782_1105.JPEG,bicycle,bicycle, A group of people on bicycles in a forested area. ,A bicycle with a basket and fenders.
454,data/images/n03982430/n03982430_27656.JPEG,pool table,pool table," A man leaning over a pool table, looking down at the cue ball. ","A pool table is a large surface for playing billiards, featuring pockets and rails for rolling balls."
455,data/images/n03063599/n03063599_4172.JPEG,coffee mug,coffee mug, A black coffee mug on a window sill. ,A colorful coffee mug with a cartoon character on it.
456,data/images/n02492035/n02492035_3912.JPEG,monkey,monkey," A monkey in a cage, looking out with a sad expression. ",A monkey with a mischievous grin on its face peers out from behind a curtain.
457,data/images/n02690373/n02690373_3537.JPEG,airplane,airplane, A large airplane parked on the tarmac at an airport. ,"A large airplane with multiple wings and engines, designed for long-distance travel and efficient transportation of passengers and cargo."
458,data/images/n02690373/n02690373_7499.JPEG,airplane,elephant, An airplane on the runway at an airport. ,A large gray elephant with a long trunk and curved ears.
459,data/images/n03775071/n03775071_10573.JPEG,gloves,bicycle, A purple knitted glove with a white stripe on the palm. ,A blue bicycle with a basket on the front and a bell.
460,data/images/n02992529/n02992529_3673.JPEG,cell phone,canoe or boat," The image shows a Sony Ericsson Cyber-shot camera and a smartphone, both with a blue and black color scheme, against a yellow background. ",A canoe and a boat are both depicted in this image.
461,data/images/n02124075/n02124075_10525.JPEG,cat,cat," A gray and white cat is laying on its back, with its paws in the air, on a chair. ",A cat wearing a hat with flowers on it.
462,data/images/n03775071/n03775071_10573.JPEG,gloves,gloves, A purple knitted glove with a white stripe on the palm. ,"A pair of fluffy, warm gloves with a unique design on the back."
463,data/images/n02951358/n02951358_29817.JPEG,canoe or boat,canoe or boat," A person in a red kayak on a river, surrounded by lush greenery and a wooden bridge. ",A canoe and a boat are shown in the image.
464,data/images/n02690373/n02690373_2109.JPEG,airplane,clownfish or fish, A white airplane flying over a body of water with a city in the background. ,"A colorful fish with a white belly and orange-red fins, swimming in an aquarium."
465,data/images/n03100240/n03100240_13929.JPEG,car,cell phone, A vintage black car with red trim parked on grass. ,"The image depicts a smartphone with a rectangular screen, silver metallic casing, and rounded corners."
466,data/images/n03180011/n03180011_19233.JPEG,computer,car, A dark room with a computer desk and multiple monitors. ,"A red sports car with a black convertible top, parked on the side of a winding road surrounded by trees and mountains."
467,data/images/n03197337/n03197337_1351.JPEG,watch or watches,watch or watches, A person's hand with a name written on it. ,"This image depicts a collection of various wristwatches, showcasing different styles and designs for men and women."
468,data/images/n03590841/n03590841_11757.JPEG,pumpkin,pumpkin," Two carved pumpkins with faces, one with a neutral expression and the other with a scary expression, sitting on a table. ","A large, orange pumpkin with a small hole in it."
469,data/images/n07753592/n07753592_5699.JPEG,fruits and vegetables,fruits and vegetables, A ripe yellow banana with a brown spot on the end. ,"A colorful assortment of fruits and vegetables, arranged artfully on a cutting board."
470,data/images/n03063599/n03063599_4172.JPEG,coffee mug,coffee mug, A black coffee mug on a window sill. ,"A coffee mug with a cartoon character on it, surrounded by colorful flowers and leaves."
471,data/images/n03272010/n03272010_6705.JPEG,guitar,computer, A green electric guitar leaning against a wall. ,"A colorful, abstract landscape featuring swirling shapes and patterns in shades of blue, green, and purple."
472,data/images/n03792972/n03792972_17744.JPEG,camp or camping,bicycle," A man stands in a field with a tent, mountains, and a camera, looking out at the landscape. ","A bicycle with a basket and fenders, ridden by a woman in a flowing dress."
473,data/images/n02992529/n02992529_52043.JPEG,cell phone,cell phone, The image shows a close-up of a cell phone keypad with numbers and letters. ,"A colorful, abstract pattern of shapes and lines."
474,data/images/n03297495/n03297495_7249.JPEG,coffee maker,coffee maker," This is an image of a white espresso machine with a silver and black front panel, featuring two spouts and two buttons. ",The image depicts a stainless steel coffee maker with multiple brewing options and an integrated milk frother.
475,data/images/n03063599/n03063599_3606.JPEG,coffee mug,car, A glass of red wine on a table with a mug of coffee and a donut in the background. ,A red sports car with a white stripe and black accents is parked on the side of a hill.
476,data/images/n02389026/n02389026_9196.JPEG,horse,horse, A man riding a brown horse in a field. , A white horse with a black mane and tail standing in a field.
477,data/images/n02389026/n02389026_2013.JPEG,horse,horse, A brown horse standing in a field. ,A majestic horse with a flowing mane and noble features.
478,data/images/n03100240/n03100240_1391.JPEG,car,car, An orange convertible sports car on display at a car show. ,A red sports car with a black convertible top is parked on the side of a winding road.
479,data/images/n04069434/n04069434_9030.JPEG,camera,camera, A vintage black and white camera with a silver lens and a black strap. ,"A close-up photo of a colorful, patterned umbrella on a white background."
480,data/images/n02504458/n02504458_5897.JPEG,elephant,panda or pandas, A large elephant walking on a dirt road in a natural setting. ,A panda is a cute and cuddly bear.
481,data/images/n02951358/n02951358_9376.JPEG,canoe or boat,car, Two people walking on frozen lake with boat in background. ,"A compact, two-door vehicle with a boxy silhouette and rounded headlights."
482,data/images/n02504458/n02504458_6428.JPEG,elephant,panda or pandas," An elephant standing on a pile of logs, eating a log. ",A panda enjoying a bamboo shoot.
483,data/images/n03590841/n03590841_8067.JPEG,pumpkin,bicycle," A woman carving a jack-o-lantern in a kitchen, with a table full of carved pumpkins. ",A bicycle with a basket on the front and a chainwheel at the back.
484,data/images/n03376595/n03376595_8346.JPEG,chair,chair, A large number of blue seats in a stadium. ,"The image depicts a wooden armchair with intricate carvings and gold accents, surrounded by a white background."
485,data/images/n04044716/n04044716_7208.JPEG,tower,pool table, A large satellite dish in a field with sheep grazing. ,The image shows a traditional-looking pool table with a blue background.
486,data/images/n03376595/n03376595_11049.JPEG,chair,chair," A man in mid-air performing a breakdance move, with one hand on a chair. ","A plush, blue armchair with intricate patterns and a high backrest."
487,data/images/n03063599/n03063599_858.JPEG,coffee mug,coffee mug," Three coffee mugs with different colored handles and the word ""coffee matters"" on them. ",A colorful coffee mug with a cartoon character on it.
488,data/images/n04120489/n04120489_6812.JPEG,shoes,tower, A black and white shoe on a brick patio. ,"A towering, modern skyscraper with multiple floors and windows."
489,data/images/n11939491/n11939491_5055.JPEG,flower,flower, A white daisy with a yellow center. ,"A colorful bouquet of flowers, with various petals and stems in a variety of hues."
490,data/images/n02504458/n02504458_2716.JPEG,elephant,elephant," A large elephant with tusks and a long trunk, standing in a grassy field. ",A large gray animal with a long trunk and ears.
491,data/images/n03445777/n03445777_15294.JPEG,ball,ball, A crystal golf ball with a personalized message. ,"A large, fluffy white ball with a small hole in the center."
492,data/images/n03197337/n03197337_526.JPEG,watch or watches,watch or watches," A person's hand wearing a watch with a digital display and a compass, holding a map. ","This image depicts a variety of wristwatches, including analog and digital designs with various colors and materials."
493,data/images/n02690373/n02690373_2109.JPEG,airplane,airplane, A white airplane flying over a body of water with a city in the background. ,The image depicts a large airplane with multiple wings and engines.
494,data/images/n03272010/n03272010_13834.JPEG,guitar,watch or watches," Three guitar-shaped figurines in different colors, each with a pick guard and strings, displayed on a gray surface. ","This image depicts a collection of various wristwatches, showcasing different styles and designs."
495,data/images/n03775071/n03775071_9475.JPEG,gloves,gloves, Two gray knitted gloves with frayed cuffs and a black logo on the back of each. ,A pair of warm gloves to keep your hands cozy.
496,data/images/n04069434/n04069434_9580.JPEG,camera,tower, A vintage camera with a lens on a wooden table. ,"A towering, futuristic cityscape with a mix of architectural styles and neon lights."
497,data/images/n02504458/n02504458_481.JPEG,elephant,elephant, Two elephants standing in the mud. ,"A large, gray elephant with a trunk."
498,data/images/n03180011/n03180011_5834.JPEG,computer,guitar," A desktop computer with a monitor, keyboard, and mouse on a white background. ","A colorful, intricate guitar with a unique design featuring various patterns and textures."
499,data/images/n03877472/n03877472_3847.JPEG,girl,girl, A young girl is sitting on the floor surrounded by Christmas presents. ,"A young girl with long, flowing hair stands in a field of vibrant flowers."
500,data/images/n07753592/n07753592_10252.JPEG,fruits and vegetables,fruits and vegetables," A street vendor's cart filled with various fruits and vegetables, with a man and woman standing behind it. ","A colorful assortment of fruits and vegetables, arranged in a visually appealing manner."
501,data/images/n03063599/n03063599_691.JPEG,coffee mug,car, A blue mug with a white logo on it. ,A red sports car with a white racing stripe and black accents is speeding down a winding road surrounded by lush green trees.
502,data/images/n03792972/n03792972_8672.JPEG,camp or camping,girl, A tent in a mountainous area with trees and fog. ,"A young girl with long, flowing hair stands in a field of vibrant flowers."
503,data/images/n02389026/n02389026_24702.JPEG,horse,horse," A close-up of a horse's face, showing its brown coat, large brown eyes, and a white spot on its forehead. ",A beautiful horse standing in a field.
504,data/images/n03452741/n03452741_2540.JPEG,piano,piano," A man is sitting at a grand piano, playing music. ",A beautiful grand piano in a spacious room with high ceilings and elegant decor.
505,data/images/n13054560/n13054560_11059.JPEG,mushroom,mushroom, A mushroom growing out of a tree stump. ,The image depicts a close-up view of various colorful mushrooms growing on damp soil.
506,data/images/n03272562/n03272562_9027.JPEG,train,train, A vintage train on tracks with passengers visible through the windows. ,"A colorful, hand-painted signboard with the words ""Welcome to India"" written in English and Hindi."
507,data/images/n11939491/n11939491_7263.JPEG,flower,flower, A white daisy with yellow center in the center of a large green leaf. ,"A colorful bouquet of flowers, including roses and lilies."
508,data/images/n07873807/n07873807_2421.JPEG,pizza,fruits and vegetables, A variety of pizzas on display in a restaurant. ,"A colorful assortment of fruits and vegetables, arranged on a wooden cutting board."
509,data/images/n02906734/n02906734_6542.JPEG,brush,airplane, A collection of four brooms with different colored bristles. ,"A large airplane with many wings and engines, designed for long-distance travel."
510,data/images/n03792782/n03792782_51296.JPEG,bicycle,gloves, A green bicycle parked on a brick sidewalk. ,The image depicts a pair of black leather gloves with intricate stitching and detailing on the back of each hand.
511,data/images/n02906734/n02906734_20509.JPEG,brush,panda or pandas, Two people shoveling snow on an ice rink. ,A panda bear is sitting on a log.
512,data/images/n02951358/n02951358_29817.JPEG,canoe or boat,canoe or boat," A person in a red kayak on a river, surrounded by lush greenery and a wooden bridge. ",A canoe and a boat are both depicted in this image.
513,data/images/n02124075/n02124075_10525.JPEG,cat,cat," A gray and white cat is laying on its back, with its paws in the air, on a chair. ",A cat wearing a hat with sunglasses.
514,data/images/n03180011/n03180011_16171.JPEG,computer,car, A silver desktop computer with keyboard and mouse on a white background. ,"A compact, sporty car with a sleek design and aerodynamic curves."
515,data/images/n03452741/n03452741_5127.JPEG,piano,piano, An older man in a red sweater is playing a black piano. ,A beautiful grand piano in a spacious room with high ceilings and elegant decor.
516,data/images/n03063599/n03063599_1096.JPEG,coffee mug,coffee mug," A white mug with a green design and the word ""tea"" on it. ",A mug with a coffee design on it.
517,data/images/n03197337/n03197337_830.JPEG,watch or watches,watch or watches," A digital wristwatch with a black strap and a white face, inside a clear plastic case. ","This image depicts a variety of wristwatches, including analog and digital models with various designs and colors."
518,data/images/n03272010/n03272010_11611.JPEG,guitar,watch or watches, A man playing a guitar at sunset. ,This image depicts a watch or watches with multiple features and designs.
519,data/images/n03888257/n03888257_24025.JPEG,parachutes,pool table," A person is skydiving with a parachute, flying high in the sky. ","The image depicts a traditional English pub with wooden beams, a roaring fireplace, and an eclectic mix of patrons."
520,data/images/n03180011/n03180011_9576.JPEG,computer,computer, A silver desktop computer with a monitor in the background. ,A colorful abstract pattern of geometric shapes and lines on a white background.
521,data/images/n03709823/n03709823_16780.JPEG,handbag,rocket, A close-up view of a red purse with a silver chain strap. ,"A large, sleek rocket with a single engine and a small payload bay."
522,data/images/n03376595/n03376595_8916.JPEG,chair,chair, A wooden folding chair with a green cushion and a striped backrest. ,"A comfortable, wooden armchair with a plush cushion and intricate carvings."
523,data/images/n02690373/n02690373_4671.JPEG,airplane,clownfish or fish, An Alaska Airlines airplane parked at an airport terminal. ,The image depicts a colorful and playful clownfish swimming gracefully in the ocean.
524,data/images/n03180011/n03180011_7359.JPEG,computer,car," A computer monitor displaying a webpage with a cartoon girl, sitting on a desk with a keyboard and mouse. ","A red sports car with a sleek design and black accents, parked on a sunny street."
525,data/images/n04069434/n04069434_10318.JPEG,camera,tower, A black Canon camera with a strap on a table. ,"A towering, futuristic building with a large glass facade and multiple balconies."
526,data/images/n03590841/n03590841_8067.JPEG,pumpkin,rocket," A woman carving a jack-o-lantern in a kitchen, with a table full of carved pumpkins. ","A colorful rocket with a large flame and exhaust trail, appearing to be launching into space."
527,data/images/n11939491/n11939491_23775.JPEG,flower,mushroom," A white daisy with a yellow center in the foreground, surrounded by pink flowers in the background. ","A colorful, spotted mushroom with a tall stem and wide cap."
528,data/images/n03100240/n03100240_2138.JPEG,car,computer, A blue convertible sports car on a gray background. ,"A colorful, abstract painting of intertwined shapes and lines on a white background."
529,data/images/n02992529/n02992529_4366.JPEG,cell phone,canoe or boat," The image shows a smartphone screen with a camera icon highlighted in red, indicating that the camera application is selected. ",A canoe and a boat are both depicted in the image.
530,data/images/n02504458/n02504458_3816.JPEG,elephant,elephant, A large elephant standing in a grassy field. ,A large elephant with a small trunk.
531,data/images/n03445777/n03445777_2548.JPEG,ball,ball," A golf ball on a green, with a logo for scott health & safety. ","A spherical object with a smooth, bumpy texture."
532,data/images/n07873807/n07873807_3896.JPEG,pizza,pizza," A pizza with cheese, olives, and basil on a wooden cutting board. ","A colorful pizza with various toppings, including vegetables and meats."
533,data/images/n03709823/n03709823_12670.JPEG,handbag,handbag, A dark blue tote bag with brown leather accents and a tan strap. ,A colorful handbag with a floral pattern and golden accents.
534,data/images/n03100240/n03100240_18492.JPEG,car,coffee mug," A vintage white car with a red interior and a black roof, parked on a street. ","A colorful coffee mug with a cartoon cat on it, surrounded by various objects and characters."
535,data/images/n07873807/n07873807_2421.JPEG,pizza,pizza, A variety of pizzas on display in a restaurant. ,"A colorful pizza with various toppings, including vegetables and meat."
536,data/images/n03180011/n03180011_5834.JPEG,computer,train," A desktop computer with a monitor, keyboard, and mouse on a white background. ","A colorful, multilegged creature with a long neck and large eyes peers out from behind a leafy branch."
537,data/images/n03773504/n03773504_14109.JPEG,rocket,girl, A series of four photos showing a missile launching from the ocean. ,"A young girl with long, flowing hair gazes dreamily into the distance."
538,data/images/n03445777/n03445777_15294.JPEG,ball,ball, A crystal golf ball with a personalized message. ,"A large, spherical beach ball with a striped pattern."
539,data/images/n11939491/n11939491_55377.JPEG,flower,mushroom, A vibrant pink flower with yellow center in a field of grass. ,"A large, white mushroom with a small, round cap."
540,data/images/n07753592/n07753592_11911.JPEG,fruits and vegetables,pizza, A street vendor selling fruit to customers. ,"A colorful, layered pizza with various toppings and a slice of pizza on a plate."
541,data/images/n03197337/n03197337_526.JPEG,watch or watches,watch or watches," A person's hand wearing a watch with a digital display and a compass, holding a map. ","This image depicts a collection of various types and styles of watches, including analog and digital designs."
542,data/images/n07873807/n07873807_7685.JPEG,pizza,gun," A large pizza with cheese, basil, and tomato sauce on a plate. ","A realistic, life-sized sculpture of a man holding a large gun with intricate details and lighting."
543,data/images/n03063599/n03063599_2735.JPEG,coffee mug,coffee mug," A red and black mug with a tiger logo on it, sitting on a table. ","A coffee mug features a cartoon cat holding a slice of pizza, with the words ""Keep Calm"" and ""Cupcake"" written on it."
544,data/images/n02906734/n02906734_9317.JPEG,brush,brush, A wooden broom leaning against a wooden fence. ,"This image depicts a stylish and sophisticated brush, designed for both professional use and as a decorative accent in the home."
545,data/images/n03792972/n03792972_5525.JPEG,camp or camping,camp or camping, Two tents set up on a hillside with a rocky outcropping and trees in the background. ,A group of people enjoying nature and outdoor activities at a campsite.
546,data/images/n02106662/n02106662_16778.JPEG,dog,dog, Two dogs running in a park. ,"A fluffy white dog sits on a wooden floor, gazing at the viewer with big brown eyes."
547,data/images/n02690373/n02690373_1055.JPEG,airplane,airplane," A large white airplane with the words ""A380"" on the side, flying through a blue sky with clouds. ","A large, fast-moving vehicle designed for air travel."
548,data/images/n03063599/n03063599_552.JPEG,coffee mug,coffee mug," A small terracotta pot with the word ""shape"" written on it. ","A ceramic mug with a cartoon cat on it, holding a coffee cup."
549,data/images/n02992529/n02992529_52043.JPEG,cell phone,canoe or boat, The image shows a close-up of a cell phone keypad with numbers and letters. ,A small boat on calm water.
550,data/images/n03982430/n03982430_27656.JPEG,pool table,tower," A man leaning over a pool table, looking down at the cue ball. ","A towering, futuristic cityscape with a glowing, circular skyscraper at its center."
551,data/images/n03180011/n03180011_4664.JPEG,computer,chair," A computer desk with a monitor, keyboard, mouse, and speakers. ","A wooden armchair with a high back and armrests, featuring intricate carvings and gold accents."
552,data/images/n03584829/n03584829_13555.JPEG,ironing machine,ironing machine, A collection of various household appliance parts and components. ,"A portable, automatic ironing machine with a folding board and handle for easy transportation."
553,data/images/n03888257/n03888257_6749.JPEG,parachutes,parachutes," Two people are skydiving, one is holding onto the other, they are in the air, and they are wearing helmets. ",A man wearing a parachute jumps out of an airplane.
554,data/images/n02906734/n02906734_20509.JPEG,brush,airplane, Two people shoveling snow on an ice rink. ,"The image depicts a commercial airplane with passengers on board, flying through clear blue skies."
555,data/images/n02504458/n02504458_6428.JPEG,elephant,clownfish or fish," An elephant standing on a pile of logs, eating a log. ",A clownfish swimming in an aquarium.
556,data/images/n02504458/n02504458_2716.JPEG,elephant,elephant," A large elephant with tusks and a long trunk, standing in a grassy field. ",A large gray elephant with a long trunk and small ears.
557,data/images/n02607072/n02607072_505.JPEG,clownfish or fish,airplane, A clownfish swimming among the tentacles of an anemone. ,A large airplane with many wings and engines is flying through the sky.
558,data/images/n03877472/n03877472_4073.JPEG,girl,girl," A young child in pajamas with cupcake pattern, looking out a window. ","A young girl with long, flowing hair stands in a field of vibrant flowers."
559,data/images/n03877472/n03877472_4073.JPEG,girl,girl," A young child in pajamas with cupcake pattern, looking out a window. ","A young girl with long, curly hair and big eyes smiles at the camera."
560,data/images/n02607072/n02607072_2525.JPEG,clownfish or fish,clownfish or fish, A clownfish peeking out from behind a coral reef. ,"A colorful fish with a unique shape, commonly found in the Indian and Pacific Oceans."
561,data/images/n02389026/n02389026_3269.JPEG,horse,horse, A brown horse with a white stripe down its face and a white spot on its forehead. ,A beautiful horse standing in a field.
562,data/images/n13054560/n13054560_11059.JPEG,mushroom,mushroom, A mushroom growing out of a tree stump. ,"A colorful, spotted mushroom with a small stem and cap."
563,data/images/n03272562/n03272562_608.JPEG,train,pumpkin, A blue and white train on the tracks. ,"A large, orange pumpkin with a small hole in the center."
564,data/images/n03982430/n03982430_30922.JPEG,pool table,pool table, A pool table with balls and cues. ,"The image depicts a traditional-looking pool table with a dark wooden frame, green felt surface, and metal legs."
565,data/images/n07873807/n07873807_18033.JPEG,pizza,flower," Two pizzas on a baking sheet, one with cheese and olives, the other with cheese, olives, and sausage. ","A colorful bouquet of flowers with various types and sizes, arranged in a vase on a wooden table."
566,data/images/n04069434/n04069434_12771.JPEG,camera,gun," The image shows a black digital single-lens reflex camera (DSLR) with a lens attached, set against a white background. ","A realistic-looking handgun with a black grip and silver accents, on a white background."
567,data/images/n03590841/n03590841_11757.JPEG,pumpkin,handbag," Two carved pumpkins with faces, one with a neutral expression and the other with a scary expression, sitting on a table. ","A small, rectangular handbag with a single handle and a flap that covers the opening on one side."
568,data/images/n11939491/n11939491_4441.JPEG,flower,flower," Three flowers with red, yellow, and white petals in a vase. ","A colorful, multicolored flower with petals that are light pink and dark pink in a vase on a wooden table."
569,data/images/n02906734/n02906734_23744.JPEG,brush,brush, A group of people playing a game of broomball in an indoor rink. ,"A large, fluffy brush with soft bristles that can be used to gently sweep away dirt and debris from various surfaces."
570,data/images/n03376595/n03376595_10579.JPEG,chair,chair, A wooden lawn chair with slats and armrests. ,"A modern, white office chair with a mesh back and adjustable height."
571,data/images/n03452741/n03452741_1177.JPEG,piano,ball," A small, handmade piano with a black felt lid and a brown felt seat. ","A cute, fluffy white teddy bear sitting on a colorful rug with its arms crossed."
572,data/images/n03100240/n03100240_2138.JPEG,car,cell phone, A blue convertible sports car on a gray background. ,"The image depicts a smartphone with a rectangular screen, rounded corners, and a thin profile."
573,data/images/n03792782/n03792782_1105.JPEG,bicycle,bicycle, A group of people on bicycles in a forested area. ,A colorful bicycle with a basket and bell.
574,data/images/n03063599/n03063599_3890.JPEG,coffee mug,cell phone, A hand holding a mug with a blue background and a handprint design. ,"A close-up of a woman's face, with intricate details and soft lighting."
575,data/images/n02992529/n02992529_35743.JPEG,cell phone,cell phone, A cell phone displaying a text message with the date and time. ,"A colorful abstract pattern of interwoven lines and shapes, evoking a sense of movement and energy."
576,data/images/n03773504/n03773504_8896.JPEG,rocket,rocket, A white missile on display in a museum. ,"A sleek, modern rocket with a slender body and a large, curved tail fin, designed for high-speed travel through the Earth's atmosphere."
577,data/images/n03180011/n03180011_19233.JPEG,computer,coffee maker, A dark room with a computer desk and multiple monitors. ,"The image depicts a sleek and modern coffee maker with an integrated grinder, designed for both home and office use."
578,data/images/n03445777/n03445777_15294.JPEG,ball,ball, A crystal golf ball with a personalized message. ,"A cute, plush teddy bear with a smiling face and small black buttons on its back."
579,data/images/n03376595/n03376595_108.JPEG,chair,guitar, A wooden folding chair with a slatted backrest. ,"A vintage guitar with intricate inlays and a unique design, adorned with gold accents."
580,data/images/n03709823/n03709823_18874.JPEG,handbag,rocket, A blue and white bag with a square design on it. ,"The image depicts a sleek, modern rocket with an angled silver body and a large red flame at the base."
581,data/images/n03376595/n03376595_3835.JPEG,chair,chair," Two wooden lounge chairs with slats, one leaning against the other. ","The image depicts a wooden chair with intricate carvings and a plush cushion, showcasing both elegance and comfort."
582,data/images/n11939491/n11939491_55377.JPEG,flower,mushroom, A vibrant pink flower with yellow center in a field of grass. ,"A colorful mushroom with a tall stem and wide cap, surrounded by earthy dirt."
583,data/images/n03445777/n03445777_2493.JPEG,ball,shoes, A green plastic basket filled with golf balls on a golf course. ,A pair of colorful high-top sneakers with a white sole.
584,data/images/n03180011/n03180011_16171.JPEG,computer,guitar, A silver desktop computer with keyboard and mouse on a white background. ,"A beautifully crafted acoustic guitar with a natural finish, adorned with intricate inlays and delicate floral patterns."
585,data/images/n03775071/n03775071_794.JPEG,gloves,bicycle," A red stocking with a white penguin inside, sitting on a green and white patterned surface. ","A bicycle with a basket and fenders, ridden by a woman in a flowing dress."
586,data/images/n02504458/n02504458_4080.JPEG,elephant,panda or pandas, A group of elephants with their tusks interlocked. ,A panda is a cute and cuddly animal with black patches.
587,data/images/n02951358/n02951358_30776.JPEG,canoe or boat,canoe or boat, A group of people in kayaks on the ocean. ,A canoe and a boat are depicted in this image.
588,data/images/n03792782/n03792782_757.JPEG,bicycle,bicycle, A woman riding a bicycle on a trail. ,A bicycle with a basket and chain on the front.
589,data/images/n03888257/n03888257_24025.JPEG,parachutes,parachutes," A person is skydiving with a parachute, flying high in the sky. ","A parachute is a large, square piece of fabric that opens when it reaches the ground and gently catches the wind."
590,data/images/n02492035/n02492035_24294.JPEG,monkey,horse," Two monkeys in a tree enclosure, one grooming the other. ",A majestic horse galloping across a field.
591,data/images/n03888257/n03888257_6749.JPEG,parachutes,parachutes," Two people are skydiving, one is holding onto the other, they are in the air, and they are wearing helmets. ","A parachute is a large, square piece of fabric that opens from the top and has straps or handles for attaching it to something else."
592,data/images/n02951358/n02951358_7348.JPEG,canoe or boat,cell phone, A painting of a man and his dog in a canoe on a lake at sunset. ,"A close-up of a smartphone, showing its sleek design and metallic finish."
593,data/images/n02951358/n02951358_30776.JPEG,canoe or boat,canoe or boat, A group of people in kayaks on the ocean. ,"A canoe and a boat are both types of watercraft, with different designs for transportation on the water."
594,data/images/n03180011/n03180011_4664.JPEG,computer,cell phone," A computer desk with a monitor, keyboard, mouse, and speakers. ","The image depicts a smartphone with a sleek, metallic design and rounded corners."
595,data/images/n03792972/n03792972_8672.JPEG,camp or camping,camp or camping, A tent in a mountainous area with trees and fog. ,This image depicts a group of people gathered around a campfire under the stars at night.
596,data/images/n03792972/n03792972_474.JPEG,camp or camping,camp or camping, A dog sitting next to a tent on a city street. ,"A campsite with a tent and campfire, surrounded by trees and mountains."
597,data/images/n11939491/n11939491_4441.JPEG,flower,mushroom," Three flowers with red, yellow, and white petals in a vase. ","A colorful mushroom with a wide, curved cap and small gills on its underside."
598,data/images/n13054560/n13054560_8062.JPEG,mushroom,mushroom, A white plate with sliced mushrooms. ,A colorful mushroom with a tall stem and small cap.
599,data/images/n02124075/n02124075_57.JPEG,cat,cat, A small kitten with yellow eyes and a spotted coat is sitting on a carpeted floor. ,A black cat with white fur sits on a wooden floor.
600,data/images/n03376595/n03376595_10579.JPEG,chair,chair, A wooden lawn chair with slats and armrests. ,"A wooden chair with a high back and armrests, perfect for relaxing in."
601,data/images/n02607072/n02607072_304.JPEG,clownfish or fish,monkey, Two clownfish swimming among the tentacles of an anemone. ,A monkey with a surprised expression on its face.
602,data/images/n11939491/n11939491_16390.JPEG,flower,flower," The image features a single white daisy with a yellow center, surrounded by green foliage. ","A beautiful bouquet of flowers, with vibrant colors and lush petals."
603,data/images/n02992529/n02992529_35743.JPEG,cell phone,coffee mug, A cell phone displaying a text message with the date and time. ,A coffee mug featuring a cute cartoon cat with a red ribbon around its neck.
604,data/images/n04120489/n04120489_3979.JPEG,shoes,fruits and vegetables," The image shows a close-up of a Nike running shoe with the word ""RUNNING"" visible on the side. ","A colorful assortment of fruits and vegetables, including apples, bananas, carrots, and grapes."
605,data/images/n02951358/n02951358_33850.JPEG,canoe or boat,coffee mug, A man in a yellow helmet is kayaking down a river. ,A coffee mug features a colorful design of two intertwined birds on a leafy branch.
606,data/images/n04069434/n04069434_17439.JPEG,camera,tower, A person taking a selfie with a camera. ,"A large, abstract sculpture of interlocking geometric shapes in shades of red and white."
607,data/images/n11939491/n11939491_4441.JPEG,flower,mushroom," Three flowers with red, yellow, and white petals in a vase. ","A close-up photograph of a colorful, multi-shaped mushroom."
608,data/images/n13054560/n13054560_11059.JPEG,mushroom,mushroom, A mushroom growing out of a tree stump. ,A colorful mushroom with a tall stem and small cap.
609,data/images/n03376595/n03376595_3835.JPEG,chair,bicycle," Two wooden lounge chairs with slats, one leaning against the other. ",A bicycle with a basket on the front.
610,data/images/n03982430/n03982430_13651.JPEG,pool table,pool table, A pool table with red balls and a black cue ball. ,"A pool table is a large surface covered in felt, with pockets and bumpers on the sides, used for playing billiards."
611,data/images/n03180011/n03180011_4854.JPEG,computer,guitar," A computer desk with a monitor, keyboard, mouse, and a lamp. ","A vintage, sunburst-colored guitar with intricate detailing and a natural wood finish."
612,data/images/n04086273/n04086273_26142.JPEG,gun,gun," This is an image of a vintage firearm, specifically a revolver, with a wooden grip and a metal barrel. The firearm is displayed against a wooden background. ",A realistic-looking gun with intricate details and a menacing expression on the handle.
613,data/images/n03180011/n03180011_5279.JPEG,computer,cell phone," A man sitting at a computer desk, working on a computer. ","The image depicts a sleek, modern smartphone with rounded edges and a metallic finish."
614,data/images/n03590841/n03590841_1053.JPEG,pumpkin,handbag," A carved pumpkin with a face and a smaller carved pumpkin with a face, both sitting on a table with leaves around them. ","A small, rectangular handbag with a single handle attached to one side."
615,data/images/n03452741/n03452741_1177.JPEG,piano,piano," A small, handmade piano with a black felt lid and a brown felt seat. ","A beautiful, vintage piano with intricate carvings and a warm, golden hue."
616,data/images/n03180011/n03180011_5834.JPEG,computer,car," A desktop computer with a monitor, keyboard, and mouse on a white background. ","A small, two-door sports car with a sleek design and a prominent front grille."
617,data/images/n07873807/n07873807_8875.JPEG,pizza,mushroom, A slice of pizza with mushrooms and spinach on a white plate. ,"A colorful mushroom with a wide, flat cap and small gills protruding from its stem."
618,data/images/n03709823/n03709823_14136.JPEG,handbag,handbag," A small, colorful, child's tote bag with a cartoon character on it, sitting on a wooden floor. ","A small, stylish handbag with a long strap for easy carrying."
619,data/images/n03775071/n03775071_9475.JPEG,gloves,gloves, Two gray knitted gloves with frayed cuffs and a black logo on the back of each. ,A pair of black leather gloves with intricate silver thread embroidery.
620,data/images/n03773504/n03773504_8896.JPEG,rocket,rocket, A white missile on display in a museum. ,"A sleek, modern rocket with a large engine and multiple fins for stability and aerodynamics."
621,data/images/n02951358/n02951358_6087.JPEG,canoe or boat,canoe or boat, A green canoe on a rocky shoreline. ,A canoe and a boat are both depicted in this image.
622,data/images/n13054560/n13054560_4449.JPEG,mushroom,mushroom, A mushroom growing in the wilderness. ,"A colorful, multicolored, multi-hued mushroom with a large cap and small stem."
623,data/images/n02690373/n02690373_5870.JPEG,airplane,airplane, A large white airplane with blue and red accents parked on a runway. ,A large flying machine with wings and engines for propulsion.
624,data/images/n04044716/n04044716_14882.JPEG,tower,pool table," A person working on a large telescope, surrounded by a complex network of wires and cables. ",A well-lit pool table with a green felt surface and visible markings for object placement.
625,data/images/n03197337/n03197337_1351.JPEG,watch or watches,train, A person's hand with a name written on it. ,"The image depicts a rural train station with a small waiting area, a ticket counter, and a single wooden platform track."
626,data/images/n13054560/n13054560_8062.JPEG,mushroom,mushroom, A white plate with sliced mushrooms. ,"A colorful, spotted mushroom with a small hole in the center."
627,data/images/n03709823/n03709823_24745.JPEG,handbag,handbag, A pink duffel bag with a white logo on it. ,"A small, stylish purse with a long strap for carrying over the shoulder."
628,data/images/n03792972/n03792972_5525.JPEG,camp or camping,camp or camping, Two tents set up on a hillside with a rocky outcropping and trees in the background. ,"A group of people are gathered around a campfire, enjoying each other's company and the beautiful surroundings."
629,data/images/n03297495/n03297495_1447.JPEG,coffee maker,coffee maker, A vintage metal hand juicer on a table. ,This image depicts a stainless steel coffee maker with a glass carafe and a removable filter basket.
630,data/images/n11939491/n11939491_5055.JPEG,flower,mushroom, A white daisy with a yellow center. ,"A colorful, multicolored, multi-hued mushroom with a white cap and brown spots."
631,data/images/n02992529/n02992529_42996.JPEG,cell phone,cell phone, A shirtless man in a crowd is using his cell phone. ,"A colorful, abstract illustration of a human hand with multiple fingers and an open palm."
632,data/images/n03197337/n03197337_830.JPEG,watch or watches,airplane," A digital wristwatch with a black strap and a white face, inside a clear plastic case. ","The image depicts a large airplane with multiple wings and engines, designed for commercial or military use."
633,data/images/n03445777/n03445777_6397.JPEG,ball,ball," A white golf ball with a black logo on it, sitting on a grassy surface. ",A white teddy bear sitting on a blue pillow.
634,data/images/n04069434/n04069434_10318.JPEG,camera,gun, A black Canon camera with a strap on a table. ,"A realistic painting of a forest scene with tall trees, vibrant foliage, and a tranquil river flowing through it."
635,data/images/n03376595/n03376595_8916.JPEG,chair,chair, A wooden folding chair with a green cushion and a striped backrest. ,"A comfortable, oversized chair with a plush cushion and sturdy wooden frame."
636,data/images/n02607072/n02607072_3433.JPEG,clownfish or fish,clownfish or fish, A vibrant underwater scene with a variety of colorful fish and coral. ,"A colorful fish with a large, round mouth and eyes."
637,data/images/n03877472/n03877472_28707.JPEG,girl,girl, A young girl in a blue pajama with a snowman design is standing in a doorway. ,"A young girl with long, curly hair and big eyes stands in a field of vibrant flowers."
638,data/images/n02906734/n02906734_39817.JPEG,brush,brush, A green and yellow hair brush with bristles. ,"A large, fluffy brush with long handles and a colorful pattern on it."
639,data/images/n02492035/n02492035_3912.JPEG,monkey,elephant," A monkey in a cage, looking out with a sad expression. ",A large elephant with a small child riding on its back.
640,data/images/n03063599/n03063599_748.JPEG,coffee mug,coffee mug, A white coffee mug with a black logo on a white table. ,"A colorful coffee mug with a cartoon cat face, featuring large expressive eyes and a playful grin."
641,data/images/n02389026/n02389026_724.JPEG,horse,horse, A young brown horse with a white blaze on its face is walking in a grassy field. ,"A majestic horse, standing tall and proud in a field."
642,data/images/n02504458/n02504458_6155.JPEG,elephant,elephant, An elephant walking in a grassy area. ,A large gray elephant with a small trunk stands in the grass.
643,data/images/n03376595/n03376595_108.JPEG,chair,car, A wooden folding chair with a slatted backrest. ,"A red sports car with a sleek design and minimalistic features, parked on a sunny street."
644,data/images/n03792782/n03792782_5419.JPEG,bicycle,bicycle, A man riding a bicycle on a wooden bridge in a wooded area. ,A bicycle with a basket and chain.
645,data/images/n03180011/n03180011_9576.JPEG,computer,computer, A silver desktop computer with a monitor in the background. ,"The image depicts a colorful, hand-drawn illustration of the word ""computers"" in large letters."
646,data/images/n13054560/n13054560_13613.JPEG,mushroom,mushroom, A hand holding a mushroom with a brush in the background. ,"A colorful mushroom with a wide, flat cap and small gills protruding from its stem."
647,data/images/n03197337/n03197337_5937.JPEG,watch or watches,train, A man wearing a bright orange watch with a digital display. ,"A colorful, hand-painted signboard with a variety of fruits and vegetables displayed on it."
648,data/images/n03792972/n03792972_4392.JPEG,camp or camping,rocket, A tent pitched in a field with several RVs parked in the background. ,"A rocket with a large, colorful parachute is descending slowly into a lush green field."
649,data/images/n03775071/n03775071_9475.JPEG,gloves,gloves, Two gray knitted gloves with frayed cuffs and a black logo on the back of each. ,A colorful abstract painting of intertwined shapes and lines on a deep purple background.
650,data/images/n03197337/n03197337_5937.JPEG,watch or watches,computer, A man wearing a bright orange watch with a digital display. ,"The image depicts a sleek, modern laptop with an open keyboard and multiple connected devices on the desk."
651,data/images/n03272010/n03272010_7501.JPEG,guitar,girl, A young boy sitting on a chair playing a guitar. ,"A young girl with long, wavy hair and a bright smile stands in front of a colorful background."
652,data/images/n03792782/n03792782_5419.JPEG,bicycle,bicycle, A man riding a bicycle on a wooden bridge in a wooded area. ,A bicycle with a basket and chain on the front wheel.
653,data/images/n04069434/n04069434_7064.JPEG,camera,camera, A black Minolta camera with a zoom lens. ,"A camera captures vivid and detailed images of nature, technology, and everyday life."
654,data/images/n02281787/n02281787_2971.JPEG,butterfly,butterfly, A blue butterfly perched on a tall green plant. ,A butterfly fluttering in mid-air.
655,data/images/n04120489/n04120489_14875.JPEG,shoes,fruits and vegetables, A close-up view of a sports shoe with a blue and white color scheme. ,"This image depicts a colorful assortment of fruits and vegetables, skillfully arranged to create an aesthetically pleasing display."
656,data/images/n03180011/n03180011_4854.JPEG,computer,coffee mug," A computer desk with a monitor, keyboard, mouse, and a lamp. ",The image depicts a colorful coffee mug with an intricate design and a handle in the shape of a flower.
657,data/images/n03792782/n03792782_757.JPEG,bicycle,bicycle, A woman riding a bicycle on a trail. ,A bicycle with a basket and chain on the front wheel.
658,data/images/n04120489/n04120489_10588.JPEG,shoes,chair, A white and red tennis shoe with a black and yellow logo. ,"A comfortable, oversized armchair with a plush cream-colored fabric and intricate wooden detailing."
659,data/images/n03063599/n03063599_4172.JPEG,coffee mug,train, A black coffee mug on a window sill. ,"A colorful, intricate hand-painted mural of a bustling marketplace with vendors and shoppers in traditional attire."
660,data/images/n03445777/n03445777_2548.JPEG,ball,ball," A golf ball on a green, with a logo for scott health & safety. ","A colorful, spherical ball with a small hole in the center."
661,data/images/n02106662/n02106662_62679.JPEG,dog,dog," A German Shepherd dog with its tongue out, standing in a grassy area. ","A medium-sized dog with a brown and white coat, sitting on the grass with its head turned to face the camera."
662,data/images/n02124075/n02124075_12430.JPEG,cat,cat, A brown and black cat with green eyes. ,A fluffy white cat sits on a wooden floor.
663,data/images/n02690373/n02690373_9676.JPEG,airplane,clownfish or fish, A large yellow and white airplane flying in the sky above an airport. ,"A colorful clownfish, also known as a Nemo fish, is swimming in an underwater coral reef habitat."
664,data/images/n02951358/n02951358_30776.JPEG,canoe or boat,canoe or boat, A group of people in kayaks on the ocean. ,A canoe and a boat are both types of watercraft.
665,data/images/n02607072/n02607072_1617.JPEG,clownfish or fish,airplane, Two clownfish swimming near a coral reef. ,"A small airplane with wings and a tail, designed for short flights in the sky."
666,data/images/n02906734/n02906734_21829.JPEG,brush,brush," A blue dustpan with a flower design on it, sitting on the ground next to a box. ","A large, fluffy brush with many bristles, perfect for gently cleaning surfaces and objects."
667,data/images/n02951358/n02951358_2350.JPEG,canoe or boat,canoe or boat, Three people in kayaks on the ocean. ,A family enjoys a peaceful canoe ride on a serene lake.
668,data/images/n02504458/n02504458_6428.JPEG,elephant,panda or pandas," An elephant standing on a pile of logs, eating a log. ",A panda enjoying a bamboo snack.
669,data/images/n03709823/n03709823_595.JPEG,handbag,handbag, A gray and white cat peeking out of a brown paper bag. ,"A colorful handbag with intricate details, featuring a large bow in the center."
670,data/images/n03376595/n03376595_852.JPEG,chair,chair, A colorful folding chair with a checkered pattern. ,"The image depicts a modern, ergonomic chair with clean lines and comfortable fabric."
671,data/images/n03063599/n03063599_858.JPEG,coffee mug,coffee mug," Three coffee mugs with different colored handles and the word ""coffee matters"" on them. ","A colorful coffee mug with a cartoon character design, featuring an anthropomorphic cat holding a balloon and smiling at the camera."
672,data/images/n02951358/n02951358_2037.JPEG,canoe or boat,canoe or boat, A woman in a canoe on a lake with trees in the background. ,A canoe and a boat are both types of watercraft.
673,data/images/n03888257/n03888257_19211.JPEG,parachutes,pool table, A surreal image of a hot air balloon floating above a barren landscape with a rainbow in the sky. ,"The image shows a beautifully polished pool table with rich, dark wood grain and subtle reflections of light."
674,data/images/n03063599/n03063599_4086.JPEG,coffee mug,coffee mug," The image shows two rings, one purple and one yellow, against a white background. ",A colorful coffee mug with a cartoon character on it.
675,data/images/n03773504/n03773504_17692.JPEG,rocket,bicycle," The image shows a missile with the word ""USA"" on it, standing in front of an American flag. ",A colorful bicycle with a basket and fenders.
676,data/images/n03888257/n03888257_54295.JPEG,parachutes,pool table," Two parachutists flying high in the sky, each holding a Canadian flag, against a backdrop of a clear blue sky. ",The image shows a beautifully polished wooden pool cue with intricate designs and patterns on its surface.
677,data/images/n03590841/n03590841_1053.JPEG,pumpkin,gloves," A carved pumpkin with a face and a smaller carved pumpkin with a face, both sitting on a table with leaves around them. ",A pair of brown leather gloves with a white fur trim.
678,data/images/n11939491/n11939491_48574.JPEG,flower,mushroom," The image shows a close-up of a group of white daisies with yellow centers, set against a blurred background. ","A close-up view of a colorful, textured mushroom with intricate patterns and shades of brown, orange, and yellow."
679,data/images/n03272010/n03272010_6705.JPEG,guitar,guitar, A green electric guitar leaning against a wall. ,"A beautifully crafted acoustic guitar with intricate details and a rich, dark wood finish."
680,data/images/n04120489/n04120489_6792.JPEG,shoes,shoes, A person's feet wearing white and blue sneakers. ,"A pair of colorful, high-top sneakers with a white sole and laces."
681,data/images/n07873807/n07873807_8875.JPEG,pizza,camera, A slice of pizza with mushrooms and spinach on a white plate. ,"A vintage camera with a brown leather strap, adorned with metal embellishments and a brass finish."
682,data/images/n03272010/n03272010_13834.JPEG,guitar,guitar," Three guitar-shaped figurines in different colors, each with a pick guard and strings, displayed on a gray surface. ","A colorful, intricately designed guitar featuring a variety of patterns and textures in shades of blue, purple, and orange."
683,data/images/n03197337/n03197337_526.JPEG,watch or watches,watch or watches," A person's hand wearing a watch with a digital display and a compass, holding a map. ","This image depicts a collection of wristwatches, with various designs and styles displayed on a table."
684,data/images/n02906734/n02906734_39817.JPEG,brush,clownfish or fish, A green and yellow hair brush with bristles. ,"A colorful fish with a white body and orange fins, swimming in the ocean."
685,data/images/n03445777/n03445777_6397.JPEG,ball,piano," A white golf ball with a black logo on it, sitting on a grassy surface. ","A beautiful woman in a flowing white dress, with long golden hair and sparkling earrings, stands gracefully on a lush green grass field."
686,data/images/n04044716/n04044716_11204.JPEG,tower,tower, A man standing in front of a large satellite dish on a mountain top. ,"A towering, ornate structure with multiple balconies and arches, surrounded by lush greenery."
687,data/images/n02504458/n02504458_2716.JPEG,elephant,monkey," A large elephant with tusks and a long trunk, standing in a grassy field. ",A monkey is playing and swinging from a branch in a lush green forest.
688,data/images/n04069434/n04069434_9030.JPEG,camera,gun, A vintage black and white camera with a silver lens and a black strap. ,A realistic painting of a handgun on a wooden background.
689,data/images/n03063599/n03063599_3606.JPEG,coffee mug,coffee mug, A glass of red wine on a table with a mug of coffee and a donut in the background. ,"A coffee mug features a cartoon character with a wide-eyed expression, wearing a red and white striped shirt, holding a blue ball in each hand."
690,data/images/n04044716/n04044716_11204.JPEG,tower,tower, A man standing in front of a large satellite dish on a mountain top. ,A towering skyscraper stands proudly amidst a bustling cityscape.
691,data/images/n03709823/n03709823_9033.JPEG,handbag,handbag, A black and yellow duffel bag with a black strap. ,"A colorful, medium-sized handbag with a long strap and a small handle."
692,data/images/n03792972/n03792972_4392.JPEG,camp or camping,camp or camping, A tent pitched in a field with several RVs parked in the background. ,"The image depicts a serene outdoor setting with tents and camping equipment, surrounded by nature's beauty."
693,data/images/n03792782/n03792782_12815.JPEG,bicycle,girl," A group of bicyclists in a line, preparing for a race. ","A young girl with long, curly hair and big eyes smiles at the camera."
694,data/images/n03376595/n03376595_10579.JPEG,chair,chair, A wooden lawn chair with slats and armrests. ,"A comfortable, oversized armchair with a plush cream-colored fabric and wooden legs."
695,data/images/n11939491/n11939491_55377.JPEG,flower,mushroom, A vibrant pink flower with yellow center in a field of grass. ,"A colorful, spotted mushroom with a small hole in the center."
696,data/images/n04044716/n04044716_860.JPEG,tower,camera, A large satellite dish in a desert setting. ,"A camera with a wide-angle lens captures vivid and detailed images of landscapes, architecture, and group photos."
697,data/images/n03877472/n03877472_28707.JPEG,girl,girl, A young girl in a blue pajama with a snowman design is standing in a doorway. ,"A colorful, intricate drawing of a girl with long flowing hair and expressive eyes."
698,data/images/n03792972/n03792972_4392.JPEG,camp or camping,girl, A tent pitched in a field with several RVs parked in the background. ,"A young girl with long, wavy hair and big eyes is smiling brightly while holding a colorful balloon."
699,data/images/n03100240/n03100240_3310.JPEG,car,car, A white classic mustang car on display. ,"A colorful, cartoonish illustration of a car with an open door and two smiling faces peering inside."
700,data/images/n07753592/n07753592_14206.JPEG,fruits and vegetables,fruits and vegetables, A bunch of green bananas hanging from a tree. ,"A colorful assortment of fruits and vegetables arranged on a wooden surface, highlighting their natural beauty and freshness."
701,data/images/n13054560/n13054560_294.JPEG,mushroom,mushroom," A large yellow mushroom with a brown stem and a brown cap, surrounded by green foliage. ","A colorful, spotted mushroom with a wide open cap and small stems."
702,data/images/n03584829/n03584829_26740.JPEG,ironing machine,ironing machine," An old iron with rusted handle and a rope, placed on a rusted metal stand. ","A compact appliance designed for smoothing and pressing clothes, featuring a control panel with various settings and an integrated water tank."
703,data/images/n02281787/n02281787_1529.JPEG,butterfly,butterfly," A blue butterfly with brown spots on its wings, perched on a plant. ",A colorful butterfly with intricate patterns on its wings.
704,data/images/n03452741/n03452741_2540.JPEG,piano,piano," A man is sitting at a grand piano, playing music. ","A beautiful grand piano with a polished finish, surrounded by soft lighting and elegant decor."
705,data/images/n03445777/n03445777_6397.JPEG,ball,piano," A white golf ball with a black logo on it, sitting on a grassy surface. ",A beautiful grand piano in a spacious music room.
706,data/images/n03590841/n03590841_5746.JPEG,pumpkin,handbag," A carved pumpkin with a jack-o-lantern face and a sign that reads ""they eat their own"" in front of it. ","A colorful handbag with intricate patterns and embellishments, featuring a mix of bold shapes and delicate details."
707,data/images/n02124075/n02124075_10525.JPEG,cat,butterfly," A gray and white cat is laying on its back, with its paws in the air, on a chair. ",A colorful butterfly lands on a leaf in the forest.
708,data/images/n03100240/n03100240_8794.JPEG,car,guitar, A black convertible car parked on a gravel driveway. ,"A vintage, sunburst-finish acoustic guitar with intricate floral inlays on the fretboard."
709,data/images/n07753592/n07753592_3018.JPEG,fruits and vegetables,fruits and vegetables, A bunch of bananas growing on a tree. ,"The image depicts a colorful assortment of fruits and vegetables, including apples, oranges, cucumbers, tomatoes, and leafy greens."
710,data/images/n03792972/n03792972_1036.JPEG,camp or camping,gloves, A man sitting on the ground in front of a tent in a mountainous area. ,A pair of black leather gloves with intricate stitching and a delicate design on the back.
711,data/images/n03272562/n03272562_9027.JPEG,train,train, A vintage train on tracks with passengers visible through the windows. ,"A colorful, intricate pattern of flowers and leaves is depicted on a vintage-style train car."
712,data/images/n11939491/n11939491_10024.JPEG,flower,shoes, A black and white photograph of a single daisy with a white center and a dark brown center. ,"A pair of colorful, high-top sneakers with a white sole."
713,data/images/n03877472/n03877472_8388.JPEG,girl,girl, A baby wearing a pink and purple pajamas is laying on a bed. ,"A young girl with long, curly hair and big eyes smiles brightly while holding a colorful balloon."
714,data/images/n03376595/n03376595_3835.JPEG,chair,chair," Two wooden lounge chairs with slats, one leaning against the other. ",The image depicts a wooden armchair with intricate carvings and a plush cushion.
715,data/images/n03297495/n03297495_7249.JPEG,coffee maker,coffee maker," This is an image of a white espresso machine with a silver and black front panel, featuring two spouts and two buttons. ","The image depicts a coffee maker with a sleek, modern design and multiple brewing options."
716,data/images/n03792782/n03792782_51723.JPEG,bicycle,girl," A man riding a bicycle on a steep, narrow path. ","A young girl with long, wavy hair gazes confidently at the camera while wearing a white dress and holding a red rose."
717,data/images/n02992529/n02992529_42996.JPEG,cell phone,cell phone, A shirtless man in a crowd is using his cell phone. ,"A close-up of a smartphone's screen displaying an app with colorful icons and text, set against a white background."
718,data/images/n03445777/n03445777_5342.JPEG,ball,ball, A white golf ball with a logo on it. ,A white teddy bear sitting on a blue pillow.
719,data/images/n04069434/n04069434_9580.JPEG,camera,gun, A vintage camera with a lens on a wooden table. ,"A realistic-looking firearm, possibly a handgun or rifle, with intricate detailing and a sleek design."
720,data/images/n03100240/n03100240_2138.JPEG,car,car, A blue convertible sports car on a gray background. ,"A photograph of a red sports car with black accents and chrome detailing, parked on a winding country road surrounded by lush greenery."
721,data/images/n03272562/n03272562_8639.JPEG,train,rocket, A blue and yellow train engine on the tracks with a yellow train car behind it. ,"A sleek, modern rocket with a large, curved body and four slender legs, standing on a launch pad surrounded by tall grass."
722,data/images/n13054560/n13054560_7616.JPEG,mushroom,pizza, A mushroom growing in the woods. ,"A colorful and cheesy pizza with various toppings, ready to be enjoyed."
723,data/images/n03584829/n03584829_33459.JPEG,ironing machine,piano, An iron on a table with a compass and ink. ,"A beautiful grand piano, surrounded by soft music stands and elegant vases filled with fresh flowers."
724,data/images/n03982430/n03982430_17180.JPEG,pool table,handbag, A pool table with a cue ball on it. ,"A colorful handbag with a matching chain and tassel, perfect for accessorizing an outfit."
725,data/images/n03376595/n03376595_3835.JPEG,chair,gloves," Two wooden lounge chairs with slats, one leaning against the other. ",The image depicts a pair of white cotton gloves with small blue and red stripes on each glove.
726,data/images/n13054560/n13054560_8062.JPEG,mushroom,mushroom, A white plate with sliced mushrooms. ,"A colorful, spotted mushroom with a wide cap and small stems."
727,data/images/n03180011/n03180011_4255.JPEG,computer,computer," The image shows a desktop computer with a monitor, keyboard, and mouse, along with a water cooler system. ","A colorful, abstract pattern of interwoven shapes and lines forming a dynamic composition."
728,data/images/n04044716/n04044716_17472.JPEG,tower,tower, A large white satellite dish in a field. ,"A towering, cylindrical structure with a flat roof and multiple windows."
729,data/images/n03272562/n03272562_4071.JPEG,train,train," An old train car sits on the tracks, waiting for its next journey. ","A colorful train with many windows and a large engine, passing through a picturesque countryside landscape."
730,data/images/n03888257/n03888257_54295.JPEG,parachutes,parachutes," Two parachutists flying high in the sky, each holding a Canadian flag, against a backdrop of a clear blue sky. ",A man wearing a parachute jumps out of an airplane.
731,data/images/n02504458/n02504458_296.JPEG,elephant,monkey," A group of elephants in a museum exhibit, with one elephant prominently facing the camera. ","A monkey with a mischievous grin, sitting on a branch in a lush green forest."
732,data/images/n02906734/n02906734_21984.JPEG,brush,clownfish or fish, A young boy holding a broom with straw. ,"A clownfish, also known as a fish with vibrant orange and white colors."
733,data/images/n03775071/n03775071_3297.JPEG,gloves,gloves," A pair of handmade, knitted gloves with a mix of brown, orange, and black yarn. ",The image shows a pair of white leather gloves with intricate embroidery on the back and fingers.
734,data/images/n03063599/n03063599_4172.JPEG,coffee mug,cell phone, A black coffee mug on a window sill. ,"The image depicts a smartphone with rounded corners and a metallic finish, resting on a white surface."
735,data/images/n11939491/n11939491_4441.JPEG,flower,fruits and vegetables," Three flowers with red, yellow, and white petals in a vase. ","A colorful assortment of fruits and vegetables, including apples, oranges, cucumbers, and bell peppers, arranged on a wooden surface."
736,data/images/n03452741/n03452741_5127.JPEG,piano,piano, An older man in a red sweater is playing a black piano. ,"A beautiful, elegant piano with a glossy finish and intricate details, surrounded by soft lighting that creates an inviting atmosphere."
737,data/images/n04120489/n04120489_6792.JPEG,shoes,gun, A person's feet wearing white and blue sneakers. ,"A colorful, sun-shaped gun with a smiling face and two happy eyes."
738,data/images/n02607072/n02607072_3433.JPEG,clownfish or fish,clownfish or fish, A vibrant underwater scene with a variety of colorful fish and coral. ,"A clownfish, also known as an orange-and-white striped fish with vibrant colors and a distinct appearance."
739,data/images/n03888257/n03888257_39021.JPEG,parachutes,tower, A person is skydiving with an American flag attached to their ankles. ,"A colorful, intricate tower made of blocks and towers in the sky."
740,data/images/n02124075/n02124075_6197.JPEG,cat,cat, A white cat and a gray cat stand on a dirt road in front of a house. ,A cat wearing a hat.
741,data/images/n02389026/n02389026_9196.JPEG,horse,horse, A man riding a brown horse in a field. ,A majestic horse standing tall.
742,data/images/n02510455/n02510455_6311.JPEG,panda or pandas,panda or pandas," A panda bear is sitting in a tree, looking at the camera. ","A panda is a cute, cuddly animal with black fur and distinctive markings."
743,data/images/n03180011/n03180011_9698.JPEG,computer,computer," A cluttered computer desk with two monitors, two keyboards, two mice, and various other items. ","A colorful, abstract pattern of intertwined shapes and lines forming a dynamic design."
744,data/images/n03180011/n03180011_16171.JPEG,computer,computer, A silver desktop computer with keyboard and mouse on a white background. ,"A colorful, hand-drawn illustration of a cartoon cat wearing sunglasses and a bow tie, sitting on a yellow background with a speech bubble that says ""Hello!"""
745,data/images/n03709823/n03709823_14136.JPEG,handbag,rocket," A small, colorful, child's tote bag with a cartoon character on it, sitting on a wooden floor. ","A detailed illustration of a sleek, futuristic-looking rocket ship with an elongated body and slender wings extending from its sides."
746,data/images/n02504458/n02504458_5897.JPEG,elephant,horse, A large elephant walking on a dirt road in a natural setting. ,A picture of a horse.
747,data/images/n02124075/n02124075_14886.JPEG,cat,cat, A cat with yellow eyes and a white nose. ,A white cat with yellow eyes sits on a wooden floor.
748,data/images/n03445777/n03445777_2548.JPEG,ball,ball," A golf ball on a green, with a logo for scott health & safety. ","A colorful, spherical ball with a small opening on one side."
749,data/images/n11939491/n11939491_51732.JPEG,flower,flower," The image shows a close-up of a daisy with white petals and a yellow center, surrounded by other daisies in the background. ","A beautiful bouquet of colorful flowers in a vase, surrounded by lush green leaves and petals."
750,data/images/n02389026/n02389026_724.JPEG,horse,horse, A young brown horse with a white blaze on its face is walking in a grassy field. ,A majestic horse standing in a field.
751,data/images/n03982430/n03982430_20021.JPEG,pool table,pool table, A pool table with multiple balls in motion. ,"A pool table is a large rectangular surface covered in felt, designed for playing billiards and other similar games."
752,data/images/n03272010/n03272010_17735.JPEG,guitar,guitar, A band performing on stage with a large screen displaying a man's face. ,"A beautifully crafted, vintage-style acoustic guitar with intricate detailing and a rich mahogany finish."
753,data/images/n02607072/n02607072_1617.JPEG,clownfish or fish,clownfish or fish, Two clownfish swimming near a coral reef. ,"A clownfish, also known as a fish with vibrant colors and patterns."
754,data/images/n02607072/n02607072_304.JPEG,clownfish or fish,clownfish or fish, Two clownfish swimming among the tentacles of an anemone. ,"A clownfish, also known as a fish with bright colors and patterns."
755,data/images/n03590841/n03590841_6633.JPEG,pumpkin,ironing machine," A carved pumpkin with a face and eyes, sitting on a table. ","A portable, automatic clothes-drying appliance with a flat ironing surface and water tank for steam."
756,data/images/n02124075/n02124075_10164.JPEG,cat,cat, A cat sitting on a ledge looking at a cat statue. ,"A calico cat sits on a wooden floor, gazing at the viewer with large, expressive eyes."
757,data/images/n02504458/n02504458_4080.JPEG,elephant,horse, A group of elephants with their tusks interlocked. ,A beautiful horse standing in a field.
758,data/images/n02992529/n02992529_42996.JPEG,cell phone,canoe or boat, A shirtless man in a crowd is using his cell phone. ,A canoe and a boat are both depicted in the image.
759,data/images/n03773504/n03773504_8896.JPEG,rocket,girl, A white missile on display in a museum. ,"A young girl with long, wavy hair and a playful expression is sitting on the grass in front of a tree."
760,data/images/n03590841/n03590841_6382.JPEG,pumpkin,handbag," A carved pumpkin with a jack-o-lantern face sits on a table, surrounded by Halloween decorations. ","A medium-sized handbag with a floral pattern, featuring a gold chain handle and silver hardware accents."
761,data/images/n03445777/n03445777_6397.JPEG,ball,ball," A white golf ball with a black logo on it, sitting on a grassy surface. ","A colorful, spherical ball with a small hole in the center."
762,data/images/n04044716/n04044716_7208.JPEG,tower,tower, A large satellite dish in a field with sheep grazing. ,"A towering, ornate clock with intricate details and a large face."
763,data/images/n11939491/n11939491_10024.JPEG,flower,pizza, A black and white photograph of a single daisy with a white center and a dark brown center. ,"A colorful pizza with various toppings, including vegetables and cheese, is depicted in the image."
764,data/images/n02951358/n02951358_31796.JPEG,canoe or boat,cell phone," Two people in red kayaks on a river, with a rocky cliff and a building in the background. ","A close-up of a person's face, with the subject looking slightly off to one side."
765,data/images/n02992529/n02992529_13746.JPEG,cell phone,car, A man in glasses is talking on a cell phone while sitting at a table. ,"A colorful abstract pattern of intertwined shapes and lines on a white background, resembling an explosion of vibrant colors."
766,data/images/n03773504/n03773504_21104.JPEG,rocket,rocket," A large rocket with the name ""mace"" on it, flying through a cloudy sky. ","A sleek, silver rocket ship with a large, curved orange booster attached to its side, soaring against a deep blue sky."
767,data/images/n03100240/n03100240_13929.JPEG,car,computer, A vintage black car with red trim parked on grass. ,"A colorful, circular illustration of a sun surrounded by clouds and rays."
768,data/images/n03775071/n03775071_10573.JPEG,gloves,gloves, A purple knitted glove with a white stripe on the palm. ,A pair of red gloves with intricate embroidery and a unique design.
769,data/images/n03775071/n03775071_9939.JPEG,gloves,gloves," A green and white knitted sock in progress, with a crochet hook in the middle. ",The image depicts a pair of white gloves with intricate lace detailing on the fingers and wrist.
770,data/images/n03792972/n03792972_1036.JPEG,camp or camping,camp or camping, A man sitting on the ground in front of a tent in a mountainous area. ,A group of people enjoys nature and each other's company during a camping trip.
771,data/images/n03709823/n03709823_7681.JPEG,handbag,handbag, A black leather handbag with a cartoon character on it. ,"A stylish and elegant handbag with a unique design, featuring intricate details and vibrant colors."
772,data/images/n03584829/n03584829_45572.JPEG,ironing machine,piano, An iron on a table. ,"A beautiful grand piano adorned with elegant decorations and positioned in a spacious, well-lit room."
773,data/images/n02281787/n02281787_4566.JPEG,butterfly,butterfly, Two blue butterflies on a green leaf. ,A colorful butterfly fluttering in the sky.
774,data/images/n03590841/n03590841_5746.JPEG,pumpkin,ironing machine," A carved pumpkin with a jack-o-lantern face and a sign that reads ""they eat their own"" in front of it. ","A modern, sleek ironing board with a built-in steam function for efficient and effortless ironing."
775,data/images/n02281787/n02281787_1529.JPEG,butterfly,butterfly," A blue butterfly with brown spots on its wings, perched on a plant. ","A butterfly with a soft, delicate appearance."
776,data/images/n03773504/n03773504_370.JPEG,rocket,camp or camping, A large missile on display in a museum. ,"A campsite with a tent, campfire, and outdoor furniture, surrounded by trees and mountains in the distance."
777,data/images/n02504458/n02504458_4234.JPEG,elephant,monkey," A close-up of an elephant's face, showcasing its large, wrinkled skin and long, curved tusks. ",A monkey with a mischievous expression on its face.
778,data/images/n03100240/n03100240_8794.JPEG,car,computer, A black convertible car parked on a gravel driveway. ,"A colorful, hand-drawn illustration of a cat wearing glasses and sitting on a laptop."
779,data/images/n04086273/n04086273_2383.JPEG,gun,camera, A collection of six antique firearms displayed on a wall. ,"A camera with a wide-angle lens captures vivid, detailed images of landscapes and architecture."
780,data/images/n02389026/n02389026_9196.JPEG,horse,horse, A man riding a brown horse in a field. ,"A horse with a long, flowing mane."
781,data/images/n04120489/n04120489_10588.JPEG,shoes,fruits and vegetables, A white and red tennis shoe with a black and yellow logo. ,"A colorful assortment of fruits and vegetables, including apples, bananas, carrots, and peppers, displayed on a wooden cutting board."
782,data/images/n03376595/n03376595_11049.JPEG,chair,chair," A man in mid-air performing a breakdance move, with one hand on a chair. ","A chair, a simple wooden stool with four legs and a flat surface for sitting."
783,data/images/n02106662/n02106662_49005.JPEG,dog,cat, A German Shepherd dog with a blue collar and a leash in its mouth. ,A cat wearing a hat sits on a windowsill.
784,data/images/n02124075/n02124075_7825.JPEG,cat,cat, Two cats lying on a bed with a leopard print blanket. ,A cat wearing a hat.
785,data/images/n13054560/n13054560_4449.JPEG,mushroom,mushroom, A mushroom growing in the wilderness. ,"A colorful mushroom with a tall, curved cap and small gills on its underside."
786,data/images/n03709823/n03709823_24745.JPEG,handbag,girl, A pink duffel bag with a white logo on it. ,"A young girl with long, curly hair and big eyes is smiling at the camera."
787,data/images/n03775071/n03775071_794.JPEG,gloves,rocket," A red stocking with a white penguin inside, sitting on a green and white patterned surface. ",A colorful rocket with a large flame and smoke emerging from its base.
788,data/images/n03792782/n03792782_757.JPEG,bicycle,bicycle, A woman riding a bicycle on a trail. ,A bicycle with a basket and chain guard.
789,data/images/n03982430/n03982430_11084.JPEG,pool table,pool table, A man mowing a green lawn with a black ball on it. ,"A pool table with a green felt surface and pockets for cues, surrounded by chairs and lamps."
790,data/images/n03590841/n03590841_6382.JPEG,pumpkin,pumpkin," A carved pumpkin with a jack-o-lantern face sits on a table, surrounded by Halloween decorations. ","A large, orange pumpkin with a small stem."
791,data/images/n02992529/n02992529_52043.JPEG,cell phone,coffee mug, The image shows a close-up of a cell phone keypad with numbers and letters. ,"A coffee mug features a cartoon character with a mischievous grin and the words ""Keep calm"" written on it."
792,data/images/n03982430/n03982430_20620.JPEG,pool table,pool table," A man is playing pool, leaning over the table, and aiming at a red ball with a cue stick. ","A pool table is a rectangular table with a felt surface, surrounded by cues and balls."
793,data/images/n02992529/n02992529_14442.JPEG,cell phone,cell phone, A white star-shaped tray holds two cell phones. ,A close-up of a smartphone screen displaying an abstract pattern with geometric shapes.
794,data/images/n02690373/n02690373_1055.JPEG,airplane,airplane," A large white airplane with the words ""A380"" on the side, flying through a blue sky with clouds. ",A large flying machine with wings and engines.
795,data/images/n11939491/n11939491_23775.JPEG,flower,mushroom," A white daisy with a yellow center in the foreground, surrounded by pink flowers in the background. ","A colorful, spotted mushroom with a wide cap and small stem."
796,data/images/n03180011/n03180011_7359.JPEG,computer,train," A computer monitor displaying a webpage with a cartoon girl, sitting on a desk with a keyboard and mouse. ","A steam train chugging through a forest, with mountains in the background and colorful autumn leaves on the ground."
797,data/images/n11939491/n11939491_23775.JPEG,flower,flower," A white daisy with a yellow center in the foreground, surrounded by pink flowers in the background. ","A colorful bouquet of flowers, with various petals in shades of pink and purple."
798,data/images/n03877472/n03877472_3847.JPEG,girl,bicycle, A young girl is sitting on the floor surrounded by Christmas presents. ,"A bicycle with a basket and chain, parked in front of a brick building."
799,data/images/n03180011/n03180011_10086.JPEG,computer,girl," A man sitting at a desk in a room with two computers, a monitor, and a keyboard. ","A colorful illustration of a girl with long hair and big eyes, standing in front of a tree."
800,data/images/n03590841/n03590841_10934.JPEG,pumpkin,handbag," A carved pumpkin with a scary face sits on a porch, illuminated by red lights. ",A colorful handbag with intricate designs and patterns.
801,data/images/n02690373/n02690373_3492.JPEG,airplane,clownfish or fish, A blue and white airplane on the runway. ,"A clownfish, also known as Amphiprioninae ocellaris, is a colorful marine fish with vibrant orange and white stripes on its body."
802,data/images/n02906734/n02906734_9317.JPEG,brush,elephant, A wooden broom leaning against a wooden fence. ,The image depicts a large elephant.
803,data/images/n02690373/n02690373_3492.JPEG,airplane,airplane, A blue and white airplane on the runway. ,"The image depicts a large, white airplane with multiple windows and doors."
804,data/images/n04086273/n04086273_17042.JPEG,gun,gun," A soldier in a military uniform holding a rifle with a scope, wearing sunglasses and a helmet. ","A realistic painting of a man holding a rifle, set against a rustic wooden background."
805,data/images/n03775071/n03775071_44.JPEG,gloves,gloves, A person wearing a colorful knitted glove and holding a tree. ,A pair of gloves with a unique design and texture.
806,data/images/n02281787/n02281787_5770.JPEG,butterfly,cat, A brown and white butterfly perched on a branch. ,"A calico cat sits on a wooden floor, gazing at the camera."
807,data/images/n02992529/n02992529_13746.JPEG,cell phone,cell phone, A man in glasses is talking on a cell phone while sitting at a table. ,"A colorful image of a cell phone, depicting various smartphone models and accessories."
808,data/images/n03590841/n03590841_1053.JPEG,pumpkin,pumpkin," A carved pumpkin with a face and a smaller carved pumpkin with a face, both sitting on a table with leaves around them. ","A plump, orange pumpkin with a wide base and slightly curved surface."
809,data/images/n02690373/n02690373_3492.JPEG,airplane,clownfish or fish, A blue and white airplane on the runway. ,"A clownfish or fish is a colorful, playful aquatic creature with vibrant orange and white stripes."
810,data/images/n07873807/n07873807_3896.JPEG,pizza,shoes," A pizza with cheese, olives, and basil on a wooden cutting board. ","A pair of colorful, high-top sneakers with white laces and a black sole."
811,data/images/n03272010/n03272010_13834.JPEG,guitar,guitar," Three guitar-shaped figurines in different colors, each with a pick guard and strings, displayed on a gray surface. ","A colorful, intricate guitar with a unique design and multiple patterns on its body."
812,data/images/n03888257/n03888257_19211.JPEG,parachutes,pool table, A surreal image of a hot air balloon floating above a barren landscape with a rainbow in the sky. ,"A pool table with a green felt surface and a set of cues, surrounded by chairs and lamps."
813,data/images/n02607072/n02607072_1617.JPEG,clownfish or fish,clownfish or fish, Two clownfish swimming near a coral reef. ,"A clownfish, also known as a fish with vibrant colors and playful patterns."
814,data/images/n03180011/n03180011_9698.JPEG,computer,watch or watches," A cluttered computer desk with two monitors, two keyboards, two mice, and various other items. ","The image depicts a variety of wristwatches, showcasing different designs and functionalities for various lifestyles and preferences."
815,data/images/n04044716/n04044716_14882.JPEG,tower,tower," A person working on a large telescope, surrounded by a complex network of wires and cables. ","A towering, futuristic-looking building with multiple levels and balconies."
816,data/images/n04069434/n04069434_9030.JPEG,camera,camera, A vintage black and white camera with a silver lens and a black strap. ,"A camera with a wide-angle lens captures a panoramic view of a bustling cityscape at sunset, with colorful buildings and busy streets filled with people and vehicles."
817,data/images/n03982430/n03982430_38296.JPEG,pool table,pool table, A small orange toy is sitting on a pool table. ,"A close-up of a pool cue, with the tip resting on a dark surface."
818,data/images/n02389026/n02389026_3269.JPEG,horse,butterfly, A brown horse with a white stripe down its face and a white spot on its forehead. ,A butterfly with delicate wings fluttering in the air.
819,data/images/n07753592/n07753592_10233.JPEG,fruits and vegetables,fruits and vegetables, A ripe banana with a brown spot on the end. ,"A colorful assortment of fruits and vegetables, including apples, bananas, tomatoes, cucumbers, and leafy greens, displayed on a wooden cutting board."
820,data/images/n07873807/n07873807_3354.JPEG,pizza,pizza, A large pepperoni pizza in a box. ,"A colorful pizza with various toppings, inviting the viewer to take a bite."
821,data/images/n13054560/n13054560_9747.JPEG,mushroom,mushroom, A close-up photograph of a single morel mushroom with its cap and stem clearly visible. ,"A colorful, multicolored mushroom with a large cap and small stem."
822,data/images/n07873807/n07873807_16625.JPEG,pizza,mushroom, A large pizza with various toppings on a metal tray on a table. ,"A colorful mushroom with a wide, flat cap and small gills protruding from its underside."
823,data/images/n07873807/n07873807_18033.JPEG,pizza,camera," Two pizzas on a baking sheet, one with cheese and olives, the other with cheese, olives, and sausage. ","A camera with a lens and a viewfinder, used for capturing images and videos."
824,data/images/n03063599/n03063599_748.JPEG,coffee mug,canoe or boat, A white coffee mug with a black logo on a white table. ,"The image depicts a canoe with two people seated inside, one in the front and one in the back."
825,data/images/n03792782/n03792782_12815.JPEG,bicycle,bicycle," A group of bicyclists in a line, preparing for a race. ",A bicycle with a basket and chain on the front wheel.
826,data/images/n03982430/n03982430_20021.JPEG,pool table,pool table, A pool table with multiple balls in motion. ,"A pool table is a rectangular surface with pockets and markings, typically used for playing billiards or snooker."
827,data/images/n04044716/n04044716_7208.JPEG,tower,pool table, A large satellite dish in a field with sheep grazing. ,"A pool table is a large surface with pockets and markings, typically used for playing billiards or snooker."
828,data/images/n04086273/n04086273_17042.JPEG,gun,coffee mug," A soldier in a military uniform holding a rifle with a scope, wearing sunglasses and a helmet. ","The coffee mug features a colorful, abstract pattern with swirls and bold shapes in shades of blue, green, and purple."
829,data/images/n02124075/n02124075_10525.JPEG,cat,cat," A gray and white cat is laying on its back, with its paws in the air, on a chair. ",A cat wearing a hat.
830,data/images/n03452741/n03452741_12409.JPEG,piano,ball," An old, black piano in a room. ","A spherical, bouncy blue ball with white stripes."
831,data/images/n02951358/n02951358_29817.JPEG,canoe or boat,coffee mug," A person in a red kayak on a river, surrounded by lush greenery and a wooden bridge. ","A coffee mug featuring a cute cartoon character, holding a steaming cup of hot chocolate."
832,data/images/n03197337/n03197337_1045.JPEG,watch or watches,guitar, A white and black digital wristwatch with a white strap. ,"A colorful, intricate guitar with a unique design featuring various patterns and shapes."
833,data/images/n02607072/n02607072_505.JPEG,clownfish or fish,clownfish or fish, A clownfish swimming among the tentacles of an anemone. ,"A colorful fish with a white body and black spots, swimming in the ocean."
834,data/images/n03709823/n03709823_7134.JPEG,handbag,handbag," A dirty, beige canvas bag with a white label on it. ","A small, stylish handbag with a long strap for easy carrying."
835,data/images/n03180011/n03180011_20934.JPEG,computer,guitar, A desktop computer with a monitor displaying a webpage. ,"A beautifully crafted acoustic guitar with a rich, dark wood finish and intricate detailing on the body and neck."
836,data/images/n03197337/n03197337_1045.JPEG,watch or watches,watch or watches, A white and black digital wristwatch with a white strap. ,"This image depicts a wide variety of watches, including analog and digital designs with various materials such as leather, metal, and fabric straps."
837,data/images/n02951358/n02951358_2037.JPEG,canoe or boat,coffee mug, A woman in a canoe on a lake with trees in the background. ,"A sturdy coffee mug with a simple, elegant design."
838,data/images/n03888257/n03888257_54295.JPEG,parachutes,parachutes," Two parachutists flying high in the sky, each holding a Canadian flag, against a backdrop of a clear blue sky. ","A colorful parachute gracefully descends to the ground, representing freedom and adventure."
839,data/images/n03376595/n03376595_108.JPEG,chair,chair, A wooden folding chair with a slatted backrest. ,"A simple, white plastic chair with no backrest or armrests."
840,data/images/n03197337/n03197337_2141.JPEG,watch or watches,computer," The image shows a digital wristwatch with a blue screen displaying the time ""8:10"" and the date ""10"". ","A colorful, circular computer monitor with a thin black frame and an Apple logo on the front."
841,data/images/n02906734/n02906734_23744.JPEG,brush,brush, A group of people playing a game of broomball in an indoor rink. ,"A colorful brush with bristles, designed for painting and creating art on various surfaces."
842,data/images/n02492035/n02492035_16430.JPEG,monkey,elephant, A white and black monkey with sad eyes is behind a metal cage. ,A large elephant with a long trunk and floppy ears.
843,data/images/n03272010/n03272010_4370.JPEG,guitar,guitar, A blue electric guitar with a pickup and a cord on a white surface. ,"A colorful, vintage-style guitar illustration with intricate details and a charming atmosphere."
844,data/images/n03982430/n03982430_4411.JPEG,pool table,pool table," A room with a pool table, dartboard, and a painting of a baseball team. ","A large, wooden table with a felt surface and rounded edges, surrounded by cues and balls."
845,data/images/n02504458/n02504458_3816.JPEG,elephant,monkey, A large elephant standing in a grassy field. ,A monkey is sitting on a branch in a lush green forest.
846,data/images/n03792972/n03792972_474.JPEG,camp or camping,camp or camping, A dog sitting next to a tent on a city street. ,"A spacious campsite with multiple tents and outdoor furniture, surrounded by nature's beauty."
847,data/images/n03272010/n03272010_13834.JPEG,guitar,train," Three guitar-shaped figurines in different colors, each with a pick guard and strings, displayed on a gray surface. ","A black and white photograph of a steam train with multiple carriages, passing through a rural landscape with hills in the background."
848,data/images/n03792782/n03792782_8799.JPEG,bicycle,girl," A collage of a mountain bike race, featuring a man in a blue and black jersey riding a bike, with various other cyclists and a collage of photos from the event. ","A colorful, intricate painting of a girl's face with many small details and bright hues."
849,data/images/n03445777/n03445777_5342.JPEG,ball,ball, A white golf ball with a logo on it. ,"A large, spherical beach ball with multicolored stripes and raised dots."
850,data/images/n03982430/n03982430_38296.JPEG,pool table,pool table, A small orange toy is sitting on a pool table. ,A well-maintained pool table with a green felt surface and organized cues in the center.
851,data/images/n02992529/n02992529_4366.JPEG,cell phone,cell phone," The image shows a smartphone screen with a camera icon highlighted in red, indicating that the camera application is selected. ","A colorful, abstract depiction of a cell phone with multiple features and icons."
852,data/images/n02504458/n02504458_6155.JPEG,elephant,panda or pandas, An elephant walking in a grassy area. ,A panda is a cute bear-like animal with black patches.
853,data/images/n03584829/n03584829_36033.JPEG,ironing machine,ironing machine, An iron on a table. ,"A small, portable ironing machine with a handle and cord for easy use."
854,data/images/n02504458/n02504458_481.JPEG,elephant,elephant, Two elephants standing in the mud. ,A large gray elephant with a small trunk.
855,data/images/n03590841/n03590841_5746.JPEG,pumpkin,pumpkin," A carved pumpkin with a jack-o-lantern face and a sign that reads ""they eat their own"" in front of it. ","A large, orange pumpkin with a small stem sits on a wooden surface."
856,data/images/n03888257/n03888257_18921.JPEG,parachutes,parachutes, A person is kiteboarding on a frozen lake. ,A colorful parachute gracefully descends to the ground.
857,data/images/n02992529/n02992529_46.JPEG,cell phone,canoe or boat, A black cell phone with a keypad and a screen. ,A canoe and a boat are both depicted in this image.
858,data/images/n04086273/n04086273_26142.JPEG,gun,flower," This is an image of a vintage firearm, specifically a revolver, with a wooden grip and a metal barrel. The firearm is displayed against a wooden background. ","A colorful bouquet of flowers, including roses and daisies."
859,data/images/n03063599/n03063599_858.JPEG,coffee mug,coffee mug," Three coffee mugs with different colored handles and the word ""coffee matters"" on them. ","A sturdy coffee mug with a minimalist design, featuring an abstract pattern of overlapping circles in shades of brown and tan."
860,data/images/n03272010/n03272010_7501.JPEG,guitar,guitar, A young boy sitting on a chair playing a guitar. ,The image depicts a person holding an acoustic guitar with intricate detailing on the body and neck.
861,data/images/n03877472/n03877472_2301.JPEG,girl,girl," Two young girls sitting on the floor, smiling and posing for the camera. ","A young girl with long, curly hair and big eyes smiles at the camera while wearing a pink dress."
862,data/images/n02992529/n02992529_14442.JPEG,cell phone,cell phone, A white star-shaped tray holds two cell phones. ,"A close-up of a woman's hand holding a smartphone, with intricate details and vibrant colors."
863,data/images/n03180011/n03180011_19233.JPEG,computer,guitar, A dark room with a computer desk and multiple monitors. ,"A black electric guitar with a white pick and red, blue, and green stripes on the body."
864,data/images/n02951358/n02951358_7348.JPEG,canoe or boat,canoe or boat, A painting of a man and his dog in a canoe on a lake at sunset. ,A canoe and a boat are both depicted in this image.
865,data/images/n03982430/n03982430_20620.JPEG,pool table,pool table," A man is playing pool, leaning over the table, and aiming at a red ball with a cue stick. ","A pool table is a large surface with pockets and holes, typically found in bars or billiard halls for playing games."
866,data/images/n02504458/n02504458_6428.JPEG,elephant,panda or pandas," An elephant standing on a pile of logs, eating a log. ",A panda is a black and white bear native to China.
867,data/images/n11939491/n11939491_7263.JPEG,flower,flower, A white daisy with yellow center in the center of a large green leaf. ,"A colorful bouquet of flowers, with various blossoms in different shades and sizes."
868,data/images/n02951358/n02951358_6087.JPEG,canoe or boat,canoe or boat, A green canoe on a rocky shoreline. ,"A canoe and a boat are both watercraft, with the canoe being smaller and more lightweight."
869,data/images/n03100240/n03100240_20935.JPEG,car,car, A silver car on display at a car show. ,"A photograph of a red sports car with black accents, parked on a winding road surrounded by lush greenery."
870,data/images/n07873807/n07873807_8875.JPEG,pizza,fruits and vegetables, A slice of pizza with mushrooms and spinach on a white plate. ,"A colorful assortment of fruits and vegetables, ripe and crisp, displayed together for a visually appealing and nutritious display."
871,data/images/n02281787/n02281787_4566.JPEG,butterfly,butterfly, Two blue butterflies on a green leaf. ,A butterfly flutters in a field.
872,data/images/n04069434/n04069434_10318.JPEG,camera,camera, A black Canon camera with a strap on a table. ,A camera that takes clear and detailed images.
873,data/images/n02281787/n02281787_2216.JPEG,butterfly,butterfly, A small blue butterfly perched on a rock. ,A colorful butterfly fluttering in the air.
874,data/images/n03445777/n03445777_9216.JPEG,ball,ball, A pink golf ball on a tee in a field of yellow flowers. ,"A cute, round ball with a small opening in the center."
875,data/images/n03100240/n03100240_8794.JPEG,car,coffee mug, A black convertible car parked on a gravel driveway. ,"A coffee mug features a cartoon character with a wide grin, surrounded by vibrant colors and bold text."
876,data/images/n03792972/n03792972_2062.JPEG,camp or camping,girl, A tent set up in a wooded area. ,"A young girl with long, curly hair and big eyes smiling brightly in a colorful background."
877,data/images/n04069434/n04069434_3119.JPEG,camera,camera, A vintage black and white Rolleicord camera sitting on a wooden floor. ,"A camera lens with a blue and white striped pattern, capturing the beauty of nature."
878,data/images/n03272562/n03272562_4071.JPEG,train,guitar," An old train car sits on the tracks, waiting for its next journey. ","A vintage, sunburst-finish Fender Stratocaster electric guitar with a natural woodgrain finish on the body and headstock."
879,data/images/n11939491/n11939491_12042.JPEG,flower,fruits and vegetables," A close-up photograph of white daisies with yellow centers, set against a dark blue background. ","A colorful assortment of fruits and vegetables, including grapes, strawberries, bell peppers, tomatoes, and leafy greens."
880,data/images/n02504458/n02504458_5897.JPEG,elephant,elephant, A large elephant walking on a dirt road in a natural setting. ,A large elephant with a distinctive pattern of stripes and tusks.
881,data/images/n03709823/n03709823_16780.JPEG,handbag,pumpkin, A close-up view of a red purse with a silver chain strap. ,"A large, orange pumpkin with a round face and deep crevices."
882,data/images/n02281787/n02281787_2216.JPEG,butterfly,butterfly, A small blue butterfly perched on a rock. ,A colorful butterfly with intricate patterns on its wings.
883,data/images/n03452741/n03452741_12409.JPEG,piano,piano," An old, black piano in a room. ","A beautiful grand piano with a glossy finish, surrounded by soft cushions and elegant curtains in a luxurious music room."
884,data/images/n03272562/n03272562_9027.JPEG,train,guitar, A vintage train on tracks with passengers visible through the windows. ,"A beautifully crafted acoustic guitar with a rich, dark wood finish and intricate detailing on the body and neck."
885,data/images/n02510455/n02510455_95099.JPEG,panda or pandas,panda or pandas, A panda bear sitting on a tree branch in an enclosure. ,A panda is a cute and cuddly bear with distinctive black patches on its fur.
886,data/images/n02124075/n02124075_4027.JPEG,cat,cat," A cat with its eyes closed, looking content and relaxed. ",A black cat with white fur sits on a patterned rug.
887,data/images/n03180011/n03180011_20934.JPEG,computer,car, A desktop computer with a monitor displaying a webpage. ,"A sleek, modern sports car with a vibrant red color and minimalistic design elements."
888,data/images/n11939491/n11939491_59345.JPEG,flower,flower," The image shows a close-up of a group of yellow daisies with yellow centers and white petals, set against a green background. ","A colorful bouquet of flowers with various petals and stems, arranged in a vase."
889,data/images/n02690373/n02690373_5870.JPEG,airplane,airplane, A large white airplane with blue and red accents parked on a runway. ,"The image depicts a large airplane with multiple wings and propellers, designed for long-distance travel."
890,data/images/n03877472/n03877472_23771.JPEG,girl,flower," Three women in pajamas sitting on a couch, smiling and posing for the camera. ","A colorful bouquet of flowers with various petals and stems, surrounded by a delicate veil of pollen."
891,data/images/n03100240/n03100240_2138.JPEG,car,computer, A blue convertible sports car on a gray background. ,"A colorful, abstract painting of a sun and moon with swirling patterns in shades of blue, green, and purple."
892,data/images/n03376595/n03376595_8346.JPEG,chair,train, A large number of blue seats in a stadium. ,"A colorful and intricate stained glass window with a variety of vibrantly hued flowers, leaves, and branches."
893,data/images/n03590841/n03590841_6633.JPEG,pumpkin,handbag," A carved pumpkin with a face and eyes, sitting on a table. ","A small, rectangular handbag with a single handle and a flap closure."
894,data/images/n02906734/n02906734_21829.JPEG,brush,mushroom," A blue dustpan with a flower design on it, sitting on the ground next to a box. ","A colorful, lumpy mushroom with a small hole in the center."
895,data/images/n03982430/n03982430_4411.JPEG,pool table,pool table," A room with a pool table, dartboard, and a painting of a baseball team. ","The image shows a pool table with a green felt surface, surrounded by cues and balls."
896,data/images/n02951358/n02951358_31796.JPEG,canoe or boat,canoe or boat," Two people in red kayaks on a river, with a rocky cliff and a building in the background. ",A canoe and a boat are both depicted in the image.
897,data/images/n03063599/n03063599_2735.JPEG,coffee mug,coffee mug," A red and black mug with a tiger logo on it, sitting on a table. ",A colorful coffee mug featuring a cute cartoon character enjoying their beverage.
898,data/images/n03792972/n03792972_5525.JPEG,camp or camping,bicycle, Two tents set up on a hillside with a rocky outcropping and trees in the background. ,A bicycle with a basket and fenders.
899,data/images/n03452741/n03452741_16744.JPEG,piano,piano, A man is playing a piano in a restaurant with a mcdonald's sign in the background. ,"A beautiful woman with long, flowing hair is gracefully posing for the camera in a serene and elegant outdoor setting."
900,data/images/n03584829/n03584829_28308.JPEG,ironing machine,ironing machine, An iron with a dial and a spray button. ,"A portable appliance for wrinkle removal, featuring a flat surface and multiple settings."
901,data/images/n04069434/n04069434_12771.JPEG,camera,camera," The image shows a black digital single-lens reflex camera (DSLR) with a lens attached, set against a white background. ","A small, rectangular camera with a lens on top and buttons for taking pictures."
902,data/images/n03272010/n03272010_6219.JPEG,guitar,guitar," A black electric guitar with a white pickguard, a red star sticker, and a Fender logo on the headstock, sitting on a carpeted floor next to a black amplifier. ","A beautiful, vintage acoustic guitar with intricate detailing and a rich, dark wood finish."
903,data/images/n03063599/n03063599_3714.JPEG,coffee mug,coffee mug, Two blue mugs with handles on a table. ,A colorful coffee mug with a cartoon character on it.
904,data/images/n02281787/n02281787_2105.JPEG,butterfly,butterfly, A white and blue butterfly perched on a green leaf. , A colorful butterfly with intricate patterns on its wings.
905,data/images/n03100240/n03100240_10410.JPEG,car,car, A vintage blue Volkswagen Beetle parked in a parking lot. ,"A compact, two-door vehicle with a sleek design and minimalistic exterior features."
906,data/images/n02906734/n02906734_21440.JPEG,brush,clownfish or fish," A group of people playing indoor curling, with one person in the process of throwing the curling stone. ","A colorful fish with a unique appearance, commonly found in the Indian and Pacific Oceans."
907,data/images/n13054560/n13054560_8062.JPEG,mushroom,flower, A white plate with sliced mushrooms. ,"A colorful bouquet of flowers, with various petals in shades of pink and purple."
908,data/images/n07753592/n07753592_3018.JPEG,fruits and vegetables,fruits and vegetables, A bunch of bananas growing on a tree. ,A colorful assortment of fruits and vegetables arranged in a decorative pattern.
909,data/images/n03063599/n03063599_3606.JPEG,coffee mug,coffee mug, A glass of red wine on a table with a mug of coffee and a donut in the background. ,A coffee mug featuring a cartoon character with a wide smile and colorful background.
910,data/images/n04086273/n04086273_26142.JPEG,gun,gun," This is an image of a vintage firearm, specifically a revolver, with a wooden grip and a metal barrel. The firearm is displayed against a wooden background. ","A realistic-looking handgun with a black grip and silver accents, on a white background."
911,data/images/n03877472/n03877472_10554.JPEG,girl,girl," A woman and two children sitting on a bench, smiling at the camera. ","A colorful, abstract painting of a woman's face with swirling patterns and bright hues."
912,data/images/n03773504/n03773504_21104.JPEG,rocket,rocket," A large rocket with the name ""mace"" on it, flying through a cloudy sky. ","A large, powerful rocket stands tall on the launch pad, ready to blast off and soar into space."
913,data/images/n03272562/n03272562_4339.JPEG,train,guitar, A train on the tracks with cargo cars behind it. ,"A colorful, intricately designed electric guitar with a unique and eye-catching appearance."
914,data/images/n07753592/n07753592_10233.JPEG,fruits and vegetables,fruits and vegetables, A ripe banana with a brown spot on the end. ,"The image shows a variety of fruits and vegetables arranged in a colorful display, highlighting their natural beauty and freshness."
915,data/images/n03272562/n03272562_4339.JPEG,train,guitar, A train on the tracks with cargo cars behind it. ,"A colorful, vintage-style guitar with a floral design and intricate details on the body."
916,data/images/n04044716/n04044716_11204.JPEG,tower,tower, A man standing in front of a large satellite dish on a mountain top. ,"A colorful, abstract painting of a cityscape with tall buildings and winding roads."
917,data/images/n04086273/n04086273_8280.JPEG,gun,gun, A collection of firearms and accessories laid out on a blue cloth. ,A realistic painting of a revolver with intricate details and a dark background.
918,data/images/n03180011/n03180011_5834.JPEG,computer,computer," A desktop computer with a monitor, keyboard, and mouse on a white background. ","A colorful, abstract painting of a sun and moon with swirling patterns in shades of blue, green, and purple."
919,data/images/n03584829/n03584829_37429.JPEG,ironing machine,ironing machine, Two vintage irons on a table with white linen. ,"A portable appliance for wrinkle removal, featuring a heating element and spray nozzle."
920,data/images/n03452741/n03452741_2540.JPEG,piano,fruits and vegetables," A man is sitting at a grand piano, playing music. ","A colorful assortment of fruits and vegetables, including apples, bananas, grapes, tomatoes, cucumbers, and peppers."
921,data/images/n03297495/n03297495_6860.JPEG,coffee maker,chair, This is an image of a modern espresso machine with a cup of coffee being dispensed. ,"A comfortable, oversized chair with a wooden finish and curved backrest."
922,data/images/n03063599/n03063599_691.JPEG,coffee mug,canoe or boat, A blue mug with a white logo on it. ,A canoe and a boat are both depicted in the image.
923,data/images/n03982430/n03982430_20620.JPEG,pool table,camera," A man is playing pool, leaning over the table, and aiming at a red ball with a cue stick. ","A close-up photograph of a colorful, intricately patterned textile with various geometric shapes and patterns in shades of blue, green, yellow, and red."
924,data/images/n03982430/n03982430_7125.JPEG,pool table,gun, A pool table with a wooden frame and a white playing surface. ,"A realistic painting of a forest at sunset, with trees and foliage in various shades of green."
925,data/images/n02504458/n02504458_480.JPEG,elephant,elephant, An elephant standing in a zoo enclosure. ,A large elephant with a detailed description.
926,data/images/n03584829/n03584829_33459.JPEG,ironing machine,ironing machine, An iron on a table with a compass and ink. ,A portable appliance with a flat surface and multiple attachments for smoothing and pressing clothes.
927,data/images/n03792782/n03792782_51723.JPEG,bicycle,rocket," A man riding a bicycle on a steep, narrow path. ","A large, powerful rocket taking off into the sky."
928,data/images/n03584829/n03584829_13149.JPEG,ironing machine,ironing machine," Two women standing on the street, one holding an iron and the other holding a shirt, both looking at the iron. ",A portable and automatic clothes ironing machine for home use.
929,data/images/n11939491/n11939491_59345.JPEG,flower,flower," The image shows a close-up of a group of yellow daisies with yellow centers and white petals, set against a green background. ","A colorful bouquet of flowers with various petals and stems, surrounded by a delicate veil of pollen."
930,data/images/n13054560/n13054560_7616.JPEG,mushroom,mushroom, A mushroom growing in the woods. ,"A large, white mushroom with a flat top and small bumps on its surface."
931,data/images/n11939491/n11939491_23775.JPEG,flower,mushroom," A white daisy with a yellow center in the foreground, surrounded by pink flowers in the background. ",A colorful mushroom with a large cap and gills.
932,data/images/n03445777/n03445777_7947.JPEG,ball,ball, A golf ball on a shelf with a logo on it. ,"A colorful, spherical ball with a small opening on one side."
933,data/images/n07753592/n07753592_14206.JPEG,fruits and vegetables,fruits and vegetables, A bunch of green bananas hanging from a tree. ,"This image depicts a colorful assortment of fruits and vegetables arranged on a wooden cutting board, showcasing various shapes, sizes, and textures."
934,data/images/n07873807/n07873807_8175.JPEG,pizza,flower," A man in a costume sits next to a goat, holding a pizza box and a wooden bow. ","A colorful bouquet of flowers, with a mix of roses, daisies, and lilies."
935,data/images/n03272010/n03272010_11611.JPEG,guitar,train, A man playing a guitar at sunset. ,"The image depicts a bustling train station with people carrying luggage and signs, showcasing the hustle and bustle of daily life."
936,data/images/n03792782/n03792782_1105.JPEG,bicycle,bicycle, A group of people on bicycles in a forested area. ,A bicycle with a basket and fenders.
937,data/images/n03792782/n03792782_5419.JPEG,bicycle,bicycle, A man riding a bicycle on a wooden bridge in a wooded area. ,A bicycle with a basket and fenders.
938,data/images/n02992529/n02992529_3673.JPEG,cell phone,cell phone," The image shows a Sony Ericsson Cyber-shot camera and a smartphone, both with a blue and black color scheme, against a yellow background. ",A colorful abstract pattern of interwoven circles and lines on a white background.
939,data/images/n07753592/n07753592_14206.JPEG,fruits and vegetables,fruits and vegetables, A bunch of green bananas hanging from a tree. ,"A colorful assortment of fruits and vegetables, arranged in a visually appealing manner."
940,data/images/n03590841/n03590841_6380.JPEG,pumpkin,pumpkin," Two carved pumpkins with faces, sitting on a table. ","A colorful and intricate pumpkin, with various patterns and designs."
941,data/images/n03197337/n03197337_2141.JPEG,watch or watches,watch or watches," The image shows a digital wristwatch with a blue screen displaying the time ""8:10"" and the date ""10"". ","This image depicts a collection of various 40mm men's watches with different designs and colors, showcasing their unique features."
942,data/images/n03792782/n03792782_15924.JPEG,bicycle,bicycle," A man is riding a mountain bike on a trail, jumping over a small hill. ",A bicycle with a basket and fenders.
943,data/images/n03792972/n03792972_17744.JPEG,camp or camping,camp or camping," A man stands in a field with a tent, mountains, and a camera, looking out at the landscape. ","""A group of people enjoying a camping trip surrounded by nature."""
944,data/images/n04044716/n04044716_17472.JPEG,tower,camera, A large white satellite dish in a field. ,"A close-up photograph of a colorful, intricately patterned vintage suitcase with gold and black accents."
945,data/images/n07753592/n07753592_3018.JPEG,fruits and vegetables,fruits and vegetables, A bunch of bananas growing on a tree. ,"A colorful assortment of fruits and vegetables, including grapes, tomatoes, bell peppers, and cucumbers, displayed on a wooden cutting board."
946,data/images/n04069434/n04069434_7064.JPEG,camera,gun, A black Minolta camera with a zoom lens. ,A realistic-looking gun with a wooden stock and metal components.
947,data/images/n04120489/n04120489_6792.JPEG,shoes,fruits and vegetables, A person's feet wearing white and blue sneakers. ,"The image depicts a variety of colorful fruits and vegetables, including apples, bananas, carrots, and tomatoes, arranged in a visually appealing manner."
948,data/images/n02906734/n02906734_6542.JPEG,brush,brush, A collection of four brooms with different colored bristles. ,"This image depicts a toothbrush, which is commonly used for maintaining oral hygiene and preventing dental issues."
949,data/images/n02690373/n02690373_736.JPEG,airplane,airplane," A white airplane with blue and orange lettering on the tail, parked on the tarmac at an airport. ","A large airplane with wings and a fuselage, designed for long-distance travel through the air."
950,data/images/n03180011/n03180011_4255.JPEG,computer,watch or watches," The image shows a desktop computer with a monitor, keyboard, and mouse, along with a water cooler system. ","The image depicts a variety of wristwatches, each with unique designs and features."
951,data/images/n03590841/n03590841_11757.JPEG,pumpkin,pumpkin," Two carved pumpkins with faces, one with a neutral expression and the other with a scary expression, sitting on a table. ","A pumpkin, a large gourd with a round shape and orange or green color."
952,data/images/n03792782/n03792782_51723.JPEG,bicycle,bicycle," A man riding a bicycle on a steep, narrow path. ",A bicycle with a basket and chain.
953,data/images/n03445777/n03445777_9216.JPEG,ball,ball, A pink golf ball on a tee in a field of yellow flowers. ,"A spherical object with a small, round hole."
954,data/images/n13054560/n13054560_9747.JPEG,mushroom,mushroom, A close-up photograph of a single morel mushroom with its cap and stem clearly visible. ,"A colorful, multicolored mushroom with a wide variety of shades and hues."
955,data/images/n03584829/n03584829_28308.JPEG,ironing machine,bicycle, An iron with a dial and a spray button. ,"A bicycle with a basket and chainwheel, designed for leisurely rides on paved paths."
956,data/images/n02607072/n02607072_2525.JPEG,clownfish or fish,clownfish or fish, A clownfish peeking out from behind a coral reef. ,"A clownfish, also known as a fish with vibrant colors and playful features."
957,data/images/n03792972/n03792972_1036.JPEG,camp or camping,girl, A man sitting on the ground in front of a tent in a mountainous area. ,"A young girl with long, curly hair and big eyes smiles brightly in a pink dress."
958,data/images/n03197337/n03197337_1045.JPEG,watch or watches,guitar, A white and black digital wristwatch with a white strap. ,"A colorful, intricate guitar with a unique design featuring various patterns and shapes."
959,data/images/n02951358/n02951358_2037.JPEG,canoe or boat,canoe or boat, A woman in a canoe on a lake with trees in the background. ,"A canoe and a boat are both depicted in the image, with people enjoying their use on a calm body of water."
960,data/images/n02690373/n02690373_5870.JPEG,airplane,elephant, A large white airplane with blue and red accents parked on a runway. ,A large gray elephant with a trunk and ears.
961,data/images/n03376595/n03376595_8346.JPEG,chair,chair, A large number of blue seats in a stadium. ,"A comfortable, stylish chair for relaxing and entertaining guests."
962,data/images/n03792782/n03792782_1105.JPEG,bicycle,rocket, A group of people on bicycles in a forested area. ,"A sleek and futuristic rocket soaring through the cosmos, with a striking contrast between its dark exterior and illuminated engines."
963,data/images/n03982430/n03982430_27656.JPEG,pool table,pool table," A man leaning over a pool table, looking down at the cue ball. ","A green felt pool table with a cue stick, balls, and pockets in an upscale casino setting."
964,data/images/n03180011/n03180011_7359.JPEG,computer,computer," A computer monitor displaying a webpage with a cartoon girl, sitting on a desk with a keyboard and mouse. ","A vintage desktop computer with a CRT monitor, featuring beige and gray colors and adorned with various cables and peripherals."
965,data/images/n03590841/n03590841_6380.JPEG,pumpkin,pumpkin," Two carved pumpkins with faces, sitting on a table. ","A large, orange pumpkin with a wide base and a small stem."
966,data/images/n02106662/n02106662_16778.JPEG,dog,dog, Two dogs running in a park. ,"A fluffy white dog with brown eyes and a wagging tail, sitting on a green lawn."
967,data/images/n07753592/n07753592_10252.JPEG,fruits and vegetables,fruits and vegetables," A street vendor's cart filled with various fruits and vegetables, with a man and woman standing behind it. ","A colorful assortment of fruits and vegetables, including apples, bananas, grapes, tomatoes, and carrots, arranged on a wooden cutting board."
968,data/images/n02690373/n02690373_736.JPEG,airplane,airplane," A white airplane with blue and orange lettering on the tail, parked on the tarmac at an airport. ","The image depicts a large, commercial airplane with multiple windows and doors for passengers to enter."
969,data/images/n04044716/n04044716_555.JPEG,tower,pool table, A cherry picker is lifting a worker to repair a satellite dish. ,"A billiard table, typically rectangular in shape and covered in a felt surface, used for playing the game of pool."
970,data/images/n03709823/n03709823_595.JPEG,handbag,pumpkin, A gray and white cat peeking out of a brown paper bag. ,"A colorful and round pumpkin with a small stem, sitting on a wooden surface."
971,data/images/n02906734/n02906734_17920.JPEG,brush,clownfish or fish, A woman holding a broom and standing in front of a display of brooms. ,"A clownfish, also known as a fish with vibrant orange and white colors."
972,data/images/n03877472/n03877472_4073.JPEG,girl,girl," A young child in pajamas with cupcake pattern, looking out a window. ","A young girl with long, curly hair and big eyes is smiling brightly against a colorful background."
973,data/images/n03063599/n03063599_748.JPEG,coffee mug,cell phone, A white coffee mug with a black logo on a white table. ,The image shows a cell phone with rounded corners and a metallic finish.
974,data/images/n03877472/n03877472_28707.JPEG,girl,girl, A young girl in a blue pajama with a snowman design is standing in a doorway. ,"A young girl with long, wavy hair and big eyes smiling brightly in a colorful background."
975,data/images/n03773504/n03773504_14109.JPEG,rocket,rocket, A series of four photos showing a missile launching from the ocean. ,A rocket soaring through the sky on a mission to explore the unknown.
976,data/images/n13054560/n13054560_9747.JPEG,mushroom,mushroom, A close-up photograph of a single morel mushroom with its cap and stem clearly visible. ,"A large, white mushroom with a flat top and a thick stem."
977,data/images/n04044716/n04044716_12999.JPEG,tower,pool table, A large metal satellite dish in a field. ,"The image depicts a classic, traditional-looking pool table with a dark wood finish and metal accents."
978,data/images/n03272010/n03272010_1242.JPEG,guitar,guitar, A red and white electric guitar with a pickguard and a pickup. ,"A colorful, vintage-style guitar with intricate floral designs and a unique body shape."
979,data/images/n03775071/n03775071_9939.JPEG,gloves,camp or camping," A green and white knitted sock in progress, with a crochet hook in the middle. ",A spacious campsite with a clear view of the surrounding mountains and trees.
980,data/images/n02124075/n02124075_12430.JPEG,cat,cat, A brown and black cat with green eyes. ,"A cartoon cat wearing a hat and sunglasses sits on a couch with a book.  ""The Cat in the Hat"" by Dr. Seuss"
981,data/images/n03272562/n03272562_8931.JPEG,train,guitar, Two red trains parked on train tracks. ,"A vintage, sunburst-finish Fender Stratocaster electric guitar with a rosewood fretboard and chrome hardware."
982,data/images/n02124075/n02124075_57.JPEG,cat,cat, A small kitten with yellow eyes and a spotted coat is sitting on a carpeted floor. ,A white cat with blue eyes sits on a wooden floor.
983,data/images/n03100240/n03100240_1391.JPEG,car,car, An orange convertible sports car on display at a car show. ,"A red sports car with a black convertible top, parked on the side of a winding road surrounded by trees."
984,data/images/n02906734/n02906734_39817.JPEG,brush,clownfish or fish, A green and yellow hair brush with bristles. ,"A clownfish, also known as a fish with vibrant colors and playful features."
985,data/images/n07753592/n07753592_11911.JPEG,fruits and vegetables,flower, A street vendor selling fruit to customers. ,"A colorful bouquet of flowers with various types and sizes, arranged in a vase on a table."
986,data/images/n07873807/n07873807_8875.JPEG,pizza,shoes, A slice of pizza with mushrooms and spinach on a white plate. ,"A colorful, patterned pair of shoes with a high heel and lace-up closure."
987,data/images/n02690373/n02690373_4671.JPEG,airplane,clownfish or fish, An Alaska Airlines airplane parked at an airport terminal. ,"A clownfish, also known as an anemonefish, is a small marine fish with vibrant colors and patterns."
988,data/images/n03888257/n03888257_7960.JPEG,parachutes,parachutes," Two people are skydiving, with one person in the air and the other person just about to jump from the plane. ","A colorful parachute with a person inside it, gracefully descending towards the ground."
989,data/images/n03584829/n03584829_45572.JPEG,ironing machine,pumpkin, An iron on a table. ,"A large, orange pumpkin with a small hole in the center."
990,data/images/n04069434/n04069434_9580.JPEG,camera,tower, A vintage camera with a lens on a wooden table. ,"A large, intricate tower made of interlocking wooden blocks with multiple levels and balconies."
991,data/images/n03877472/n03877472_8388.JPEG,girl,girl, A baby wearing a pink and purple pajamas is laying on a bed. ,"A young girl with long, wavy hair and big eyes is smiling at the camera."
992,data/images/n03877472/n03877472_23771.JPEG,girl,girl," Three women in pajamas sitting on a couch, smiling and posing for the camera. ","A young girl with long, flowing hair stands in a field of vibrant wildflowers."
993,data/images/n03982430/n03982430_7125.JPEG,pool table,tower, A pool table with a wooden frame and a white playing surface. ,"A towering, cylindrical structure with a flat roof and multiple windows."
994,data/images/n03272010/n03272010_6219.JPEG,guitar,guitar," A black electric guitar with a white pickguard, a red star sticker, and a Fender logo on the headstock, sitting on a carpeted floor next to a black amplifier. ","A colorful, intricate guitar with a unique design featuring various patterns and shapes."
995,data/images/n02992529/n02992529_46.JPEG,cell phone,cell phone, A black cell phone with a keypad and a screen. ,"A colorful, abstract pattern of interwoven shapes and lines."
996,data/images/n03063599/n03063599_691.JPEG,coffee mug,airplane, A blue mug with a white logo on it. ,"The image depicts a commercial airplane with its distinctive tail logo and wing design, symbolizing modern aviation technology."
997,data/images/n03775071/n03775071_7792.JPEG,gloves,gloves, A pair of gray knitted gloves. ,The image depicts a pair of high-quality leather gloves with intricate stitching and detailing.
998,data/images/n03452741/n03452741_12409.JPEG,piano,piano," An old, black piano in a room. ","A beautiful woman with long, flowing hair is sitting on a comfortable-looking sofa in front of a large window that offers a stunning view of the cityscape and sunset."
999,data/images/n02690373/n02690373_3537.JPEG,airplane,airplane, A large airplane parked on the tarmac at an airport. ,"A large airplane with multiple wings and engines, designed for long-distance travel through the sky."
1000,data/images/n03775071/n03775071_3297.JPEG,gloves,handbag," A pair of handmade, knitted gloves with a mix of brown, orange, and black yarn. ",A colorful handbag with intricate patterns and designs.
1001,data/images/n03197337/n03197337_4120.JPEG,watch or watches,computer, A silver wristwatch with a digital display and a black strap. ,"A colorful, circular emblem with a stylized letter ""N"" in the center surrounded by various geometric shapes and lines."
1002,data/images/n02906734/n02906734_3648.JPEG,brush,airplane, A yellow and orange broom with a metal handle. ,"An airplane is a large, powered vehicle designed for air travel."
1003,data/images/n02124075/n02124075_57.JPEG,cat,cat, A small kitten with yellow eyes and a spotted coat is sitting on a carpeted floor. ,A cartoon cat wearing a party hat and holding a glass of champagne.
1004,data/images/n03445777/n03445777_2493.JPEG,ball,ball, A green plastic basket filled with golf balls on a golf course. ,"A spherical object with a smooth, slightly glossy surface and a small hole in the center."
1005,data/images/n03297495/n03297495_6860.JPEG,coffee maker,train, This is an image of a modern espresso machine with a cup of coffee being dispensed. ,"A colorful, hand-painted signboard featuring a variety of fruits and vegetables with the phrase ""Fresh Fruits & Vegetables"" written in bold letters."
1006,data/images/n03272010/n03272010_1242.JPEG,guitar,watch or watches, A red and white electric guitar with a pickguard and a pickup. ,"This image depicts a variety of watches, including analog and digital designs with various materials such as leather, metal, and plastic."
1007,data/images/n03709823/n03709823_595.JPEG,handbag,rocket, A gray and white cat peeking out of a brown paper bag. ,"A rocket soaring against a backdrop of stars and clouds, with the Earth in the distance."
1008,data/images/n02504458/n02504458_4234.JPEG,elephant,monkey," A close-up of an elephant's face, showcasing its large, wrinkled skin and long, curved tusks. ",A monkey wearing a hat and sitting on a branch.
1009,data/images/n04086273/n04086273_26142.JPEG,gun,gun," This is an image of a vintage firearm, specifically a revolver, with a wooden grip and a metal barrel. The firearm is displayed against a wooden background. ","A realistic-looking handgun with a black grip and silver accents, designed for both aesthetics and functionality."
1010,data/images/n07873807/n07873807_7685.JPEG,pizza,mushroom," A large pizza with cheese, basil, and tomato sauce on a plate. ","A single mushroom, depicted in an image."
1011,data/images/n03272010/n03272010_6705.JPEG,guitar,train, A green electric guitar leaning against a wall. ,"A colorful, hand-drawn illustration of a majestic peacock with intricate feather patterns and vibrant hues."
1012,data/images/n11939491/n11939491_12042.JPEG,flower,flower," A close-up photograph of white daisies with yellow centers, set against a dark blue background. ","A colorful bouquet of flowers, with various shades and sizes."
1013,data/images/n02504458/n02504458_6428.JPEG,elephant,panda or pandas," An elephant standing on a pile of logs, eating a log. ",A panda is a black-and-white bear native to China.
1014,data/images/n03792782/n03792782_15924.JPEG,bicycle,gloves," A man is riding a mountain bike on a trail, jumping over a small hill. ",A pair of fluffy gloves with a furry texture.
1015,data/images/n03272562/n03272562_608.JPEG,train,watch or watches, A blue and white train on the tracks. ,"This image features a watch or watches, showcasing various designs and purposes."
1016,data/images/n11939491/n11939491_51732.JPEG,flower,flower," The image shows a close-up of a daisy with white petals and a yellow center, surrounded by other daisies in the background. ","A colorful bouquet of flowers, including roses and daisies."
1017,data/images/n03775071/n03775071_2160.JPEG,gloves,gloves," A hand-knitted sock with a colorful pattern, sitting on a table with knitting needles and a piece of paper. ",A pair of gloves with a unique design and pattern.
1018,data/images/n02504458/n02504458_4234.JPEG,elephant,elephant," A close-up of an elephant's face, showcasing its large, wrinkled skin and long, curved tusks. ",A large gray elephant with a trunk and ears.
1019,data/images/n04086273/n04086273_17042.JPEG,gun,camera," A soldier in a military uniform holding a rifle with a scope, wearing sunglasses and a helmet. ","A high-quality, compact camera with a sleek design and advanced features for capturing stunning photos in various lighting conditions."
1020,data/images/n02951358/n02951358_11607.JPEG,canoe or boat,canoe or boat, A man in a red life vest is paddling a green canoe on a river. ,A canoe and a boat are shown in this image.
1021,data/images/n03297495/n03297495_1447.JPEG,coffee maker,guitar, A vintage metal hand juicer on a table. ,"A colorful, intricately designed acoustic guitar with a unique and eye-catching appearance."
1022,data/images/n02504458/n02504458_480.JPEG,elephant,horse, An elephant standing in a zoo enclosure. ,"A large horse with a flowing mane and tail, standing in a field of green grass."
1023,data/images/n02106662/n02106662_49005.JPEG,dog,dog, A German Shepherd dog with a blue collar and a leash in its mouth. ,"A cute, fluffy dog with a white collar and brown eyes."
1024,data/images/n03452741/n03452741_24828.JPEG,piano,piano, A grand piano in a room with a portrait on the wall. ,"A beautiful woman with long, flowing hair is sitting on a comfortable-looking couch in front of a large window that offers a stunning view of the cityscape and sunset."
1025,data/images/n02690373/n02690373_9676.JPEG,airplane,airplane, A large yellow and white airplane flying in the sky above an airport. ,"A large airplane with multiple wings and engines, designed for long-distance travel and efficient transportation of passengers and cargo."
1026,data/images/n03792972/n03792972_474.JPEG,camp or camping,camp or camping, A dog sitting next to a tent on a city street. ,"A group of people are gathered around a campfire in the woods, enjoying each other's company and the warm glow of the flames."
1027,data/images/n11939491/n11939491_48574.JPEG,flower,fruits and vegetables," The image shows a close-up of a group of white daisies with yellow centers, set against a blurred background. ","A colorful assortment of fruits and vegetables, including grapes, strawberries, bell peppers, tomatoes, and leafy greens, arranged in a visually appealing manner."
1028,data/images/n03584829/n03584829_13149.JPEG,ironing machine,ironing machine," Two women standing on the street, one holding an iron and the other holding a shirt, both looking at the iron. ","A compact appliance for wrinkle removal, featuring a vertical design and multiple settings."
1029,data/images/n03452741/n03452741_24828.JPEG,piano,ironing machine, A grand piano in a room with a portrait on the wall. ,A portable ironing board with a folding design for easy storage and use.
1030,data/images/n03709823/n03709823_25550.JPEG,handbag,handbag, A black leather purse with a flap and a gold buckle. ,"A stylish and spacious handbag with a unique design, perfect for carrying everyday essentials."
1031,data/images/n03709823/n03709823_14136.JPEG,handbag,handbag," A small, colorful, child's tote bag with a cartoon character on it, sitting on a wooden floor. ","A colorful handbag with a unique design, featuring intricate patterns and bold colors."
1032,data/images/n02492035/n02492035_24294.JPEG,monkey,horse," Two monkeys in a tree enclosure, one grooming the other. ",A large horse with a white body and brown mane.
1033,data/images/n03180011/n03180011_9576.JPEG,computer,guitar, A silver desktop computer with a monitor in the background. ,"A beautifully crafted, vintage-inspired guitar with intricate details and a warm, natural finish."
1034,data/images/n03452741/n03452741_2982.JPEG,piano,ball, A showroom displaying a red grand piano and a black baby grand piano. ,"A colorful, spherical ball with a small hole in the center."
1035,data/images/n11939491/n11939491_59345.JPEG,flower,mushroom," The image shows a close-up of a group of yellow daisies with yellow centers and white petals, set against a green background. ",A colorful mushroom with a large cap and gills
1036,data/images/n02690373/n02690373_20090.JPEG,airplane,airplane, A blue and white airplane on the runway. ,A large airplane with many wings and engines is flying through the sky.
1037,data/images/n02510455/n02510455_6311.JPEG,panda or pandas,clownfish or fish," A panda bear is sitting in a tree, looking at the camera. ","A clownfish, also known as a fish with vibrant colors and playful features."
1038,data/images/n03452741/n03452741_3088.JPEG,piano,ball, A black and gold grand piano with the Boston Piano Company logo. ,A spherical ball with a striped pattern on its surface.
1039,data/images/n03877472/n03877472_8388.JPEG,girl,girl, A baby wearing a pink and purple pajamas is laying on a bed. ,"A young girl with long, curly hair and big eyes stands in a field of wildflowers."
1040,data/images/n03792972/n03792972_17744.JPEG,camp or camping,camp or camping," A man stands in a field with a tent, mountains, and a camera, looking out at the landscape. ",A campsite with tents and outdoor cooking equipment.
1041,data/images/n03888257/n03888257_6749.JPEG,parachutes,parachutes," Two people are skydiving, one is holding onto the other, they are in the air, and they are wearing helmets. ",A man wearing a parachute jumps from an airplane.
1042,data/images/n03272562/n03272562_9027.JPEG,train,guitar, A vintage train on tracks with passengers visible through the windows. ,"A colorful, intricate guitar with a unique design featuring various patterns and shapes."
1043,data/images/n04069434/n04069434_3119.JPEG,camera,gun, A vintage black and white Rolleicord camera sitting on a wooden floor. ,"A realistic-looking handgun with a black and silver color scheme, featuring a large slide and an extended magazine."
1044,data/images/n03197337/n03197337_5937.JPEG,watch or watches,computer, A man wearing a bright orange watch with a digital display. ,"A colorful, abstract painting of overlapping geometric shapes and lines in the style of a Mondrian-inspired design."
1045,data/images/n02504458/n02504458_5897.JPEG,elephant,panda or pandas, A large elephant walking on a dirt road in a natural setting. ,A panda bear enjoying bamboo in a forest.
1046,data/images/n03452741/n03452741_12409.JPEG,piano,camp or camping," An old, black piano in a room. ","A group of people are gathered around a campfire, enjoying each other's company and the warmth it provides."
1047,data/images/n03197337/n03197337_526.JPEG,watch or watches,computer," A person's hand wearing a watch with a digital display and a compass, holding a map. ","A colorful, abstract painting of overlapping circles and squares on a white background."
1048,data/images/n04069434/n04069434_12869.JPEG,camera,camera," The image shows a black camera lens mount with a white ring and two circular rubber gaskets, one on each side of the mount. ","A close-up photograph of a colorful, intricately patterned butterfly on a leaf."
1049,data/images/n11939491/n11939491_12042.JPEG,flower,flower," A close-up photograph of white daisies with yellow centers, set against a dark blue background. ","A colorful bouquet of flowers with a variety of petals and stems, arranged in an aesthetically pleasing manner."
1050,data/images/n02124075/n02124075_14886.JPEG,cat,cat, A cat with yellow eyes and a white nose. ,A black cat with white spots sits on a red background.
1051,data/images/n03877472/n03877472_3847.JPEG,girl,girl, A young girl is sitting on the floor surrounded by Christmas presents. ,"A young girl with long, curly hair and big eyes smiles at the camera."
1052,data/images/n02992529/n02992529_35743.JPEG,cell phone,canoe or boat, A cell phone displaying a text message with the date and time. ,A canoe and a boat are shown in the image.
1053,data/images/n02389026/n02389026_2094.JPEG,horse,horse, A brown horse grazing in a field of tall grass. ,A horse with a white mane and tail.
1054,data/images/n13054560/n13054560_7616.JPEG,mushroom,mushroom, A mushroom growing in the woods. ,"A colorful mushroom with a large cap and small stem, surrounded by earthy textures."
1055,data/images/n03100240/n03100240_18492.JPEG,car,watch or watches," A vintage white car with a red interior and a black roof, parked on a street. ","This image depicts a variety of watches, including both traditional and modern styles."
1056,data/images/n03452741/n03452741_12409.JPEG,piano,ironing machine," An old, black piano in a room. ",A portable ironing machine with a handle and cord for plugging into an outlet.
1057,data/images/n02124075/n02124075_14886.JPEG,cat,ball, A cat with yellow eyes and a white nose. ,A soccer ball with a smiley face on it.
1058,data/images/n02690373/n02690373_20090.JPEG,airplane,guitar, A blue and white airplane on the runway. ,"A beautifully crafted, intricate guitar with a unique design and vibrant colors."
1059,data/images/n03709823/n03709823_16780.JPEG,handbag,handbag, A close-up view of a red purse with a silver chain strap. ,"A stylish handbag with a unique design, perfect for adding a touch of elegance to any outfit."
1060,data/images/n02504458/n02504458_4234.JPEG,elephant,elephant," A close-up of an elephant's face, showcasing its large, wrinkled skin and long, curved tusks. ",A large gray elephant with a long trunk and tusks.
1061,data/images/n02504458/n02504458_296.JPEG,elephant,elephant," A group of elephants in a museum exhibit, with one elephant prominently facing the camera. ",A large elephant with a long trunk and floppy ears.
1062,data/images/n02124075/n02124075_10164.JPEG,cat,butterfly, A cat sitting on a ledge looking at a cat statue. ,A colorful butterfly with intricate patterns on its wings.
1063,data/images/n03272010/n03272010_17735.JPEG,guitar,watch or watches, A band performing on stage with a large screen displaying a man's face. ,"This image depicts a collection of colorful and stylish watches, showcasing various designs for both men and women."
1064,data/images/n03180011/n03180011_19233.JPEG,computer,computer, A dark room with a computer desk and multiple monitors. ,"A colorful, hand-drawn illustration of a robot cat with large eyes and an open mouth, sitting on a patterned background."
1065,data/images/n04086273/n04086273_12999.JPEG,gun,camera," A vintage rifle with a wooden case, placed on a wooden table. ",A camera captures a scene with vibrant colors and sharp details.
1066,data/images/n04069434/n04069434_9580.JPEG,camera,gun, A vintage camera with a lens on a wooden table. ,A realistic painting of a hunting rifle with a detailed wooden stock and brass fittings.
1067,data/images/n02690373/n02690373_3492.JPEG,airplane,clownfish or fish, A blue and white airplane on the runway. ,"A colorful fish with a unique pattern, swimming in an aquarium."
1068,data/images/n02992529/n02992529_14442.JPEG,cell phone,canoe or boat, A white star-shaped tray holds two cell phones. ,A large canoe with a small boat next to it.
1069,data/images/n02906734/n02906734_20509.JPEG,brush,brush, Two people shoveling snow on an ice rink. ,"A large, fluffy brush with soft bristles and a curved handle, perfect for gently cleaning surfaces without leaving any streaks or marks."
1070,data/images/n03888257/n03888257_16741.JPEG,parachutes,parachutes, A group of people are flying a colorful kite in a park. ,"A colorful parachute with a person inside it, floating gently down from the sky."
1071,data/images/n04044716/n04044716_12999.JPEG,tower,camera, A large metal satellite dish in a field. ,"A close-up photograph of a colorful, intricately designed mechanical clock with Roman numerals and ornate details."
1072,data/images/n02492035/n02492035_16430.JPEG,monkey,monkey, A white and black monkey with sad eyes is behind a metal cage. ,A monkey with a mischievous grin is sitting on a tree branch.
1073,data/images/n03877472/n03877472_28707.JPEG,girl,gloves, A young girl in a blue pajama with a snowman design is standing in a doorway. ,A pair of red gloves with white stripes on the back.
1074,data/images/n03584829/n03584829_37429.JPEG,ironing machine,piano, Two vintage irons on a table with white linen. ,"A beautiful woman with long, flowing hair and a radiant smile is posing gracefully in front of a lush green background."
1075,data/images/n02951358/n02951358_6087.JPEG,canoe or boat,canoe or boat, A green canoe on a rocky shoreline. ,A canoe and a boat are both types of watercraft.
1076,data/images/n03888257/n03888257_7960.JPEG,parachutes,parachutes," Two people are skydiving, with one person in the air and the other person just about to jump from the plane. ",A parachute-wearing person descending gracefully from a great height.
1077,data/images/n04120489/n04120489_14875.JPEG,shoes,gun, A close-up view of a sports shoe with a blue and white color scheme. ,A realistic painting of a revolver with intricate details and worn leather holster.
1078,data/images/n03180011/n03180011_4255.JPEG,computer,guitar," The image shows a desktop computer with a monitor, keyboard, and mouse, along with a water cooler system. ","A colorful, intricate guitar with a unique design featuring various patterns and shapes on its body."
1079,data/images/n02504458/n02504458_2716.JPEG,elephant,panda or pandas," A large elephant with tusks and a long trunk, standing in a grassy field. ","A panda is a cute and cuddly bear-like animal with black patches around its eyes, which is native to China."
1080,data/images/n03197337/n03197337_2141.JPEG,watch or watches,guitar," The image shows a digital wristwatch with a blue screen displaying the time ""8:10"" and the date ""10"". ","A vintage, well-maintained acoustic guitar with intricate inlays and a dark mahogany finish."
1081,data/images/n03452741/n03452741_24828.JPEG,piano,ball, A grand piano in a room with a portrait on the wall. ,A spherical ball with a striped pattern on its surface.
1082,data/images/n03709823/n03709823_14136.JPEG,handbag,handbag," A small, colorful, child's tote bag with a cartoon character on it, sitting on a wooden floor. ","A small, rectangular handbag with a single handle and a flap that fastens with a clasp."
1083,data/images/n11939491/n11939491_51732.JPEG,flower,flower," The image shows a close-up of a daisy with white petals and a yellow center, surrounded by other daisies in the background. ",A colorful bouquet of flowers with various petals and stems.
1084,data/images/n03792972/n03792972_4392.JPEG,camp or camping,camp or camping, A tent pitched in a field with several RVs parked in the background. ,"A cozy campsite surrounded by nature, perfect for a family to enjoy outdoor activities and bonding."
1085,data/images/n04044716/n04044716_11204.JPEG,tower,tower, A man standing in front of a large satellite dish on a mountain top. ,"A towering, futuristic cityscape with a mix of geometric shapes and vibrant colors."
1086,data/images/n03180011/n03180011_4664.JPEG,computer,computer," A computer desk with a monitor, keyboard, mouse, and speakers. ","A colorful abstract pattern of intertwined shapes and lines, evoking a sense of movement and energy."
1087,data/images/n03180011/n03180011_19233.JPEG,computer,computer, A dark room with a computer desk and multiple monitors. ,"A colorful, abstract pattern of intertwined shapes and lines forming a circular composition."
1088,data/images/n07873807/n07873807_1477.JPEG,pizza,mushroom, A pepperoni pizza on a baking sheet. ,A colorful mushroom with a large cap and gills.
1089,data/images/n02951358/n02951358_2037.JPEG,canoe or boat,cell phone, A woman in a canoe on a lake with trees in the background. ,A close-up of a woman's hand holding an iPhone with colorful wallpaper.
1090,data/images/n03272010/n03272010_17735.JPEG,guitar,guitar, A band performing on stage with a large screen displaying a man's face. ,"A beautifully crafted acoustic guitar with a rich, dark wood finish and intricate detailing on the body and neck."
1091,data/images/n04044716/n04044716_11204.JPEG,tower,pool table, A man standing in front of a large satellite dish on a mountain top. ,A wooden table with a pool-patterned cloth and balls.
1092,data/images/n02906734/n02906734_21829.JPEG,brush,clownfish or fish," A blue dustpan with a flower design on it, sitting on the ground next to a box. ","A clownfish, also known as a fish, is an aquatic animal with vibrant colors and distinctive markings."
1093,data/images/n04086273/n04086273_17042.JPEG,gun,flower," A soldier in a military uniform holding a rifle with a scope, wearing sunglasses and a helmet. ","A colorful bouquet of flowers, with various petals and stems in a variety of shades and hues."
1094,data/images/n03452741/n03452741_5127.JPEG,piano,piano, An older man in a red sweater is playing a black piano. ,"A beautiful, well-maintained piano with a polished wooden finish and intricate details on the keys."
1095,data/images/n03709823/n03709823_25550.JPEG,handbag,rocket, A black leather purse with a flap and a gold buckle. ,"A large, sleek rocket stands on a launch pad with its engines illuminated and ready for takeoff."
1096,data/images/n03376595/n03376595_11049.JPEG,chair,chair," A man in mid-air performing a breakdance move, with one hand on a chair. ","A comfortable, wooden chair with a cushioned seat and backrest."
1097,data/images/n03197337/n03197337_5937.JPEG,watch or watches,computer, A man wearing a bright orange watch with a digital display. ,"A colorful, hand-drawn illustration of a cartoon cat wearing sunglasses and a bow tie, sitting on a bright yellow background with a striped pillow."
1098,data/images/n02510455/n02510455_6311.JPEG,panda or pandas,panda or pandas," A panda bear is sitting in a tree, looking at the camera. ","A panda, or pandas, is a bear-like mammal native to China."
1099,data/images/n02906734/n02906734_21440.JPEG,brush,panda or pandas," A group of people playing indoor curling, with one person in the process of throwing the curling stone. ",A panda sitting on a log.
1100,data/images/n03792782/n03792782_757.JPEG,bicycle,gloves, A woman riding a bicycle on a trail. ,A pair of gloves with intricate embroidery and delicate detailing.
1101,data/images/n03877472/n03877472_28953.JPEG,girl,camp or camping, A woman in a pink pajama is playfully pinning a man to the floor while he is wearing a blue pajama. ,"A campsite with a tent, campfire, and outdoor furniture in the background."
1102,data/images/n04086273/n04086273_8280.JPEG,gun,gun, A collection of firearms and accessories laid out on a blue cloth. ,"A realistic-looking handgun with a black polymer grip and metal accents, mounted on a white background."
1103,data/images/n03982430/n03982430_4411.JPEG,pool table,pool table," A room with a pool table, dartboard, and a painting of a baseball team. ","A pool table is a large surface with pockets and lines, typically used for playing billiards or other games that involve rolling balls."
1104,data/images/n02951358/n02951358_7348.JPEG,canoe or boat,handbag, A painting of a man and his dog in a canoe on a lake at sunset. ,"A stylish handbag with a unique design, perfect for adding a pop of color to any outfit."
1105,data/images/n03297495/n03297495_2948.JPEG,coffee maker,pumpkin, A black espresso machine with two cups of coffee on the spout. ,"A large, orange pumpkin with a small stem sits on a wooden table surrounded by autumn leaves."
1106,data/images/n03982430/n03982430_27656.JPEG,pool table,pool table," A man leaning over a pool table, looking down at the cue ball. ","A traditional 8-foot pool table with a green felt surface, wooden borders, and metal legs."
1107,data/images/n02124075/n02124075_57.JPEG,cat,cat, A small kitten with yellow eyes and a spotted coat is sitting on a carpeted floor. ,A cat wearing a hat sits on a couch with stripes.
1108,data/images/n02690373/n02690373_2109.JPEG,airplane,airplane, A white airplane flying over a body of water with a city in the background. ,The image depicts a large airplane with wings outstretched and engines in motion.
1109,data/images/n03063599/n03063599_1320.JPEG,coffee mug,cell phone, A red espresso machine with a pressure gauge and a black handle. ,"A close-up of a smartphone's screen displaying various icons and text, including an email notification symbol, calendar event reminder, calculator app icon, and music note."
1110,data/images/n03590841/n03590841_10934.JPEG,pumpkin,handbag," A carved pumpkin with a scary face sits on a porch, illuminated by red lights. ","A large, colorful handbag with intricate detailing on the front and a long strap for carrying over the shoulder."
1111,data/images/n03452741/n03452741_16744.JPEG,piano,ball, A man is playing a piano in a restaurant with a mcdonald's sign in the background. ,"A colorful, spherical ball with a small hole in the center."
1112,data/images/n11939491/n11939491_16390.JPEG,flower,shoes," The image features a single white daisy with a yellow center, surrounded by green foliage. ","The image depicts a pair of brown leather shoes with intricate detailing on the upper portion, accompanied by a matching belt and buckle."
1113,data/images/n02106662/n02106662_62679.JPEG,dog,dog," A German Shepherd dog with its tongue out, standing in a grassy area. ",A friendly dog wearing a red collar and sitting on a white background.
1114,data/images/n07873807/n07873807_8875.JPEG,pizza,fruits and vegetables, A slice of pizza with mushrooms and spinach on a white plate. ,"This image depicts a colorful assortment of fruits and vegetables, arranged in a visually appealing manner to promote healthy eating."
1115,data/images/n02281787/n02281787_2216.JPEG,butterfly,butterfly, A small blue butterfly perched on a rock. ,A colorful butterfly fluttering in a field of flowers.
1116,data/images/n04120489/n04120489_6792.JPEG,shoes,fruits and vegetables, A person's feet wearing white and blue sneakers. ,"The image depicts a variety of fruits and vegetables arranged in a colorful, eye-catching display for sale or consumption."
1117,data/images/n03792782/n03792782_442.JPEG,bicycle,bicycle, A man riding a bicycle on a rocky trail. ,A bicycle with a basket and chain.
1118,data/images/n04120489/n04120489_6812.JPEG,shoes,shoes, A black and white shoe on a brick patio. ,"The image depicts a pair of colorful, high-top canvas sneakers with metallic accents and bold branding."
1119,data/images/n02906734/n02906734_17960.JPEG,brush,brush, A broom leaning against a doorway in a building. ,"A fluffy, multicolored brush with soft bristles that gently cleanses and enhances the appearance of various objects."
1120,data/images/n02504458/n02504458_4080.JPEG,elephant,elephant, A group of elephants with their tusks interlocked. ,A large gray elephant with a trunk and ears.
1121,data/images/n03180011/n03180011_16171.JPEG,computer,guitar, A silver desktop computer with keyboard and mouse on a white background. ,"A vintage Fender Stratocaster electric guitar with a sunburst finish, adorned with colorful stickers and unique accessories."
1122,data/images/n04069434/n04069434_7064.JPEG,camera,shoes, A black Minolta camera with a zoom lens. ,"A colorful, eye-catching pair of shoes with intricate patterns and bold designs."
1123,data/images/n02504458/n02504458_3816.JPEG,elephant,panda or pandas, A large elephant standing in a grassy field. ,"A panda bear, a large mammal native to China."
1124,data/images/n03063599/n03063599_1320.JPEG,coffee mug,car, A red espresso machine with a pressure gauge and a black handle. ,"A vintage sports car with a sleek design and powerful engine, parked on a scenic overlook with panoramic views of the surrounding landscape."
1125,data/images/n03063599/n03063599_691.JPEG,coffee mug,cell phone, A blue mug with a white logo on it. ,"A close-up of a smartphone, showing its sleek design and touch screen."
1126,data/images/n03063599/n03063599_3890.JPEG,coffee mug,car, A hand holding a mug with a blue background and a handprint design. ,"A red sports car with a black convertible top, parked on a scenic hilltop overlooking the ocean."
1127,data/images/n02690373/n02690373_5870.JPEG,airplane,airplane, A large white airplane with blue and red accents parked on a runway. ,A large airplane with multiple wings and engines in the sky.
1128,data/images/n11939491/n11939491_4441.JPEG,flower,flower," Three flowers with red, yellow, and white petals in a vase. ","A colorful bouquet of flowers, with a variety of petals in various stages of bloom and growth."
1129,data/images/n04044716/n04044716_555.JPEG,tower,tower, A cherry picker is lifting a worker to repair a satellite dish. ,"A towering, futuristic sculpture of interconnected cubes."
1130,data/images/n02124075/n02124075_7825.JPEG,cat,cat, Two cats lying on a bed with a leopard print blanket. ,"A cute little kitten with a fluffy white fur, sitting on its hind legs and looking straight at the camera."
1131,data/images/n03775071/n03775071_3297.JPEG,gloves,rocket," A pair of handmade, knitted gloves with a mix of brown, orange, and black yarn. ","A large, sleek rocket with a powerful engine and advanced technology."
1132,data/images/n04086273/n04086273_12999.JPEG,gun,gun," A vintage rifle with a wooden case, placed on a wooden table. ","A realistic painting of a sunset over the ocean, with calm water and vibrant colors."
1133,data/images/n04120489/n04120489_6812.JPEG,shoes,shoes, A black and white shoe on a brick patio. ,"A pair of colorful, high-top canvas sneakers with white laces and a branded logo on the side."
1134,data/images/n03792782/n03792782_51296.JPEG,bicycle,bicycle, A green bicycle parked on a brick sidewalk. ,A bicycle with a basket and fenders.
1135,data/images/n03888257/n03888257_39021.JPEG,parachutes,parachutes, A person is skydiving with an American flag attached to their ankles. ,A colorful parachute with a person inside it is descending gently to the ground.
1136,data/images/n02106662/n02106662_49005.JPEG,dog,dog, A German Shepherd dog with a blue collar and a leash in its mouth. ,"A fluffy white dog sits on a grassy hill, gazing at the viewer with big brown eyes."
1137,data/images/n02492035/n02492035_16430.JPEG,monkey,monkey, A white and black monkey with sad eyes is behind a metal cage. ,A monkey with a mischievous expression on its face.
1138,data/images/n03709823/n03709823_18874.JPEG,handbag,handbag, A blue and white bag with a square design on it. ,"A small, rectangular handbag with a single handle attached to each side."
1139,data/images/n03775071/n03775071_9475.JPEG,gloves,bicycle, Two gray knitted gloves with frayed cuffs and a black logo on the back of each. ,"A bicycle with a basket on the front, painted in bright colors."
1140,data/images/n02690373/n02690373_736.JPEG,airplane,clownfish or fish," A white airplane with blue and orange lettering on the tail, parked on the tarmac at an airport. ","A colorful fish with a unique appearance, commonly found in the Indian and Pacific Oceans."
1141,data/images/n02124075/n02124075_14886.JPEG,cat,cat, A cat with yellow eyes and a white nose. ,A cat wearing a hat with flowers on it.
1142,data/images/n04086273/n04086273_12999.JPEG,gun,tower," A vintage rifle with a wooden case, placed on a wooden table. ","A towering, futuristic cityscape with a glowing orb at its center."
1143,data/images/n02124075/n02124075_6197.JPEG,cat,cat, A white cat and a gray cat stand on a dirt road in front of a house. ,A fluffy white cat with green eyes sits on a wooden floor.
1144,data/images/n02389026/n02389026_724.JPEG,horse,horse, A young brown horse with a white blaze on its face is walking in a grassy field. ,A white horse with a black mane and tail standing in a field.
1145,data/images/n03709823/n03709823_7134.JPEG,handbag,ironing machine," A dirty, beige canvas bag with a white label on it. ","A portable, automatic ironing machine with a folding design and a handle for easy transportation."
1146,data/images/n04120489/n04120489_14875.JPEG,shoes,fruits and vegetables, A close-up view of a sports shoe with a blue and white color scheme. ,"A colorful assortment of fruits and vegetables, arranged in a visually appealing manner."
1147,data/images/n11939491/n11939491_51732.JPEG,flower,fruits and vegetables," The image shows a close-up of a daisy with white petals and a yellow center, surrounded by other daisies in the background. ","The image depicts a variety of fruits and vegetables, including apples, oranges, tomatoes, cucumbers, and peppers."
1148,data/images/n03297495/n03297495_1447.JPEG,coffee maker,pumpkin, A vintage metal hand juicer on a table. ,"A large, orange pumpkin with a smooth, rounded shape."
1149,data/images/n02607072/n02607072_2525.JPEG,clownfish or fish,elephant, A clownfish peeking out from behind a coral reef. ,A large elephant
1150,data/images/n07753592/n07753592_10233.JPEG,fruits and vegetables,shoes, A ripe banana with a brown spot on the end. ,"The image depicts a pair of colorful, high-top canvas sneakers with white laces and red accents."
1151,data/images/n02690373/n02690373_1055.JPEG,airplane,airplane," A large white airplane with the words ""A380"" on the side, flying through a blue sky with clouds. ","The image depicts a large airplane with multiple wings and propellers, designed for commercial transportation purposes."
1152,data/images/n03272010/n03272010_6978.JPEG,guitar,train, A white electric guitar leaning against a wall. ,"A colorful and intricate illustration of a steam train, with detailed depictions of the surrounding landscape and buildings."
1153,data/images/n03982430/n03982430_4411.JPEG,pool table,pool table," A room with a pool table, dartboard, and a painting of a baseball team. ",A pool table is a rectangular table with pockets and lines for playing the game of billiards or snooker.
1154,data/images/n03272562/n03272562_4339.JPEG,train,guitar, A train on the tracks with cargo cars behind it. ,"A colorful, intricately designed acoustic guitar with a unique and eye-catching appearance."
1155,data/images/n03709823/n03709823_24745.JPEG,handbag,handbag, A pink duffel bag with a white logo on it. ,"A medium-sized handbag with a floral pattern, made of leather and featuring gold hardware accents."
1156,data/images/n07873807/n07873807_8875.JPEG,pizza,mushroom, A slice of pizza with mushrooms and spinach on a white plate. ,A colorful mushroom with intricate patterns and a tall stem.
1157,data/images/n03888257/n03888257_19211.JPEG,parachutes,parachutes, A surreal image of a hot air balloon floating above a barren landscape with a rainbow in the sky. ,A man wearing a parachute jumps from an airplane while floating gracefully through the sky.
1158,data/images/n04044716/n04044716_12999.JPEG,tower,tower, A large metal satellite dish in a field. ,"A towering, futuristic cityscape with a mix of residential and commercial buildings."
1159,data/images/n03272562/n03272562_4071.JPEG,train,train," An old train car sits on the tracks, waiting for its next journey. ","This image depicts a close-up view of an intricate, hand-painted wooden chess set with various pieces arranged on a dark background."
1160,data/images/n03775071/n03775071_15065.JPEG,gloves,bicycle, Two knitted gloves with a colorful pattern on a gray surface. ,A bicycle with a basket and fenders.
1161,data/images/n03445777/n03445777_2493.JPEG,ball,piano, A green plastic basket filled with golf balls on a golf course. ,"A woman wearing a red dress stands in front of a white wall, her hair flowing down her back."
1162,data/images/n03180011/n03180011_10086.JPEG,computer,computer," A man sitting at a desk in a room with two computers, a monitor, and a keyboard. ","A colorful abstract pattern of intertwined geometric shapes and lines, creating a dynamic visual texture."
1163,data/images/n03376595/n03376595_8346.JPEG,chair,pumpkin, A large number of blue seats in a stadium. ,"A large, orange pumpkin with a wide mouth and smooth surface."
1164,data/images/n03590841/n03590841_6633.JPEG,pumpkin,handbag," A carved pumpkin with a face and eyes, sitting on a table. ","A colorful handbag with a unique design, featuring intricate patterns and shapes."
1165,data/images/n03100240/n03100240_1391.JPEG,car,coffee mug, An orange convertible sports car on display at a car show. ,"A colorful coffee mug featuring a cute cartoon character, adorned with vibrant patterns and playful elements."
1166,data/images/n02492035/n02492035_3912.JPEG,monkey,airplane," A monkey in a cage, looking out with a sad expression. ","The image depicts a large airplane with multiple wings and propellers, designed for efficient air travel."
1167,data/images/n03452741/n03452741_2123.JPEG,piano,piano, A man in a red coat and black pants is playing a piano in a room with a chandelier. ,"A beautiful, intricate piano with a glossy finish and delicate detailing on the keys."
1168,data/images/n02124075/n02124075_10164.JPEG,cat,cat, A cat sitting on a ledge looking at a cat statue. ,A white cat sits on a blue rug with its paws crossed.
1169,data/images/n03180011/n03180011_20934.JPEG,computer,computer, A desktop computer with a monitor displaying a webpage. ,"A colorful, abstract painting of a sun and moon with swirling patterns in the sky."
1170,data/images/n03197337/n03197337_16730.JPEG,watch or watches,watch or watches," A black and white wristwatch with a digital display, sitting on a brown box. ","This image depicts a variety of wristwatches, showcasing different styles and designs for men and women."
1171,data/images/n11939491/n11939491_5055.JPEG,flower,flower, A white daisy with a yellow center. ,"A colorful, intricate flower with multiple petals and a central bud, surrounded by small leaves."
1172,data/images/n02906734/n02906734_21440.JPEG,brush,monkey," A group of people playing indoor curling, with one person in the process of throwing the curling stone. ","A primate with a large, round face and prominent eyes, typically found in tropical rainforests."
1173,data/images/n02906734/n02906734_6542.JPEG,brush,brush, A collection of four brooms with different colored bristles. ,"The image depicts a traditional painting brush with bristles made of natural fibers, likely for use in oil or acrylic paint applications."
1174,data/images/n03376595/n03376595_8346.JPEG,chair,chair, A large number of blue seats in a stadium. ,"A comfortable, wooden armchair with intricate carvings and a high backrest."
1175,data/images/n03775071/n03775071_2160.JPEG,gloves,handbag," A hand-knitted sock with a colorful pattern, sitting on a table with knitting needles and a piece of paper. ","A small, stylish handbag with a handle for easy carrying."
1176,data/images/n07873807/n07873807_7685.JPEG,pizza,shoes," A large pizza with cheese, basil, and tomato sauce on a plate. ","A colorful, cartoonish shoe with a high heel and a chunky sole."
1177,data/images/n11939491/n11939491_10024.JPEG,flower,flower, A black and white photograph of a single daisy with a white center and a dark brown center. ,"A colorful bouquet of flowers with various petals and stems, arranged in a circular pattern."
1178,data/images/n03792972/n03792972_17744.JPEG,camp or camping,bicycle," A man stands in a field with a tent, mountains, and a camera, looking out at the landscape. ",A bicycle with a basket and chain guard.
1179,data/images/n03297495/n03297495_6860.JPEG,coffee maker,train, This is an image of a modern espresso machine with a cup of coffee being dispensed. ,"The image depicts a bustling train station with people carrying luggage and newspapers, while others board or disembark from trains."
1180,data/images/n04069434/n04069434_9580.JPEG,camera,camera, A vintage camera with a lens on a wooden table. ,"A close-up photograph of a vintage camera with intricate details and a warm, nostalgic atmosphere."
1181,data/images/n07753592/n07753592_3018.JPEG,fruits and vegetables,fruits and vegetables, A bunch of bananas growing on a tree. ,"A colorful assortment of fruits and vegetables, arranged in a visually appealing manner."
1182,data/images/n11939491/n11939491_5055.JPEG,flower,flower, A white daisy with a yellow center. ,"A colorful, delicate flower with a single petal that appears to be gently waving in the breeze."
1183,data/images/n03888257/n03888257_18921.JPEG,parachutes,parachutes, A person is kiteboarding on a frozen lake. ,The image depicts a group of people wearing parachutes as they prepare to jump from an airplane.
1184,data/images/n04120489/n04120489_10588.JPEG,shoes,fruits and vegetables, A white and red tennis shoe with a black and yellow logo. ,"A colorful assortment of fruits and vegetables, arranged in a decorative pattern."
1185,data/images/n03877472/n03877472_2301.JPEG,girl,girl," Two young girls sitting on the floor, smiling and posing for the camera. ","A young girl with long, curly hair and big eyes looks directly at the camera while sitting on a colorful rug."
1186,data/images/n03773504/n03773504_6291.JPEG,rocket,gloves, A large nuclear missile inside a missile silo. ,"A pair of gloves with a unique design, featuring intricate patterns and vibrant colors."
1187,data/images/n03775071/n03775071_2160.JPEG,gloves,bicycle," A hand-knitted sock with a colorful pattern, sitting on a table with knitting needles and a piece of paper. ",A bicycle with a basket and fenders.
1188,data/images/n03775071/n03775071_9939.JPEG,gloves,rocket," A green and white knitted sock in progress, with a crochet hook in the middle. ","A large, white rocket with a red and blue tail stands on the launch pad at Cape Canaveral Air Force Station in Florida."
1189,data/images/n02281787/n02281787_1529.JPEG,butterfly,butterfly," A blue butterfly with brown spots on its wings, perched on a plant. ",A colorful butterfly with intricate patterns on its wings.
1190,data/images/n03272010/n03272010_6705.JPEG,guitar,guitar, A green electric guitar leaning against a wall. ,"A colorful, intricate guitar with a unique design featuring various patterns and shapes."
1191,data/images/n02281787/n02281787_5770.JPEG,butterfly,cat, A brown and white butterfly perched on a branch. ,A black cat with white fur sits on a wooden floor.
1192,data/images/n03376595/n03376595_10737.JPEG,chair,chair, A folding chair in a grassy field. ,"A wooden armchair with a high back and armrests, painted white."
1193,data/images/n02690373/n02690373_3537.JPEG,airplane,airplane, A large airplane parked on the tarmac at an airport. ,"A large airplane is taking off into the sky, with many people on board and a powerful engine."
1194,data/images/n03775071/n03775071_10573.JPEG,gloves,gloves, A purple knitted glove with a white stripe on the palm. ,"A pair of gloves with intricate embroidery and beading on the back, worn by a woman in Victorian-era clothing."
1195,data/images/n02906734/n02906734_17960.JPEG,brush,brush, A broom leaning against a doorway in a building. ,"This image depicts a colorful, fluffy brush with soft bristles that appears to be gently sweeping across a pristine white surface."
1196,data/images/n02510455/n02510455_95099.JPEG,panda or pandas,cat, A panda bear sitting on a tree branch in an enclosure. ,"A colorful, intricate image of a cat sitting on a patterned rug."
1197,data/images/n03063599/n03063599_1096.JPEG,coffee mug,coffee mug," A white mug with a green design and the word ""tea"" on it. ","A coffee mug features a cartoon character with a wide grin and colorful, abstract patterns on its surface."
1198,data/images/n07873807/n07873807_8175.JPEG,pizza,pizza," A man in a costume sits next to a goat, holding a pizza box and a wooden bow. ","A colorful, cheesy pizza with various toppings and a slice cut into two parts."
1199,data/images/n07753592/n07753592_11911.JPEG,fruits and vegetables,fruits and vegetables, A street vendor selling fruit to customers. ,"A colorful assortment of fruits and vegetables, arranged in a visually appealing manner."
1200,data/images/n02510455/n02510455_15145.JPEG,panda or pandas,elephant, A black and white panda bear sitting in an enclosure. ,A large gray elephant with a trunk and ears.
1201,data/images/n03272010/n03272010_6219.JPEG,guitar,coffee maker," A black electric guitar with a white pickguard, a red star sticker, and a Fender logo on the headstock, sitting on a carpeted floor next to a black amplifier. ","The image depicts a sleek and modern coffee maker with an integrated milk frother, designed for both home and office use."
1202,data/images/n13054560/n13054560_294.JPEG,mushroom,mushroom," A large yellow mushroom with a brown stem and a brown cap, surrounded by green foliage. ","A colorful, multicolored mushroom with a large cap and small stem."
1203,data/images/n07753592/n07753592_14206.JPEG,fruits and vegetables,pizza, A bunch of green bananas hanging from a tree. ,"A colorful, cheesy pizza with various toppings and a bubbly crust."
1204,data/images/n11939491/n11939491_48574.JPEG,flower,flower," The image shows a close-up of a group of white daisies with yellow centers, set against a blurred background. ","A delicate, colorful flower with petals that seem to be gently waving in the breeze."
1205,data/images/n03376595/n03376595_10737.JPEG,chair,coffee maker, A folding chair in a grassy field. ,"The image depicts a sleek, modern coffee maker with multiple features and settings."
1206,data/images/n03272010/n03272010_17735.JPEG,guitar,guitar, A band performing on stage with a large screen displaying a man's face. ,A vintage guitar with intricate floral designs on the body and a unique headstock adorned with colorful gems.
1207,data/images/n02951358/n02951358_11607.JPEG,canoe or boat,cell phone, A man in a red life vest is paddling a green canoe on a river. ,The image depicts a smartphone with a touchscreen display and physical buttons.
1208,data/images/n02607072/n02607072_1617.JPEG,clownfish or fish,clownfish or fish, Two clownfish swimming near a coral reef. ,"A clownfish, also known as a fish with a bright orange and white coloration."
1209,data/images/n02607072/n02607072_3433.JPEG,clownfish or fish,clownfish or fish, A vibrant underwater scene with a variety of colorful fish and coral. ,A clownfish is a type of colorful fish with distinctive markings on its face.
1210,data/images/n02906734/n02906734_20509.JPEG,brush,panda or pandas, Two people shoveling snow on an ice rink. ,A panda is a cute bear-like animal with black patches and white fur.
1211,data/images/n03709823/n03709823_12670.JPEG,handbag,pumpkin, A dark blue tote bag with brown leather accents and a tan strap. ,"A large, orange pumpkin with a wide base and deep ridges."
1212,data/images/n02504458/n02504458_3816.JPEG,elephant,elephant, A large elephant standing in a grassy field. ,A large gray elephant with a small trunk stands in a lush green forest.
1213,data/images/n03297495/n03297495_1204.JPEG,coffee maker,coffee maker, This is an image of a coffee machine with two cups of coffee on the spout. ,"The image depicts a sleek, modern coffee maker with multiple features and settings."
1214,data/images/n03100240/n03100240_2138.JPEG,car,computer, A blue convertible sports car on a gray background. ,"A colorful, hand-drawn illustration of a cartoon cat wearing glasses and holding a microphone."
1215,data/images/n03709823/n03709823_595.JPEG,handbag,handbag, A gray and white cat peeking out of a brown paper bag. ,"A small, rectangular handbag with a single handle and a flap to close it."
1216,data/images/n03888257/n03888257_18921.JPEG,parachutes,parachutes, A person is kiteboarding on a frozen lake. ,A group of people using parachutes are descending towards the ground in a peaceful and coordinated manner.
1217,data/images/n03063599/n03063599_552.JPEG,coffee mug,coffee mug," A small terracotta pot with the word ""shape"" written on it. ",A colorful coffee mug with a cartoon character on it.
1218,data/images/n03584829/n03584829_13149.JPEG,ironing machine,ironing machine," Two women standing on the street, one holding an iron and the other holding a shirt, both looking at the iron. ","A portable, energy-efficient ironing machine with multiple settings for various fabrics."
1219,data/images/n04044716/n04044716_9463.JPEG,tower,pool table, A large white satellite dish. ,"A well-worn pool table with a vibrantly colored border and intricate patterns on the surface, surrounded by four attentive spectators."
1220,data/images/n03452741/n03452741_1177.JPEG,piano,piano," A small, handmade piano with a black felt lid and a brown felt seat. ","A beautiful grand piano in a spacious, elegant room."
1221,data/images/n03775071/n03775071_9939.JPEG,gloves,bicycle," A green and white knitted sock in progress, with a crochet hook in the middle. ",A bicycle with a basket and chain.
1222,data/images/n03272562/n03272562_8931.JPEG,train,train, Two red trains parked on train tracks. ,"A colorful, hand-drawn illustration of a cartoon train with multiple cars and smoke puffs emerging from its stack."
1223,data/images/n07873807/n07873807_18033.JPEG,pizza,flower," Two pizzas on a baking sheet, one with cheese and olives, the other with cheese, olives, and sausage. ","A colorful bouquet of flowers, with vibrant hues and delicate petals."
1224,data/images/n03272010/n03272010_6978.JPEG,guitar,guitar, A white electric guitar leaning against a wall. ,"A black electric guitar with white and silver accents, displayed on a stand surrounded by musical equipment."
1225,data/images/n03063599/n03063599_3714.JPEG,coffee mug,coffee mug, Two blue mugs with handles on a table. ,A coffee mug featuring a cartoon character holding a balloon.
1226,data/images/n03100240/n03100240_20935.JPEG,car,car, A silver car on display at a car show. ,A red sports car is parked on a winding road surrounded by lush greenery.
1227,data/images/n03982430/n03982430_13651.JPEG,pool table,pool table, A pool table with red balls and a black cue ball. ,"A pool table is a rectangular table with a felt surface and pockets, used for the game of billiards."
1228,data/images/n03773504/n03773504_14109.JPEG,rocket,handbag, A series of four photos showing a missile launching from the ocean. ,"A small, rectangular handbag with a single handle and a detachable shoulder strap."
1229,data/images/n03982430/n03982430_20620.JPEG,pool table,pool table," A man is playing pool, leaning over the table, and aiming at a red ball with a cue stick. ","A pool table is a rectangular table with pockets on it, typically used for playing billiards or other games."
1230,data/images/n02124075/n02124075_6197.JPEG,cat,cat, A white cat and a gray cat stand on a dirt road in front of a house. ,A cute little kitten with big eyes and a fluffy tail.
1231,data/images/n02106662/n02106662_83638.JPEG,dog,cat, A German Shepherd dog in mid-run on a grassy field. ,"A cartoon cat wearing a hat and sunglasses, sitting on a couch with a striped pillow."
1232,data/images/n03792972/n03792972_5525.JPEG,camp or camping,camp or camping, Two tents set up on a hillside with a rocky outcropping and trees in the background. ,A fun and adventurous outdoor activity involving a temporary living space in nature.
1233,data/images/n02389026/n02389026_6377.JPEG,horse,horse, Two brown horses with long tails standing in a barn stall. ,"A majestic horse with flowing mane and tail, standing in a field of green grass."
1234,data/images/n02992529/n02992529_4366.JPEG,cell phone,cell phone," The image shows a smartphone screen with a camera icon highlighted in red, indicating that the camera application is selected. ","The image depicts a sleek, modern smartphone with a large touchscreen display and minimal buttons."
1235,data/images/n03982430/n03982430_17180.JPEG,pool table,pool table, A pool table with a cue ball on it. ,"A pool table is a large, flat surface with pockets and markings for playing billiards or other games on it."
1236,data/images/n03773504/n03773504_21104.JPEG,rocket,handbag," A large rocket with the name ""mace"" on it, flying through a cloudy sky. ","A medium-sized handbag with a structured design, featuring intricate detailing and vibrant colors."
1237,data/images/n04044716/n04044716_17472.JPEG,tower,camera, A large white satellite dish in a field. ,"A camera with a wide-angle lens captures vivid and detailed images of landscapes, architecture, and group photos."
1238,data/images/n03452741/n03452741_11539.JPEG,piano,ball, A black grand piano in a living room. ,"A colorful ball with a slightly raised texture, featuring concentric circles and swirls of varying sizes."
1239,data/images/n03888257/n03888257_39168.JPEG,parachutes,pool table," A group of parachutists in the sky, performing a stunt, with smoke trailing behind them. ","This image depicts a billiards table with cues, balls, and pockets."
1240,data/images/n02389026/n02389026_6377.JPEG,horse,horse, Two brown horses with long tails standing in a barn stall. , A white horse standing in a field.
1241,data/images/n11939491/n11939491_16390.JPEG,flower,flower," The image features a single white daisy with a yellow center, surrounded by green foliage. ","A colorful bouquet of flowers, with various petals in shades of pink and purple."
1242,data/images/n03197337/n03197337_1045.JPEG,watch or watches,computer, A white and black digital wristwatch with a white strap. ,"The image depicts a sleek, modern laptop with an attached keyboard and multiple ports on the side."
1243,data/images/n03877472/n03877472_23771.JPEG,girl,girl," Three women in pajamas sitting on a couch, smiling and posing for the camera. ","A colorful, intricate drawing of a girl with multiple elements depicted in the background."
1244,data/images/n03445777/n03445777_7947.JPEG,ball,ball, A golf ball on a shelf with a logo on it. ,A child is playing with a beach ball in the sand.
1245,data/images/n03445777/n03445777_2951.JPEG,ball,pumpkin," A golf ball on a green, in front of a hole. ",A colorful pumpkin with a cute face.
1246,data/images/n03100240/n03100240_16653.JPEG,car,cell phone, A red convertible parked on a driveway. ,"A colorful, abstract pattern of interwoven shapes and lines forming a dynamic design."
1247,data/images/n02690373/n02690373_398.JPEG,airplane,clownfish or fish, American airlines passenger jet in flight. ,"A clownfish, also known as an orange-faced fish with vibrant colors and a unique appearance."
1248,data/images/n03584829/n03584829_13555.JPEG,ironing machine,piano, A collection of various household appliance parts and components. ,A grand piano in a dimly lit room.
1249,data/images/n02504458/n02504458_481.JPEG,elephant,monkey, Two elephants standing in the mud. ,A monkey with a mischievous grin is depicted in the image.
1250,data/images/n03584829/n03584829_37429.JPEG,ironing machine,camp or camping, Two vintage irons on a table with white linen. ,"A campsite with tents, people, and outdoor furniture set up for a relaxing camping trip in nature."
1251,data/images/n03297495/n03297495_7249.JPEG,coffee maker,coffee maker," This is an image of a white espresso machine with a silver and black front panel, featuring two spouts and two buttons. ","The image depicts a coffee maker with a sleek, modern design and multiple brewing options."
1252,data/images/n03877472/n03877472_8388.JPEG,girl,girl, A baby wearing a pink and purple pajamas is laying on a bed. ,"A young girl with long, wavy hair and a pink dress stands in front of a white background."
1253,data/images/n13054560/n13054560_7616.JPEG,mushroom,mushroom, A mushroom growing in the woods. ,"A close-up photograph of a colorful, lumpy mushroom with intricate patterns and textures."
1254,data/images/n02951358/n02951358_29817.JPEG,canoe or boat,canoe or boat," A person in a red kayak on a river, surrounded by lush greenery and a wooden bridge. ","The image depicts a canoe, with two people seated inside and one person standing on the bow."
1255,data/images/n03888257/n03888257_6749.JPEG,parachutes,parachutes," Two people are skydiving, one is holding onto the other, they are in the air, and they are wearing helmets. ",A person wearing a parachute is descending gently towards the ground.
1256,data/images/n03709823/n03709823_16780.JPEG,handbag,pumpkin, A close-up view of a red purse with a silver chain strap. ,"A large, orange pumpkin with a smooth, rounded shape and a few small bumps on its surface."
1257,data/images/n03792972/n03792972_474.JPEG,camp or camping,bicycle, A dog sitting next to a tent on a city street. ,"A bicycle with a blue and white color scheme, featuring a basket on the front and a chain-link fence in the background."
1258,data/images/n04069434/n04069434_12869.JPEG,camera,gun," The image shows a black camera lens mount with a white ring and two circular rubber gaskets, one on each side of the mount. ","A realistic painting of a man holding a rifle, set against a wooden background."
1259,data/images/n03445777/n03445777_9216.JPEG,ball,piano, A pink golf ball on a tee in a field of yellow flowers. ,"A beautiful, elegant piano with a glossy finish and intricate details."
1260,data/images/n03888257/n03888257_7960.JPEG,parachutes,pool table," Two people are skydiving, with one person in the air and the other person just about to jump from the plane. ",A wooden pool table with a green felt surface and cues in the background.
1261,data/images/n03063599/n03063599_5019.JPEG,coffee mug,coffee mug, A white coffee mug with a blue and red design on it. ,"A colorful coffee mug featuring a playful illustration of a cat and a mouse, set against a vibrant background."
1262,data/images/n03272010/n03272010_11611.JPEG,guitar,guitar, A man playing a guitar at sunset. ,"A vintage acoustic guitar with a natural wood finish, adorned with intricate carvings and inlaid patterns on the headstock."
1263,data/images/n03792972/n03792972_2062.JPEG,camp or camping,girl, A tent set up in a wooded area. ,A colorful and intricate drawing of a fairy tale castle surrounded by lush greenery.
1264,data/images/n03180011/n03180011_5279.JPEG,computer,coffee mug," A man sitting at a computer desk, working on a computer. ",A colorful coffee mug with a cartoon character on it.
1265,data/images/n02124075/n02124075_7825.JPEG,cat,cat, Two cats lying on a bed with a leopard print blanket. ,A cat wearing a hat with ears.
1266,data/images/n03197337/n03197337_4120.JPEG,watch or watches,train, A silver wristwatch with a digital display and a black strap. ,"A colorful, hand-painted signboard featuring a variety of fruits and vegetables."
1267,data/images/n02492035/n02492035_24294.JPEG,monkey,butterfly," Two monkeys in a tree enclosure, one grooming the other. ",A colorful butterfly with intricate patterns on its wings.
1268,data/images/n03709823/n03709823_12670.JPEG,handbag,gloves, A dark blue tote bag with brown leather accents and a tan strap. ,A pair of gloves with intricate embroidery and delicate lace detailing.
1269,data/images/n03272562/n03272562_8639.JPEG,train,train, A blue and yellow train engine on the tracks with a yellow train car behind it. ,"A colorful train with multiple cars and a large engine, adorned with flowers and greenery."
1270,data/images/n03197337/n03197337_5937.JPEG,watch or watches,computer, A man wearing a bright orange watch with a digital display. ,"A close-up of a woman's face, with intricate patterns and colors forming an abstract design on her skin."
1271,data/images/n03792972/n03792972_2062.JPEG,camp or camping,camp or camping, A tent set up in a wooded area. ,"This image depicts a group of people participating in an outdoor camping activity, enjoying nature and each other's company."
1272,data/images/n03376595/n03376595_852.JPEG,chair,bicycle, A colorful folding chair with a checkered pattern. ,A bicycle with a basket on the front wheel.
1273,data/images/n04086273/n04086273_8280.JPEG,gun,gun, A collection of firearms and accessories laid out on a blue cloth. ,"A realistic, large-caliber revolver with a wooden grip and metal accents, designed for hunting or target practice."
1274,data/images/n07753592/n07753592_10252.JPEG,fruits and vegetables,shoes," A street vendor's cart filled with various fruits and vegetables, with a man and woman standing behind it. ","A colorful, abstract pattern of intertwined shapes and lines resembling a cityscape."
1275,data/images/n02607072/n02607072_505.JPEG,clownfish or fish,airplane, A clownfish swimming among the tentacles of an anemone. ,"A large airplane with multiple wings and engines, designed for commercial air travel."
1276,data/images/n02992529/n02992529_3673.JPEG,cell phone,cell phone," The image shows a Sony Ericsson Cyber-shot camera and a smartphone, both with a blue and black color scheme, against a yellow background. ",A close-up of a smartphone's screen displaying an abstract pattern with colorful dots.
1277,data/images/n02510455/n02510455_15145.JPEG,panda or pandas,elephant, A black and white panda bear sitting in an enclosure. ,A large elephant with a long trunk and floppy ears.
1278,data/images/n11939491/n11939491_7263.JPEG,flower,pizza, A white daisy with yellow center in the center of a large green leaf. ,A colorful pizza with various toppings and a slice of pizza on a plate.
1279,data/images/n03063599/n03063599_552.JPEG,coffee mug,cell phone," A small terracotta pot with the word ""shape"" written on it. ",A colorful abstract pattern of intertwined shapes and lines on a white background.
1280,data/images/n02389026/n02389026_2013.JPEG,horse,horse, A brown horse standing in a field. ,A majestic horse stands proudly in a field.
1281,data/images/n02906734/n02906734_3648.JPEG,brush,clownfish or fish, A yellow and orange broom with a metal handle. ,"A clownfish, also known as a anemonefish, is a small marine fish with vibrant colors and distinctive facial features."
1282,data/images/n02504458/n02504458_6155.JPEG,elephant,elephant, An elephant walking in a grassy area. ,A large elephant with a small trunk and tusks.
1283,data/images/n02389026/n02389026_9196.JPEG,horse,horse, A man riding a brown horse in a field. ,"A horse with a white mane and tail, standing in a field."
1284,data/images/n07873807/n07873807_3354.JPEG,pizza,fruits and vegetables, A large pepperoni pizza in a box. ,"A colorful assortment of fruits and vegetables, including grapes, strawberries, bell peppers, tomatoes, and leafy greens, displayed on a clean wooden surface."
1285,data/images/n03775071/n03775071_7792.JPEG,gloves,handbag, A pair of gray knitted gloves. ,"A small, rectangular handbag with a single handle and a flap closure."
1286,data/images/n02690373/n02690373_4671.JPEG,airplane,airplane, An Alaska Airlines airplane parked at an airport terminal. ,"A large airplane with multiple wings and engines, designed for efficient air travel."
1287,data/images/n02690373/n02690373_3537.JPEG,airplane,clownfish or fish, A large airplane parked on the tarmac at an airport. ,"A clownfish, also known as a fish with vibrant colors and playful patterns."
1288,data/images/n03100240/n03100240_13929.JPEG,car,car, A vintage black car with red trim parked on grass. ,"A vintage sports car with a sleek design and powerful engine, ready to take on the road."
1289,data/images/n07753592/n07753592_14206.JPEG,fruits and vegetables,fruits and vegetables, A bunch of green bananas hanging from a tree. ,"A colorful assortment of fruits and vegetables, arranged in a visually appealing manner to showcase their natural beauty."
1290,data/images/n02951358/n02951358_30776.JPEG,canoe or boat,canoe or boat, A group of people in kayaks on the ocean. ,A canoe and a boat are both depicted in this image.
1291,data/images/n03272010/n03272010_6978.JPEG,guitar,guitar, A white electric guitar leaning against a wall. ,"A colorful, intricately designed guitar with a unique shape and patterns adorning its surface."
1292,data/images/n04044716/n04044716_9463.JPEG,tower,pool table, A large white satellite dish. ,A pool table is a rectangular table with pockets and markings for playing the game of billiards.
1293,data/images/n03180011/n03180011_9576.JPEG,computer,computer, A silver desktop computer with a monitor in the background. ,"A colorful, abstract painting of overlapping geometric shapes and lines in various shades of blue, green, and purple."
1294,data/images/n03180011/n03180011_4255.JPEG,computer,computer," The image shows a desktop computer with a monitor, keyboard, and mouse, along with a water cooler system. ","A colorful, abstract painting of a sun and moon with swirling patterns in the sky."
1295,data/images/n04069434/n04069434_17439.JPEG,camera,gun, A person taking a selfie with a camera. ,"A realistic-looking firearm with a wooden stock and metal components, designed for display or collector purposes."
1296,data/images/n03877472/n03877472_3847.JPEG,girl,girl, A young girl is sitting on the floor surrounded by Christmas presents. ,"A young girl with long, flowing hair gazes confidently into the distance."
1297,data/images/n02510455/n02510455_95099.JPEG,panda or pandas,panda or pandas, A panda bear sitting on a tree branch in an enclosure. ,A panda is a cute and cuddly bear with distinctive black patches on its face.
1298,data/images/n02690373/n02690373_1055.JPEG,airplane,airplane," A large white airplane with the words ""A380"" on the side, flying through a blue sky with clouds. ","The image depicts a large airplane with multiple wings and engines, designed for long-distance travel and efficient air transportation."
1299,data/images/n03100240/n03100240_1391.JPEG,car,car, An orange convertible sports car on display at a car show. ,"A sleek, two-door sports car with a prominent front grille and angular headlights."
1300,data/images/n02124075/n02124075_14886.JPEG,cat,dog, A cat with yellow eyes and a white nose. ,A fluffy white dog sits on a wooden floor with a red background.
1301,data/images/n13054560/n13054560_5228.JPEG,mushroom,mushroom, A red mushroom with white spots growing in the grass. ,"A colorful, spotted mushroom with a small stem and cap."
1302,data/images/n02607072/n02607072_304.JPEG,clownfish or fish,clownfish or fish, Two clownfish swimming among the tentacles of an anemone. ,"A colorful fish with a unique appearance, commonly found in marine environments."
1303,data/images/n03775071/n03775071_7792.JPEG,gloves,gloves, A pair of gray knitted gloves. ,"A pair of warm, fuzzy gloves with a fluffy pom-pom on the wrist."
1304,data/images/n11939491/n11939491_12042.JPEG,flower,flower," A close-up photograph of white daisies with yellow centers, set against a dark blue background. ","A colorful bouquet of flowers, with various petals in shades of pink, purple, and yellow."
1305,data/images/n03063599/n03063599_3890.JPEG,coffee mug,coffee mug, A hand holding a mug with a blue background and a handprint design. ,A colorful coffee mug with a cartoon character on it.
1306,data/images/n03982430/n03982430_13651.JPEG,pool table,camera, A pool table with red balls and a black cue ball. ,"A camera lens with a black background and silver frame, capturing the subject's attention."
1307,data/images/n03063599/n03063599_3714.JPEG,coffee mug,car, Two blue mugs with handles on a table. ,"A small, two-door sports car with a sleek design and a prominent front grille."
1308,data/images/n02504458/n02504458_480.JPEG,elephant,elephant, An elephant standing in a zoo enclosure. ,A large elephant with a small trunk.
1309,data/images/n03063599/n03063599_858.JPEG,coffee mug,cell phone," Three coffee mugs with different colored handles and the word ""coffee matters"" on them. ",A colorful abstract pattern of interwoven shapes and lines.
1310,data/images/n03888257/n03888257_24025.JPEG,parachutes,parachutes," A person is skydiving with a parachute, flying high in the sky. ",A man wearing a parachute jumps into the air.
1311,data/images/n03452741/n03452741_2982.JPEG,piano,ironing machine, A showroom displaying a red grand piano and a black baby grand piano. ,A compact and efficient ironing machine for effortless clothes pressing.
1312,data/images/n04044716/n04044716_860.JPEG,tower,tower, A large satellite dish in a desert setting. ,"A colorful, intricate tower made of various objects and materials."
1313,data/images/n07873807/n07873807_16625.JPEG,pizza,shoes, A large pizza with various toppings on a metal tray on a table. ,"A pair of colorful, high-top sneakers with reflective details and laces."
1314,data/images/n04120489/n04120489_6812.JPEG,shoes,shoes, A black and white shoe on a brick patio. ,"A colorful pair of shoes with intricate patterns and a high heel, perfect for special occasions or dressing up."
1315,data/images/n03709823/n03709823_12670.JPEG,handbag,gloves, A dark blue tote bag with brown leather accents and a tan strap. ,A pair of gloves with intricate embroidery and beading on the cuffs.
1316,data/images/n03773504/n03773504_370.JPEG,rocket,gloves, A large missile on display in a museum. ,A pair of gloves with intricate embroidery and delicate lace detailing.
1317,data/images/n03376595/n03376595_11049.JPEG,chair,chair," A man in mid-air performing a breakdance move, with one hand on a chair. ",A wooden chair with a simple design and curved backrest.
1318,data/images/n02607072/n02607072_2525.JPEG,clownfish or fish,elephant, A clownfish peeking out from behind a coral reef. ,A large elephant with a long trunk and large ears.
1319,data/images/n02992529/n02992529_4366.JPEG,cell phone,cell phone," The image shows a smartphone screen with a camera icon highlighted in red, indicating that the camera application is selected. ","A close-up of a smartphone's screen, displaying an abstract pattern of colorful dots and lines."
1320,data/images/n02906734/n02906734_3648.JPEG,brush,brush, A yellow and orange broom with a metal handle. ,"A large, fluffy brush with long bristles and a wooden handle, perfect for gently cleaning surfaces without leaving any streaks or marks."
1321,data/images/n03197337/n03197337_16730.JPEG,watch or watches,watch or watches," A black and white wristwatch with a digital display, sitting on a brown box. ","The image depicts a variety of watches, including analog and digital designs with various materials such as leather, metal, and plastic."
1322,data/images/n03792782/n03792782_442.JPEG,bicycle,bicycle, A man riding a bicycle on a rocky trail. ,A bicycle with a basket and chain guard.
1323,data/images/n11939491/n11939491_12042.JPEG,flower,mushroom," A close-up photograph of white daisies with yellow centers, set against a dark blue background. ","A single mushroom, with a wide and flat cap, growing on a bed of decaying leaves."
1324,data/images/n02992529/n02992529_39085.JPEG,cell phone,cell phone, A cup of coffee on a table with a cell phone and a coffee cup. ,"A close-up of a smartphone, displaying its sleek design and rounded edges."
1325,data/images/n03272562/n03272562_8639.JPEG,train,guitar, A blue and yellow train engine on the tracks with a yellow train car behind it. ,"A colorful, intricate guitar design with a unique shape and pattern of flames."
1326,data/images/n03452741/n03452741_1177.JPEG,piano,ball," A small, handmade piano with a black felt lid and a brown felt seat. ","A spherical object with a multicolored design, featuring shades of blue, red, and yellow."
1327,data/images/n03775071/n03775071_3297.JPEG,gloves,rocket," A pair of handmade, knitted gloves with a mix of brown, orange, and black yarn. ","A sleek, modern rocket ship with a large engine and minimalistic design."
1328,data/images/n03376595/n03376595_3835.JPEG,chair,chair," Two wooden lounge chairs with slats, one leaning against the other. ","A comfortable, oversized armchair with a plush seat and high backrest in a neutral color."
1329,data/images/n02124075/n02124075_4027.JPEG,cat,dog," A cat with its eyes closed, looking content and relaxed. ","A cute, fluffy white dog with brown spots and a pink tongue sticking out of its mouth."
1330,data/images/n03792782/n03792782_15924.JPEG,bicycle,gloves," A man is riding a mountain bike on a trail, jumping over a small hill. ",A pair of black leather gloves with a white fur trim.
1331,data/images/n03709823/n03709823_25550.JPEG,handbag,handbag, A black leather purse with a flap and a gold buckle. ,"A colorful, patterned handbag with a unique design."
1332,data/images/n02492035/n02492035_16430.JPEG,monkey,panda or pandas, A white and black monkey with sad eyes is behind a metal cage. ,A panda enjoying bamboo leaves in a forest setting.
1333,data/images/n02389026/n02389026_24702.JPEG,horse,horse," A close-up of a horse's face, showing its brown coat, large brown eyes, and a white spot on its forehead. ","A beautiful horse with a flowing mane and tail, standing in a lush green field."
1334,data/images/n03063599/n03063599_4172.JPEG,coffee mug,canoe or boat, A black coffee mug on a window sill. ,"The image depicts a wooden canoe with a single outboard motor attached to the rear, on calm waters near a small island."
1335,data/images/n03775071/n03775071_794.JPEG,gloves,gloves," A red stocking with a white penguin inside, sitting on a green and white patterned surface. ","""A pair of gloves with intricate embroidery and beading on the cuffs, designed to showcase the wearer's status and wealth."""
1336,data/images/n03709823/n03709823_18874.JPEG,handbag,gloves, A blue and white bag with a square design on it. ,A pair of black leather gloves with white fur trim.
1337,data/images/n03452741/n03452741_11539.JPEG,piano,piano, A black grand piano in a living room. ,A woman in a flowing white dress is gracefully posing for a photographer on a lush green lawn.
1338,data/images/n03452741/n03452741_2123.JPEG,piano,ball, A man in a red coat and black pants is playing a piano in a room with a chandelier. ,"A large, spherical ball made of colorful fabric."
1339,data/images/n02690373/n02690373_2109.JPEG,airplane,airplane, A white airplane flying over a body of water with a city in the background. ,"A large, fast-moving vehicle designed for air travel."
1340,data/images/n03197337/n03197337_830.JPEG,watch or watches,train," A digital wristwatch with a black strap and a white face, inside a clear plastic case. ","A colorful train with multiple cars, passing through a scenic countryside landscape."
1341,data/images/n02504458/n02504458_481.JPEG,elephant,elephant, Two elephants standing in the mud. ,A large gray elephant with a long trunk and tusks.
1342,data/images/n03982430/n03982430_38296.JPEG,pool table,pool table, A small orange toy is sitting on a pool table. ,"The image shows a traditional English pub interior, with wooden beams, a bar counter, and several tables surrounded by chairs."
1343,data/images/n03982430/n03982430_11084.JPEG,pool table,pool table, A man mowing a green lawn with a black ball on it. ,"A pool table is a large surface covered in felt, with pockets and rails on the sides, used for playing billiards."
1344,data/images/n03775071/n03775071_7792.JPEG,gloves,gloves, A pair of gray knitted gloves. ,A pair of black leather gloves with intricate metal accents on the fingers and thumbs.
1345,data/images/n03877472/n03877472_4073.JPEG,girl,girl," A young child in pajamas with cupcake pattern, looking out a window. ","A young girl with long, flowing hair gazes dreamily into the distance."
1346,data/images/n03063599/n03063599_4086.JPEG,coffee mug,coffee mug," The image shows two rings, one purple and one yellow, against a white background. ",A coffee mug featuring a cute cartoon character holding a steaming cup of coffee.
1347,data/images/n04120489/n04120489_10588.JPEG,shoes,gun, A white and red tennis shoe with a black and yellow logo. ,"A realistic painting of a handgun, skillfully crafted to resemble various intricate details and textures."
1348,data/images/n03982430/n03982430_4411.JPEG,pool table,pool table," A room with a pool table, dartboard, and a painting of a baseball team. ","A pool table is a large, rectangular surface covered in felt, used for playing billiards or other similar games."
1349,data/images/n03584829/n03584829_13149.JPEG,ironing machine,rocket," Two women standing on the street, one holding an iron and the other holding a shirt, both looking at the iron. ","A sleek, futuristic rocket with a large engine and slender body."
1350,data/images/n03063599/n03063599_3890.JPEG,coffee mug,coffee mug, A hand holding a mug with a blue background and a handprint design. ,"A coffee mug features a cartoon character with a mischievous grin, surrounded by colorful polka dots and text in bold letters."
1351,data/images/n04120489/n04120489_14875.JPEG,shoes,pizza, A close-up view of a sports shoe with a blue and white color scheme. ,"A colorful, round pizza with various toppings and a slice in the foreground."
1352,data/images/n03297495/n03297495_2948.JPEG,coffee maker,train, A black espresso machine with two cups of coffee on the spout. ,"A colorful, hand-painted signboard with the words ""Welcome to the Village of Promise"" in bold letters."
1353,data/images/n03452741/n03452741_3088.JPEG,piano,ironing machine, A black and gold grand piano with the Boston Piano Company logo. ,"A compact and efficient appliance for smoothing out clothes, featuring a sleek design with multiple attachments."
1354,data/images/n03888257/n03888257_39021.JPEG,parachutes,pool table, A person is skydiving with an American flag attached to their ankles. ,This image shows a colorful and well-designed pool table with a modern look.
1355,data/images/n03180011/n03180011_5279.JPEG,computer,guitar," A man sitting at a computer desk, working on a computer. ","A beautifully crafted acoustic guitar with a rich, dark wood finish and intricate detailing on the body and neck."
1356,data/images/n02504458/n02504458_296.JPEG,elephant,elephant," A group of elephants in a museum exhibit, with one elephant prominently facing the camera. ",A large gray elephant with a trunk and ears.
1357,data/images/n03590841/n03590841_10934.JPEG,pumpkin,handbag," A carved pumpkin with a scary face sits on a porch, illuminated by red lights. ","A stylish handbag with a unique design, featuring intricate details and vibrant colors."
1358,data/images/n02992529/n02992529_46.JPEG,cell phone,cell phone, A black cell phone with a keypad and a screen. ,A colorful abstract pattern of interwoven shapes and lines.
1359,data/images/n02951358/n02951358_2350.JPEG,canoe or boat,cell phone, Three people in kayaks on the ocean. ,"A close-up of a woman's face, with thick eyebrows and long eyelashes."
1360,data/images/n07753592/n07753592_5699.JPEG,fruits and vegetables,shoes, A ripe yellow banana with a brown spot on the end. ,A pair of colorful sneakers with a cartoon character design.
1361,data/images/n11939491/n11939491_55377.JPEG,flower,mushroom, A vibrant pink flower with yellow center in a field of grass. ,"A colorful mushroom with a wide, flat cap and small gills on its underside."
1362,data/images/n03197337/n03197337_4120.JPEG,watch or watches,watch or watches, A silver wristwatch with a digital display and a black strap. ,"This image depicts a variety of wristwatches, including analog and digital models with different designs and colors."
1363,data/images/n03590841/n03590841_5746.JPEG,pumpkin,pumpkin," A carved pumpkin with a jack-o-lantern face and a sign that reads ""they eat their own"" in front of it. ","A colorful, round pumpkin with a small stem and deep grooves."
1364,data/images/n03888257/n03888257_39021.JPEG,parachutes,parachutes, A person is skydiving with an American flag attached to their ankles. ,"A parachute is a large, square-shaped piece of fabric used for jumping from an airplane and landing safely on the ground."
1365,data/images/n07873807/n07873807_2421.JPEG,pizza,shoes, A variety of pizzas on display in a restaurant. ,"The image depicts a pair of colorful, high-top canvas sneakers with thick laces and reflective details on the sole."
1366,data/images/n03445777/n03445777_2548.JPEG,ball,ball," A golf ball on a green, with a logo for scott health & safety. ",A white beach ball with a yellow smiley face on it.
1367,data/images/n03877472/n03877472_28953.JPEG,girl,mushroom, A woman in a pink pajama is playfully pinning a man to the floor while he is wearing a blue pajama. ,"A medium-sized, multicolored mushroom with a wavy pattern on its cap."
1368,data/images/n03792782/n03792782_12815.JPEG,bicycle,gloves," A group of bicyclists in a line, preparing for a race. ",A pair of black leather gloves with intricate stitching and a small white fur pom-pom on the back hand.
1369,data/images/n03775071/n03775071_6122.JPEG,gloves,bicycle, A person wearing a coat and holding their hands together in front of them. ,A red tricycle with a basket for fruits and vegetables.
1370,data/images/n04069434/n04069434_10318.JPEG,camera,pool table, A black Canon camera with a strap on a table. ,"A high-quality pool table with a dark green felt surface, surrounded by leather cushions and lamps, creating an elegant atmosphere for billiards enthusiasts."
1371,data/images/n07873807/n07873807_7685.JPEG,pizza,pizza," A large pizza with cheese, basil, and tomato sauce on a plate. ","A colorful, round pizza with various toppings and cheese on top."
1372,data/images/n03709823/n03709823_9033.JPEG,handbag,pumpkin, A black and yellow duffel bag with a black strap. ,"A large, orange pumpkin with a small stem, sitting on a wooden surface."
1373,data/images/n03792972/n03792972_8672.JPEG,camp or camping,camp or camping, A tent in a mountainous area with trees and fog. ,"The image depicts a serene outdoor scene with tents and camping equipment, surrounded by nature's beauty."
1374,data/images/n03297495/n03297495_2852.JPEG,coffee maker,chair," This is an image of a black coffee maker with a digital display and buttons, placed on a white background. ","A comfortable, wooden armchair with intricate carvings and a high backrest."
1375,data/images/n03272010/n03272010_6219.JPEG,guitar,train," A black electric guitar with a white pickguard, a red star sticker, and a Fender logo on the headstock, sitting on a carpeted floor next to a black amplifier. ","A colorful, hand-painted signboard with the words ""Welcome to Dreamland"" in bold letters."
1376,data/images/n02389026/n02389026_2094.JPEG,horse,cat, A brown horse grazing in a field of tall grass. ,A white cat with green eyes sits on a red rug.
1377,data/images/n02492035/n02492035_16869.JPEG,monkey,horse, A monkey is sitting on a palm tree branch. , A white horse with a black mane and tail standing in a field.
1378,data/images/n03792782/n03792782_51296.JPEG,bicycle,rocket, A green bicycle parked on a brick sidewalk. ,"A large, sleek rocket stands on a launch pad with its engines glowing brightly and smoke rising from the nozzle of one engine."
1379,data/images/n03888257/n03888257_16741.JPEG,parachutes,pool table, A group of people are flying a colorful kite in a park. ,"A well-lit, spacious room with a large pool table in the center."
1380,data/images/n03775071/n03775071_44.JPEG,gloves,handbag, A person wearing a colorful knitted glove and holding a tree. ,"A small, stylish handbag with a long strap and a large, roomy interior for carrying essentials."
1381,data/images/n02951358/n02951358_9376.JPEG,canoe or boat,canoe or boat, Two people walking on frozen lake with boat in background. ,"A canoe and a boat are depicted in this image, with the canoe being smaller and more simplistic in design."
1382,data/images/n03792782/n03792782_51296.JPEG,bicycle,girl, A green bicycle parked on a brick sidewalk. ,"A young girl with long, wavy hair and big eyes stands confidently in a white dress against a blue background."
1383,data/images/n03773504/n03773504_14109.JPEG,rocket,handbag, A series of four photos showing a missile launching from the ocean. ,"A medium-sized handbag with a structured design, featuring intricate detailing and colorful stitching."
1384,data/images/n03197337/n03197337_5937.JPEG,watch or watches,watch or watches, A man wearing a bright orange watch with a digital display. ,"This image depicts a selection of wristwatches and smartwatch options, showcasing various designs and functionalities for the user to choose from."
1385,data/images/n02281787/n02281787_5793.JPEG,butterfly,butterfly, A butterfly is flying over a flower in a lush green forest. ,A colorful butterfly with intricate patterns on its wings.
1386,data/images/n03792782/n03792782_51723.JPEG,bicycle,gloves," A man riding a bicycle on a steep, narrow path. ","A colorful and patterned pair of gloves with intricate designs on the fingers, thumbs, and palms."
1387,data/images/n03452741/n03452741_16744.JPEG,piano,ball, A man is playing a piano in a restaurant with a mcdonald's sign in the background. ,A blue ball with a white star on it.
1388,data/images/n03452741/n03452741_1177.JPEG,piano,piano," A small, handmade piano with a black felt lid and a brown felt seat. ","A black and white piano with a simple design, surrounded by a wooden frame."
1389,data/images/n02951358/n02951358_33850.JPEG,canoe or boat,canoe or boat, A man in a yellow helmet is kayaking down a river. ,A canoe and a boat are both depicted in the image.
1390,data/images/n02389026/n02389026_6377.JPEG,horse,horse, Two brown horses with long tails standing in a barn stall. ,"A horse with a white and brown coat, standing in a field."
1391,data/images/n02492035/n02492035_24294.JPEG,monkey,horse," Two monkeys in a tree enclosure, one grooming the other. ",A majestic horse galloping through a field.
1392,data/images/n13054560/n13054560_5228.JPEG,mushroom,mushroom, A red mushroom with white spots growing in the grass. ,"A colorful mushroom with a wide, flat cap and small stems."
1393,data/images/n03590841/n03590841_6382.JPEG,pumpkin,pumpkin," A carved pumpkin with a jack-o-lantern face sits on a table, surrounded by Halloween decorations. ","A large, orange pumpkin with a small hole in the side."
1394,data/images/n03063599/n03063599_5287.JPEG,coffee mug,car, A white coffee mug with a brown starbucks logo on it. ,"A sleek, modern sports car with a vibrant red color and contrasting white accents on the roof and trunk."
1395,data/images/n03775071/n03775071_3112.JPEG,gloves,gloves," Three handmade felt Christmas stockings in red, purple, and blue, each with a white pom pom on top. ",A pair of red gloves with white fur trim.
1396,data/images/n03100240/n03100240_8794.JPEG,car,car, A black convertible car parked on a gravel driveway. ,"A compact, two-door vehicle with a low roofline and prominent wheel wells."
1397,data/images/n03590841/n03590841_11757.JPEG,pumpkin,handbag," Two carved pumpkins with faces, one with a neutral expression and the other with a scary expression, sitting on a table. ","A small, rectangular handbag with a single handle and a flap to close it."
1398,data/images/n02124075/n02124075_7825.JPEG,cat,cat, Two cats lying on a bed with a leopard print blanket. ,A black cat with white fur sits on a wooden floor.
1399,data/images/n02492035/n02492035_16430.JPEG,monkey,butterfly, A white and black monkey with sad eyes is behind a metal cage. ,A colorful butterfly with intricate patterns on its wings.
1400,data/images/n03775071/n03775071_15065.JPEG,gloves,girl, Two knitted gloves with a colorful pattern on a gray surface. ,"A young girl with long, curly hair and a pink dress stands on a white background."
1401,data/images/n03584829/n03584829_13555.JPEG,ironing machine,piano, A collection of various household appliance parts and components. ,"A beautiful, grand piano with a polished wooden finish and intricate details on the keys."
1402,data/images/n04044716/n04044716_9463.JPEG,tower,tower, A large white satellite dish. ,"A towering, futuristic building with a sleek design and multiple levels."
1403,data/images/n02690373/n02690373_1055.JPEG,airplane,clownfish or fish," A large white airplane with the words ""A380"" on the side, flying through a blue sky with clouds. ","A clownfish, also known as a fish with vibrant colors and playful features."
1404,data/images/n04044716/n04044716_555.JPEG,tower,camera, A cherry picker is lifting a worker to repair a satellite dish. ,"A camera captures vivid and detailed images for various purposes, such as photography, videography, surveillance, and scientific research."
1405,data/images/n02690373/n02690373_7499.JPEG,airplane,airplane, An airplane on the runway at an airport. ,A large airplane is taking off from a busy airport.
1406,data/images/n02389026/n02389026_2094.JPEG,horse,parachutes, A brown horse grazing in a field of tall grass. ,The image depicts a group of people wearing parachutes before jumping from an airplane.
1407,data/images/n02124075/n02124075_4027.JPEG,cat,cat," A cat with its eyes closed, looking content and relaxed. ",A cat wearing a hat with ears.
1408,data/images/n04044716/n04044716_860.JPEG,tower,tower, A large satellite dish in a desert setting. ,"A towering, futuristic cityscape with a glowing blue sky and white clouds."
1409,data/images/n03297495/n03297495_6860.JPEG,coffee maker,handbag, This is an image of a modern espresso machine with a cup of coffee being dispensed. ,"A stylish and elegant handbag made of high-quality materials, perfect for any occasion or outfit."
1410,data/images/n03445777/n03445777_15294.JPEG,ball,ball, A crystal golf ball with a personalized message. ,A white ball with a red stripe sits on a blue surface.
1411,data/images/n03792782/n03792782_15924.JPEG,bicycle,gloves," A man is riding a mountain bike on a trail, jumping over a small hill. ",A pair of black leather gloves with a white fur trim.
1412,data/images/n11939491/n11939491_51732.JPEG,flower,mushroom," The image shows a close-up of a daisy with white petals and a yellow center, surrounded by other daisies in the background. ","A colorful mushroom with a large cap and small stem, surrounded by earthy textures."
1413,data/images/n03584829/n03584829_26740.JPEG,ironing machine,piano," An old iron with rusted handle and a rope, placed on a rusted metal stand. ","A grand piano, adorned with a luxurious red velvet cloth and positioned in an elegant room filled with natural light."
1414,data/images/n03792782/n03792782_1105.JPEG,bicycle,bicycle, A group of people on bicycles in a forested area. ,A bicycle with a basket on the front and a chain.
1415,data/images/n02389026/n02389026_24702.JPEG,horse,horse," A close-up of a horse's face, showing its brown coat, large brown eyes, and a white spot on its forehead. ",A horse with a rider on its back.
1416,data/images/n03297495/n03297495_2852.JPEG,coffee maker,coffee maker," This is an image of a black coffee maker with a digital display and buttons, placed on a white background. ",The image depicts a stainless steel coffee maker with an integrated carafe and buttons for various functions.
1417,data/images/n03197337/n03197337_4120.JPEG,watch or watches,watch or watches, A silver wristwatch with a digital display and a black strap. ,"The image depicts a variety of wristwatches, including analog and digital models with different designs and colors."
1418,data/images/n03452741/n03452741_2123.JPEG,piano,piano, A man in a red coat and black pants is playing a piano in a room with a chandelier. ,A beautiful grand piano in a spacious music room.
1419,data/images/n03272010/n03272010_1242.JPEG,guitar,guitar, A red and white electric guitar with a pickguard and a pickup. ,"A colorful, intricate guitar design with a unique body shape and decorative elements."
1420,data/images/n03180011/n03180011_20934.JPEG,computer,computer, A desktop computer with a monitor displaying a webpage. ,"A colorful, abstract painting of a human face with geometric shapes and lines."
1421,data/images/n02492035/n02492035_16869.JPEG,monkey,elephant, A monkey is sitting on a palm tree branch. ,A large elephant with a long trunk and floppy ears.
1422,data/images/n03982430/n03982430_38296.JPEG,pool table,tower, A small orange toy is sitting on a pool table. ,"A towering skyscraper with many windows and a large, modern design."
1423,data/images/n03775071/n03775071_10573.JPEG,gloves,gloves, A purple knitted glove with a white stripe on the palm. ,A pair of knitted gloves with a striped pattern.
1424,data/images/n03297495/n03297495_2948.JPEG,coffee maker,coffee maker, A black espresso machine with two cups of coffee on the spout. ,"This image depicts a sleek, modern coffee maker with an integrated carafe and a single-serve pod compartment."
1425,data/images/n04086273/n04086273_26142.JPEG,gun,camera," This is an image of a vintage firearm, specifically a revolver, with a wooden grip and a metal barrel. The firearm is displayed against a wooden background. ","A high-resolution camera captures detailed images of nature, architecture, and people."
1426,data/images/n03775071/n03775071_9475.JPEG,gloves,bicycle, Two gray knitted gloves with frayed cuffs and a black logo on the back of each. ,A bicycle with a basket on the front and a chain.
1427,data/images/n03709823/n03709823_7134.JPEG,handbag,handbag," A dirty, beige canvas bag with a white label on it. ","A small, stylish handbag with a long strap and a large, round mirror on the front."
1428,data/images/n03063599/n03063599_4086.JPEG,coffee mug,cell phone," The image shows two rings, one purple and one yellow, against a white background. ","A colorful abstract pattern of interwoven shapes and lines, with a central circle."
1429,data/images/n07753592/n07753592_11911.JPEG,fruits and vegetables,fruits and vegetables, A street vendor selling fruit to customers. ,"A colorful assortment of fruits and vegetables, including grapes, strawberries, bell peppers, tomatoes, and leafy greens, displayed on a wooden cutting board."
1430,data/images/n03982430/n03982430_13651.JPEG,pool table,tower, A pool table with red balls and a black cue ball. ,"A towering, futuristic cityscape with a mix of geometric shapes and vibrant colors."
1431,data/images/n03584829/n03584829_45572.JPEG,ironing machine,handbag, An iron on a table. ,"A small, stylish bag with a long handle and a flap for closure, often used to carry personal items."
1432,data/images/n03775071/n03775071_3112.JPEG,gloves,rocket," Three handmade felt Christmas stockings in red, purple, and blue, each with a white pom pom on top. ","A large, multi-stage rocket is preparing for launch at a remote launch site."
1433,data/images/n03709823/n03709823_25550.JPEG,handbag,handbag, A black leather purse with a flap and a gold buckle. ,"A stylish handbag with a unique design, featuring intricate patterns and vibrant colors."
1434,data/images/n03584829/n03584829_28308.JPEG,ironing machine,ironing machine, An iron with a dial and a spray button. ,"A portable appliance with a flat surface, designed for wrinkle removal from clothing."
1435,data/images/n03297495/n03297495_1447.JPEG,coffee maker,chair, A vintage metal hand juicer on a table. ,"A wooden armchair with a high back and armrests, featuring intricate carvings and a dark finish."
1436,data/images/n03100240/n03100240_3310.JPEG,car,car, A white classic mustang car on display. ,"A red sports car with a black convertible top, parked on a scenic hilltop overlooking the ocean and mountains."
1437,data/images/n02690373/n02690373_3537.JPEG,airplane,clownfish or fish, A large airplane parked on the tarmac at an airport. ,"A clownfish, also known as an orange fish with white spots."
1438,data/images/n04086273/n04086273_2383.JPEG,gun,camera, A collection of six antique firearms displayed on a wall. ,"A high-quality, compact camera with a sleek design and advanced features for capturing stunning photos."
1439,data/images/n03272562/n03272562_9027.JPEG,train,train, A vintage train on tracks with passengers visible through the windows. ,"A colorful, hand-painted sign with a map of the world and various flags from different countries."
1440,data/images/n07753592/n07753592_11911.JPEG,fruits and vegetables,flower, A street vendor selling fruit to customers. ,"A colorful bouquet of flowers, with various types and sizes of blossoms in a vase."
1441,data/images/n03180011/n03180011_7359.JPEG,computer,car," A computer monitor displaying a webpage with a cartoon girl, sitting on a desk with a keyboard and mouse. ","A red sports car with a sleek design and chrome accents sits on a sunny, grassy field."
1442,data/images/n03982430/n03982430_27656.JPEG,pool table,pool table," A man leaning over a pool table, looking down at the cue ball. ","A traditional, wooden pool table with green felt and gold edging."
1443,data/images/n02951358/n02951358_33850.JPEG,canoe or boat,canoe or boat, A man in a yellow helmet is kayaking down a river. ,A canoe and a boat are both types of watercraft.
1444,data/images/n03982430/n03982430_30922.JPEG,pool table,pool table, A pool table with balls and cues. ,"A well-crafted pool table with intricate details and a rich, dark wood finish."
1445,data/images/n03452741/n03452741_16744.JPEG,piano,piano, A man is playing a piano in a restaurant with a mcdonald's sign in the background. ,"A beautiful, vintage grand piano with intricate details and a polished finish."
1446,data/images/n02906734/n02906734_17960.JPEG,brush,airplane, A broom leaning against a doorway in a building. ,A large airplane with many wings and engines is flying through the sky.
1447,data/images/n02281787/n02281787_5793.JPEG,butterfly,cat, A butterfly is flying over a flower in a lush green forest. ,A black cat with white fur and yellow eyes sits on a gray background.
1448,data/images/n02906734/n02906734_21984.JPEG,brush,monkey, A young boy holding a broom with straw. ,"This image shows a monkey with long, curly hair and big eyes."
1449,data/images/n04044716/n04044716_14882.JPEG,tower,tower," A person working on a large telescope, surrounded by a complex network of wires and cables. ","A towering, futuristic cityscape with illuminated buildings and geometric shapes."
1450,data/images/n03445777/n03445777_2951.JPEG,ball,ball," A golf ball on a green, in front of a hole. ","A colorful, spherical ball with a small hole in the center."
1451,data/images/n03272010/n03272010_1242.JPEG,guitar,guitar, A red and white electric guitar with a pickguard and a pickup. ,"A vintage acoustic guitar with a natural wood finish, adorned with intricate carvings and inlaid abalone details on the fretboard."
1452,data/images/n03297495/n03297495_1204.JPEG,coffee maker,pool table, This is an image of a coffee machine with two cups of coffee on the spout. ,"A pool table is a large, rectangular table with felt or leather surface, used for playing billiards or other similar games."
1453,data/images/n13054560/n13054560_5228.JPEG,mushroom,mushroom, A red mushroom with white spots growing in the grass. ,"A colorful, lumpy mushroom with a small hole in the center."
1454,data/images/n03452741/n03452741_11539.JPEG,piano,ball, A black grand piano in a living room. ,"A colorful, spherical ball with a small hole in the center."
1455,data/images/n03877472/n03877472_3847.JPEG,girl,girl, A young girl is sitting on the floor surrounded by Christmas presents. ,"A beautiful young woman with long flowing hair and a radiant smile, dressed in an elegant white gown."
1456,data/images/n02281787/n02281787_5793.JPEG,butterfly,cat, A butterfly is flying over a flower in a lush green forest. ,A white cat with yellow eyes and a black nose sits on a blue rug.
1457,data/images/n03180011/n03180011_4255.JPEG,computer,cell phone," The image shows a desktop computer with a monitor, keyboard, and mouse, along with a water cooler system. ","The image depicts a sleek, modern smartphone with rounded corners and a metallic finish."
1458,data/images/n03452741/n03452741_5127.JPEG,piano,piano, An older man in a red sweater is playing a black piano. ,"A beautiful, vintage grand piano with intricate details and a polished finish."
1459,data/images/n04069434/n04069434_17439.JPEG,camera,camera, A person taking a selfie with a camera. ,A high-resolution camera capable of capturing detailed and vibrant images.
1460,data/images/n03180011/n03180011_4664.JPEG,computer,cell phone," A computer desk with a monitor, keyboard, mouse, and speakers. ","A colorful, abstract pattern of intertwined shapes and lines."
1461,data/images/n02951358/n02951358_9376.JPEG,canoe or boat,canoe or boat, Two people walking on frozen lake with boat in background. ,A canoe and a man are enjoying a peaceful day on the water.
1462,data/images/n03584829/n03584829_13149.JPEG,ironing machine,pumpkin," Two women standing on the street, one holding an iron and the other holding a shirt, both looking at the iron. ","A large, orange pumpkin with a small hole in the center."
1463,data/images/n03063599/n03063599_552.JPEG,coffee mug,panda or pandas," A small terracotta pot with the word ""shape"" written on it. ",A panda is a bear-like mammal native to China.
1464,data/images/n03792782/n03792782_8799.JPEG,bicycle,bicycle," A collage of a mountain bike race, featuring a man in a blue and black jersey riding a bike, with various other cyclists and a collage of photos from the event. ",A bicycle with a basket and handlebars.
1465,data/images/n02951358/n02951358_2037.JPEG,canoe or boat,coffee mug, A woman in a canoe on a lake with trees in the background. ,A colorful coffee mug with a cartoon character on it.
1466,data/images/n03063599/n03063599_1320.JPEG,coffee mug,brush, A red espresso machine with a pressure gauge and a black handle. ,"A large, fluffy brush with soft bristles that gently cleanses and smoothens surfaces."
1467,data/images/n02281787/n02281787_5770.JPEG,butterfly,chair, A brown and white butterfly perched on a branch. ,A wooden chair with intricate carvings and a comfortable seat.
1468,data/images/n07753592/n07753592_5699.JPEG,fruits and vegetables,fruits and vegetables, A ripe yellow banana with a brown spot on the end. ,"A colorful assortment of fruits and vegetables, arranged artistically on a wooden surface."
1469,data/images/n03180011/n03180011_4854.JPEG,computer,car," A computer desk with a monitor, keyboard, mouse, and a lamp. ","A compact, two-door sedan with a prominent front grille and slim headlights."
1470,data/images/n02504458/n02504458_6428.JPEG,elephant,panda or pandas," An elephant standing on a pile of logs, eating a log. ",There is a panda sitting on a log.
1471,data/images/n03709823/n03709823_24745.JPEG,handbag,gloves, A pink duffel bag with a white logo on it. ,A pair of black leather gloves with intricate silver thread designs on the back and palms.
1472,data/images/n02690373/n02690373_20090.JPEG,airplane,airplane, A blue and white airplane on the runway. ,The image depicts a large airplane with multiple wings and engines.
1473,data/images/n02504458/n02504458_2716.JPEG,elephant,panda or pandas," A large elephant with tusks and a long trunk, standing in a grassy field. ","A panda is a large, fluffy bear with black patches on its body."
1474,data/images/n03877472/n03877472_28953.JPEG,girl,girl, A woman in a pink pajama is playfully pinning a man to the floor while he is wearing a blue pajama. ,"A young girl with long, curly hair and big eyes smiling brightly against a light pink background."
1475,data/images/n03877472/n03877472_4073.JPEG,girl,girl," A young child in pajamas with cupcake pattern, looking out a window. ","A young girl with long, flowing hair gazes into the distance while sitting on a wooden swing set."
1476,data/images/n03775071/n03775071_44.JPEG,gloves,rocket, A person wearing a colorful knitted glove and holding a tree. ,"A sleek, futuristic rocket soaring through the air with a trail of smoke behind it."
1477,data/images/n03888257/n03888257_39021.JPEG,parachutes,tower, A person is skydiving with an American flag attached to their ankles. ,"A tall, thin tower with multiple spires and decorative elements."
1478,data/images/n03590841/n03590841_10934.JPEG,pumpkin,handbag," A carved pumpkin with a scary face sits on a porch, illuminated by red lights. ","A medium-sized handbag with a structured design, featuring a mix of neutral and earthy colors, adorned with gold hardware accents."
1479,data/images/n04086273/n04086273_12999.JPEG,gun,gun," A vintage rifle with a wooden case, placed on a wooden table. ",A realistic painting of a revolver on a wooden background.
1480,data/images/n03452741/n03452741_2540.JPEG,piano,ball," A man is sitting at a grand piano, playing music. ",A white beach ball with a black dot in the center.
1481,data/images/n07753592/n07753592_10252.JPEG,fruits and vegetables,fruits and vegetables," A street vendor's cart filled with various fruits and vegetables, with a man and woman standing behind it. ","A colorful assortment of fruits and vegetables, including apples, oranges, cucumbers, and tomatoes."
1482,data/images/n03709823/n03709823_17750.JPEG,handbag,handbag, A brown leather handbag with a pocket on the front. ,"A stylish and spacious handbag with a unique design, featuring intricate patterns and vibrant colors."
1483,data/images/n02504458/n02504458_296.JPEG,elephant,elephant," A group of elephants in a museum exhibit, with one elephant prominently facing the camera. ",A large elephant with a long trunk and thick legs.
1484,data/images/n02992529/n02992529_35743.JPEG,cell phone,cell phone, A cell phone displaying a text message with the date and time. ,A colorful abstract pattern of overlapping shapes and lines on a dark background.
1485,data/images/n07873807/n07873807_3354.JPEG,pizza,pizza, A large pepperoni pizza in a box. ,"The image depicts a colorful, round pizza with various toppings such as cheese, tomato sauce, and vegetables arranged on its surface."
1486,data/images/n03982430/n03982430_11084.JPEG,pool table,camera, A man mowing a green lawn with a black ball on it. ,"A camera captures vivid, detailed images with high resolution and color accuracy."
1487,data/images/n03272010/n03272010_13834.JPEG,guitar,rocket," Three guitar-shaped figurines in different colors, each with a pick guard and strings, displayed on a gray surface. ","The image depicts a sleek, futuristic-looking rocket with multiple fins and engines."
1488,data/images/n03376595/n03376595_108.JPEG,chair,chair, A wooden folding chair with a slatted backrest. ,A wooden chair with intricate carvings and a high backrest.
1489,data/images/n02690373/n02690373_398.JPEG,airplane,airplane, American airlines passenger jet in flight. ,"A large airplane with wings and engines, designed for air travel across long distances."
1490,data/images/n03180011/n03180011_4664.JPEG,computer,watch or watches," A computer desk with a monitor, keyboard, mouse, and speakers. ","This image depicts a collection of various wristwatches, including analog and digital designs with different colors and materials."
1491,data/images/n02281787/n02281787_1529.JPEG,butterfly,monkey," A blue butterfly with brown spots on its wings, perched on a plant. ",A monkey with a red face and curly hair is sitting on a branch in a tree.
1492,data/images/n03792782/n03792782_8799.JPEG,bicycle,rocket," A collage of a mountain bike race, featuring a man in a blue and black jersey riding a bike, with various other cyclists and a collage of photos from the event. ","A rocket with a large, colorful background."
1493,data/images/n02281787/n02281787_5793.JPEG,butterfly,butterfly, A butterfly is flying over a flower in a lush green forest. ,A butterfly with a person's hand.
1494,data/images/n03272010/n03272010_13834.JPEG,guitar,train," Three guitar-shaped figurines in different colors, each with a pick guard and strings, displayed on a gray surface. ","A colorful, circular train with many windows and a long, curved track in the background."
1495,data/images/n02492035/n02492035_16430.JPEG,monkey,butterfly, A white and black monkey with sad eyes is behind a metal cage. ,A butterfly with a dab of butter on its wings.
1496,data/images/n02607072/n02607072_3433.JPEG,clownfish or fish,panda or pandas, A vibrant underwater scene with a variety of colorful fish and coral. ,"A panda bear, which is a type of large, furry mammal native to China."
1497,data/images/n04044716/n04044716_17472.JPEG,tower,tower, A large white satellite dish in a field. ,"A large, ornate bell tower with multiple arches and a steeple adorned with intricate carvings."
1498,data/images/n03272562/n03272562_9027.JPEG,train,train, A vintage train on tracks with passengers visible through the windows. ,"A colorful train with multiple cars and a steam engine, surrounded by trees and mountains in the background."
1499,data/images/n04044716/n04044716_860.JPEG,tower,tower, A large satellite dish in a desert setting. ,"A towering, cylindrical structure with a flat roof and multiple windows on the sides."
1500,data/images/n02951358/n02951358_2350.JPEG,canoe or boat,cell phone, Three people in kayaks on the ocean. ,"A colorful, cartoonish depiction of a smartphone with an elongated rectangular shape and rounded corners."
1501,data/images/n03590841/n03590841_10934.JPEG,pumpkin,piano," A carved pumpkin with a scary face sits on a porch, illuminated by red lights. ","A beautiful, vintage-looking piano with intricate details and a warm, inviting atmosphere."
1502,data/images/n03877472/n03877472_10554.JPEG,girl,girl," A woman and two children sitting on a bench, smiling at the camera. ","A young girl with long, curly hair and big eyes stands in a field of wildflowers."
1503,data/images/n03773504/n03773504_8896.JPEG,rocket,rocket, A white missile on display in a museum. ,"A large, sleek rocket stands on a launch pad with its engines glowing brightly and smoke billowing behind it."
1504,data/images/n02492035/n02492035_16869.JPEG,monkey,horse, A monkey is sitting on a palm tree branch. , A large horse with a white body and brown mane.
1505,data/images/n03792782/n03792782_51723.JPEG,bicycle,bicycle," A man riding a bicycle on a steep, narrow path. ",A blue bicycle with a basket and fenders stands next to the sidewalk.
1506,data/images/n03584829/n03584829_26740.JPEG,ironing machine,ironing machine," An old iron with rusted handle and a rope, placed on a rusted metal stand. ","A small, portable ironing machine with a handle and wheels for easy movement."
1507,data/images/n03888257/n03888257_6749.JPEG,parachutes,parachutes," Two people are skydiving, one is holding onto the other, they are in the air, and they are wearing helmets. ",A man wearing a parachute jumps from an airplane while floating gently down to the ground.
1508,data/images/n02951358/n02951358_11607.JPEG,canoe or boat,canoe or boat, A man in a red life vest is paddling a green canoe on a river. ,A canoe and a boat are both watercraft for transportation on the surface of a body of water.
1509,data/images/n04069434/n04069434_10318.JPEG,camera,gun, A black Canon camera with a strap on a table. ,"A realistic, detailed painting of a handgun on a wooden background."
1510,data/images/n03063599/n03063599_5019.JPEG,coffee mug,coffee mug, A white coffee mug with a blue and red design on it. ,"A colorful coffee mug with a cartoon cat on it, surrounded by small flowers and leaves."
1511,data/images/n02906734/n02906734_9317.JPEG,brush,panda or pandas, A wooden broom leaning against a wooden fence. ,A panda bear sitting on a log.
1512,data/images/n03773504/n03773504_6291.JPEG,rocket,rocket, A large nuclear missile inside a missile silo. ,"A large, sleek rocket stands on a launch pad with its engines glowing brightly and smoke rising from the exhaust."
1513,data/images/n03775071/n03775071_9475.JPEG,gloves,bicycle, Two gray knitted gloves with frayed cuffs and a black logo on the back of each. ,A bicycle with a basket and fenders.
1514,data/images/n02951358/n02951358_9376.JPEG,canoe or boat,coffee mug, Two people walking on frozen lake with boat in background. ,A colorful coffee mug with a cartoon character on it.
1515,data/images/n07873807/n07873807_3896.JPEG,pizza,flower," A pizza with cheese, olives, and basil on a wooden cutting board. ",A colorful bouquet of flowers with various petals and stems.
1516,data/images/n03773504/n03773504_6291.JPEG,rocket,gloves, A large nuclear missile inside a missile silo. ,A pair of gloves with intricate embroidery on the back and fingers
1517,data/images/n03773504/n03773504_21104.JPEG,rocket,rocket," A large rocket with the name ""mace"" on it, flying through a cloudy sky. ","A large, white rocket with a red and blue payload bay is soaring through the sky over a cityscape below"
1518,data/images/n03100240/n03100240_18492.JPEG,car,cell phone," A vintage white car with a red interior and a black roof, parked on a street. ","A colorful, abstract pattern of intertwined shapes and lines."
1519,data/images/n03709823/n03709823_9033.JPEG,handbag,handbag, A black and yellow duffel bag with a black strap. ,A stylish handbag with a unique pattern and vibrant colors.
1520,data/images/n03063599/n03063599_1096.JPEG,coffee mug,coffee mug," A white mug with a green design and the word ""tea"" on it. ","A colorful coffee mug with a cartoon cat on it, surrounded by various objects and characters in an imaginative scene."
1521,data/images/n03063599/n03063599_2735.JPEG,coffee mug,coffee mug," A red and black mug with a tiger logo on it, sitting on a table. ","A colorful coffee mug with a cartoon cat face and the words ""I Love Coffee"" printed on it."
1522,data/images/n02690373/n02690373_9676.JPEG,airplane,airplane, A large yellow and white airplane flying in the sky above an airport. ,"The image depicts a large airplane with intricate details and vibrant colors, symbolizing its impressive size and advanced technology."
1523,data/images/n03709823/n03709823_18874.JPEG,handbag,handbag, A blue and white bag with a square design on it. ,"A small, stylish handbag with a handle for easy carrying."
1524,data/images/n03197337/n03197337_2141.JPEG,watch or watches,chair," The image shows a digital wristwatch with a blue screen displaying the time ""8:10"" and the date ""10"". ","A comfortable, stylish chair for relaxing and working in."
1525,data/images/n03272010/n03272010_6978.JPEG,guitar,car, A white electric guitar leaning against a wall. ,"A red sports car with a black convertible top, parked on a scenic hilltop overlooking a lush green valley."
1526,data/images/n03584829/n03584829_36033.JPEG,ironing machine,ironing machine, An iron on a table. ,A compact and efficient ironing machine designed for effortless household use.
1527,data/images/n03272562/n03272562_608.JPEG,train,guitar, A blue and white train on the tracks. ,A vintage-looking acoustic guitar with intricate details and a sunburst finish.
1528,data/images/n03272010/n03272010_4370.JPEG,guitar,watch or watches, A blue electric guitar with a pickup and a cord on a white surface. ,"This image depicts a wide variety of watches, including analog and digital models with various designs and colors."
1529,data/images/n03272562/n03272562_8931.JPEG,train,train, Two red trains parked on train tracks. ,"A colorful train with many cars and passengers inside, traveling through a scenic countryside."
1530,data/images/n02906734/n02906734_21984.JPEG,brush,clownfish or fish, A young boy holding a broom with straw. ,"A clownfish, also known as an orange and white fish with vibrantly colored fins."
1531,data/images/n02906734/n02906734_20509.JPEG,brush,airplane, Two people shoveling snow on an ice rink. ,A large airplane with many wings is taking off into the sky.
1532,data/images/n03877472/n03877472_2301.JPEG,girl,girl," Two young girls sitting on the floor, smiling and posing for the camera. ","A young girl with long, flowing hair gazes into the distance while sitting on a wooden swing."
1533,data/images/n02510455/n02510455_6311.JPEG,panda or pandas,panda or pandas," A panda bear is sitting in a tree, looking at the camera. ","A panda is a large, furry animal with black and white fur."
1534,data/images/n03180011/n03180011_5279.JPEG,computer,car," A man sitting at a computer desk, working on a computer. ","A photograph of a red sports car with black accents and tinted windows, parked on a sunny street."
1535,data/images/n03709823/n03709823_595.JPEG,handbag,handbag, A gray and white cat peeking out of a brown paper bag. ,"A small, stylish handbag with a long strap for carrying."
1536,data/images/n03888257/n03888257_7960.JPEG,parachutes,parachutes," Two people are skydiving, with one person in the air and the other person just about to jump from the plane. ",A group of parachuters gracefully descending towards a picturesque landscape.
1537,data/images/n03452741/n03452741_3088.JPEG,piano,piano, A black and gold grand piano with the Boston Piano Company logo. ,"A beautiful grand piano in a spacious room, with intricate details and polished wood."
1538,data/images/n02492035/n02492035_3912.JPEG,monkey,monkey," A monkey in a cage, looking out with a sad expression. ","A monkey with a wide grin and bright eyes, sitting on a branch in a lush green forest."
1539,data/images/n03180011/n03180011_9576.JPEG,computer,coffee mug, A silver desktop computer with a monitor in the background. ,"A colorful coffee mug with a cartoon character on it, surrounded by various objects and characters in a whimsical scene."
1540,data/images/n02906734/n02906734_17960.JPEG,brush,brush, A broom leaning against a doorway in a building. ,"A large, fluffy brush with soft bristles made of natural materials, perfect for gently grooming and smoothing hair without causing any discomfort or damage."
1541,data/images/n03590841/n03590841_8067.JPEG,pumpkin,pumpkin," A woman carving a jack-o-lantern in a kitchen, with a table full of carved pumpkins. ","A large, orange pumpkin with a small hole in the center."
1542,data/images/n03877472/n03877472_2301.JPEG,girl,girl," Two young girls sitting on the floor, smiling and posing for the camera. ","A young girl with long, wavy hair gazes confidently at the camera while wearing a white sundress and red floral print scarf."
1543,data/images/n02504458/n02504458_5897.JPEG,elephant,monkey, A large elephant walking on a dirt road in a natural setting. ,"A monkey with a mischievous grin, sitting on a branch in a lush green forest."
1544,data/images/n03584829/n03584829_28308.JPEG,ironing machine,pumpkin, An iron with a dial and a spray button. ,"A large, orange pumpkin with a wide base and a small opening at the top."
1545,data/images/n04120489/n04120489_5424.JPEG,shoes,mushroom," Two men sitting on a boat with their feet on a board, wearing sneakers and drinking water. ","A colorful, lumpy mushroom with a small hole in the center and tiny dots on top."
1546,data/images/n02389026/n02389026_2013.JPEG,horse,horse, A brown horse standing in a field. ," A horse with a white mane and tail, standing in a field."
1547,data/images/n03888257/n03888257_16741.JPEG,parachutes,parachutes, A group of people are flying a colorful kite in a park. ,"A parachute is a large, square-shaped piece of fabric used for jumping and gliding through the air."
1548,data/images/n04069434/n04069434_9030.JPEG,camera,gun, A vintage black and white camera with a silver lens and a black strap. ,A realistic painting of a handgun on a wooden background.
1549,data/images/n03775071/n03775071_15065.JPEG,gloves,rocket, Two knitted gloves with a colorful pattern on a gray surface. ,"A large, sleek rocket stands on a launch pad overlooking a vast desert landscape."
1550,data/images/n02906734/n02906734_21440.JPEG,brush,clownfish or fish," A group of people playing indoor curling, with one person in the process of throwing the curling stone. ","A colorful fish with a white spot, swimming in the ocean."
1551,data/images/n03452741/n03452741_2123.JPEG,piano,piano, A man in a red coat and black pants is playing a piano in a room with a chandelier. ,"A woman sitting at a grand piano, playing with her hands and facing the camera."
1552,data/images/n13054560/n13054560_13613.JPEG,mushroom,mushroom, A hand holding a mushroom with a brush in the background. ,"A colorful mushroom with a wide, flat cap and small gills on the underside."
1553,data/images/n02281787/n02281787_4566.JPEG,butterfly,butterfly, Two blue butterflies on a green leaf. ,A colorful butterfly with intricate patterns on its wings.
1554,data/images/n11939491/n11939491_23775.JPEG,flower,shoes," A white daisy with a yellow center in the foreground, surrounded by pink flowers in the background. ","A pair of colorful, high-top canvas sneakers with white laces and a red sole."
1555,data/images/n03452741/n03452741_2540.JPEG,piano,ball," A man is sitting at a grand piano, playing music. ","A colorful, spherical ball with a small hole in the center."
1556,data/images/n02106662/n02106662_62679.JPEG,dog,dog," A German Shepherd dog with its tongue out, standing in a grassy area. ","A fluffy white dog with a brown nose and big brown eyes, sitting on a wooden floor next to a blue rug."
1557,data/images/n03982430/n03982430_4411.JPEG,pool table,pool table," A room with a pool table, dartboard, and a painting of a baseball team. ",The image depicts a vintage-looking pool table with intricate carvings and golden accents.
1558,data/images/n02906734/n02906734_9317.JPEG,brush,clownfish or fish, A wooden broom leaning against a wooden fence. ,"A colorful, uniquely-shaped fish with vibrant orange and white stripes swimming gracefully in the ocean."
1559,data/images/n03197337/n03197337_1351.JPEG,watch or watches,guitar, A person's hand with a name written on it. ,"A vintage guitar with intricate inlays and a unique design, adorned with colorful stickers."
1560,data/images/n02906734/n02906734_9317.JPEG,brush,brush, A wooden broom leaning against a wooden fence. ,"The image depicts a colorful, intricately designed brush with multiple bristles and handles."
1561,data/images/n04069434/n04069434_12869.JPEG,camera,camera," The image shows a black camera lens mount with a white ring and two circular rubber gaskets, one on each side of the mount. ",A camera captures a scene with vibrant colors and sharp details.
1562,data/images/n02906734/n02906734_20509.JPEG,brush,brush, Two people shoveling snow on an ice rink. ,"A brush, a tool used for cleaning or grooming surfaces such as hair, paintbrushes, and other materials."
1563,data/images/n11939491/n11939491_10024.JPEG,flower,pizza, A black and white photograph of a single daisy with a white center and a dark brown center. ,"A colorful and cheesy pizza with various toppings, such as pepperoni, mushrooms, olives, and onions."
1564,data/images/n03792782/n03792782_15924.JPEG,bicycle,bicycle," A man is riding a mountain bike on a trail, jumping over a small hill. ",A bicycle with a basket and chain guard.
1565,data/images/n02906734/n02906734_23744.JPEG,brush,airplane, A group of people playing a game of broomball in an indoor rink. ,"An airplane, a large flying vehicle with wings and engines."
1566,data/images/n11939491/n11939491_4441.JPEG,flower,flower," Three flowers with red, yellow, and white petals in a vase. ","A colorful bouquet of flowers, surrounded by lush greenery."
1567,data/images/n03445777/n03445777_2951.JPEG,ball,ball," A golf ball on a green, in front of a hole. ","A colorful, spherical ball with a small opening on one side."
1568,data/images/n03584829/n03584829_26740.JPEG,ironing machine,ironing machine," An old iron with rusted handle and a rope, placed on a rusted metal stand. ","A large, white ironing machine with a rounded front and several knobs on top."
1569,data/images/n07873807/n07873807_1477.JPEG,pizza,camera, A pepperoni pizza on a baking sheet. ,"A camera captures a scene with clarity and detail, producing high-quality images for various purposes."
1570,data/images/n02389026/n02389026_3269.JPEG,horse,horse, A brown horse with a white stripe down its face and a white spot on its forehead. ,"A majestic horse stands confidently in a field, with its powerful legs and flowing mane."
1571,data/images/n02906734/n02906734_17960.JPEG,brush,panda or pandas, A broom leaning against a doorway in a building. ,"A panda is a cute, fluffy animal with black and white fur."
1572,data/images/n03982430/n03982430_11084.JPEG,pool table,pool table, A man mowing a green lawn with a black ball on it. ,A pool table is a rectangular table with pockets and markings for playing billiards games.
1573,data/images/n03709823/n03709823_16780.JPEG,handbag,gloves, A close-up view of a red purse with a silver chain strap. ,The image depicts a pair of black leather gloves with intricate silver stitching and embellishments.
1574,data/images/n02951358/n02951358_2350.JPEG,canoe or boat,canoe or boat, Three people in kayaks on the ocean. ,A canoe and a boat are both watercraft.
1575,data/images/n03590841/n03590841_6380.JPEG,pumpkin,pumpkin," Two carved pumpkins with faces, sitting on a table. ","A colorful, round pumpkin with a small stem."
1576,data/images/n03792972/n03792972_4392.JPEG,camp or camping,camp or camping, A tent pitched in a field with several RVs parked in the background. ,"The image depicts a campsite with tents, campfires, and outdoor furniture."
1577,data/images/n02389026/n02389026_2013.JPEG,horse,horse, A brown horse standing in a field. , A white horse with a black mane and tail standing in a field.
1578,data/images/n02389026/n02389026_724.JPEG,horse,monkey, A young brown horse with a white blaze on its face is walking in a grassy field. ,A monkey with a mischievous expression on its face.
1579,data/images/n02389026/n02389026_9196.JPEG,horse,horse, A man riding a brown horse in a field. ,"A horse with a flowing mane and tail, standing in a field of tall grass."
1580,data/images/n02124075/n02124075_7825.JPEG,cat,cat, Two cats lying on a bed with a leopard print blanket. ,A black cat with white paws and a white spot on its head.
1581,data/images/n03452741/n03452741_12409.JPEG,piano,piano," An old, black piano in a room. ","A black and white piano, with a glossy finish and keys that appear to be slightly raised."
1582,data/images/n02504458/n02504458_3816.JPEG,elephant,panda or pandas, A large elephant standing in a grassy field. ,A panda bear sitting on a log.
1583,data/images/n03584829/n03584829_36033.JPEG,ironing machine,ironing machine, An iron on a table. ,"A sleek, modern ironing machine with a large water tank and an easy-to-use control panel."
1584,data/images/n04120489/n04120489_6792.JPEG,shoes,tower, A person's feet wearing white and blue sneakers. ,"A towering, futuristic cityscape with a minimalist design."
1585,data/images/n02124075/n02124075_12430.JPEG,cat,dog, A brown and black cat with green eyes. ,"A fluffy white dog with a brown nose and big brown eyes, sitting on a wooden floor."
1586,data/images/n03792782/n03792782_8799.JPEG,bicycle,bicycle," A collage of a mountain bike race, featuring a man in a blue and black jersey riding a bike, with various other cyclists and a collage of photos from the event. ",A blue bicycle with a basket and fenders stands next to the sidewalk.
1587,data/images/n02992529/n02992529_13746.JPEG,cell phone,cell phone, A man in glasses is talking on a cell phone while sitting at a table. ,"A close-up of a smartphone, showing the screen and its curved edges."
1588,data/images/n02281787/n02281787_2971.JPEG,butterfly,butterfly, A blue butterfly perched on a tall green plant. ,A butterfly fluttering in the air.
1589,data/images/n03272562/n03272562_608.JPEG,train,train, A blue and white train on the tracks. ,The image depicts a bustling train station with passengers going about their business.
1590,data/images/n03376595/n03376595_852.JPEG,chair,train, A colorful folding chair with a checkered pattern. ,"A colorful, hand-painted sign with a smiling sun and the words ""Train to Happiness"" in various fonts."
1591,data/images/n03709823/n03709823_25550.JPEG,handbag,pumpkin, A black leather purse with a flap and a gold buckle. ,"A pumpkin with a smooth, round surface and vivid orange color."
1592,data/images/n02906734/n02906734_21984.JPEG,brush,airplane, A young boy holding a broom with straw. ,"An airplane, a large flying vehicle with wings and engines for transportation in the sky."
1593,data/images/n03590841/n03590841_1053.JPEG,pumpkin,handbag," A carved pumpkin with a face and a smaller carved pumpkin with a face, both sitting on a table with leaves around them. ","A handbag with a unique design, featuring intricate details and vibrant colors."
1594,data/images/n03297495/n03297495_2948.JPEG,coffee maker,train, A black espresso machine with two cups of coffee on the spout. ,"The image depicts a bustling train station with people, luggage, and various signs of activity."
1595,data/images/n03775071/n03775071_7792.JPEG,gloves,gloves, A pair of gray knitted gloves. ,"""A pair of high-quality leather gloves with intricate stitching and a comfortable fit."""
1596,data/images/n03272562/n03272562_4071.JPEG,train,guitar," An old train car sits on the tracks, waiting for its next journey. ","A beautifully crafted, vintage-style acoustic guitar with intricate detailing and a rich, warm tone."
1597,data/images/n03792782/n03792782_12815.JPEG,bicycle,rocket," A group of bicyclists in a line, preparing for a race. ","A sleek, modern rocket with a single engine and no visible wings or tail fins."
1598,data/images/n03982430/n03982430_20021.JPEG,pool table,camera, A pool table with multiple balls in motion. ,"A camera is a device that captures and records images by converting light into electrical signals, storing the data in an image sensor, and producing prints or digital files."
1599,data/images/n03590841/n03590841_8067.JPEG,pumpkin,ironing machine," A woman carving a jack-o-lantern in a kitchen, with a table full of carved pumpkins. ","A portable appliance for wrinkle removal, featuring a heating element and water tank."
1600,data/images/n03063599/n03063599_1320.JPEG,coffee mug,canoe or boat, A red espresso machine with a pressure gauge and a black handle. ,The image depicts a wooden canoe with a single outboard motor attached to the rear.
1601,data/images/n03792782/n03792782_5419.JPEG,bicycle,bicycle, A man riding a bicycle on a wooden bridge in a wooded area. ,A bicycle with a basket and chain.
1602,data/images/n03297495/n03297495_1204.JPEG,coffee maker,chair, This is an image of a coffee machine with two cups of coffee on the spout. ,"A comfortable, wooden chair with a cushioned seat and backrest, perfect for relaxation or reading."
1603,data/images/n04044716/n04044716_9463.JPEG,tower,mushroom, A large white satellite dish. ,"A large, exotic-looking mushroom with vibrant colors and intricate patterns."
1604,data/images/n03197337/n03197337_526.JPEG,watch or watches,watch or watches," A person's hand wearing a watch with a digital display and a compass, holding a map. ",This image depicts a collection of wristwatches in various styles and designs.
1605,data/images/n03100240/n03100240_8794.JPEG,car,cell phone, A black convertible car parked on a gravel driveway. ,"A close-up of a smartphone, showing the screen and its protective case."
1606,data/images/n02607072/n02607072_2525.JPEG,clownfish or fish,airplane, A clownfish peeking out from behind a coral reef. ,A picture of a large flying machine with wings and engines.
1607,data/images/n02690373/n02690373_7499.JPEG,airplane,clownfish or fish, An airplane on the runway at an airport. ,"A clownfish, also known as a fish, is swimming in an underwater coral reef habitat."
1608,data/images/n02992529/n02992529_3673.JPEG,cell phone,cell phone," The image shows a Sony Ericsson Cyber-shot camera and a smartphone, both with a blue and black color scheme, against a yellow background. ","The image depicts a smartphone with a rectangular screen, metallic frame, and rounded corners."
1609,data/images/n03773504/n03773504_14109.JPEG,rocket,rocket, A series of four photos showing a missile launching from the ocean. ,"A large, colorful rocket with a long tail and four smaller fins on its side"
1610,data/images/n04069434/n04069434_7064.JPEG,camera,camera, A black Minolta camera with a zoom lens. ,A camera that takes clear and detailed images.
1611,data/images/n03297495/n03297495_2948.JPEG,coffee maker,coffee maker, A black espresso machine with two cups of coffee on the spout. ,"The image depicts a stainless steel coffee maker with an integrated carafe and filter, designed for countertop use in modern kitchens."
1612,data/images/n03197337/n03197337_2141.JPEG,watch or watches,computer," The image shows a digital wristwatch with a blue screen displaying the time ""8:10"" and the date ""10"". ","A colorful, abstract pattern of interwoven shapes and lines."
1613,data/images/n03775071/n03775071_44.JPEG,gloves,gloves, A person wearing a colorful knitted glove and holding a tree. ,A pair of knitted gloves with a fluffy pom-pom on the wrist.
1614,data/images/n07753592/n07753592_5699.JPEG,fruits and vegetables,pizza, A ripe yellow banana with a brown spot on the end. ,"A colorful, cheesy pizza with various toppings and a slice of pepperoni."
1615,data/images/n02504458/n02504458_4234.JPEG,elephant,elephant," A close-up of an elephant's face, showcasing its large, wrinkled skin and long, curved tusks. ",A large elephant with a long trunk and four legs.
1616,data/images/n03445777/n03445777_2493.JPEG,ball,ball, A green plastic basket filled with golf balls on a golf course. ,"A large, spherical beach ball with multicolored stripes."
1617,data/images/n03180011/n03180011_20934.JPEG,computer,guitar, A desktop computer with a monitor displaying a webpage. ,"A colorful, intricately designed guitar with a variety of patterns and shapes."
1618,data/images/n04120489/n04120489_5424.JPEG,shoes,pizza," Two men sitting on a boat with their feet on a board, wearing sneakers and drinking water. ","A colorful, cheesy pizza with various toppings on a round crust."
1619,data/images/n03888257/n03888257_39168.JPEG,parachutes,handbag," A group of parachutists in the sky, performing a stunt, with smoke trailing behind them. ","A colorful handbag with a long strap and a large, round mirror on the front."
1620,data/images/n07873807/n07873807_16625.JPEG,pizza,shoes, A large pizza with various toppings on a metal tray on a table. ,The image depicts a pair of colorful sneakers with cartoon characters on the soles.
1621,data/images/n03590841/n03590841_6462.JPEG,pumpkin,handbag," A carved pumpkin with a glowing face and teeth, sitting on a table. ","A small, stylish bag with a long strap for carrying items."
1622,data/images/n03180011/n03180011_20934.JPEG,computer,cell phone, A desktop computer with a monitor displaying a webpage. ,A close-up of a smartphone's screen displaying various colorful geometric shapes and patterns.
1623,data/images/n03063599/n03063599_4172.JPEG,coffee mug,coffee mug, A black coffee mug on a window sill. ,The image depicts a white coffee mug with a minimalist design and simple text.
1624,data/images/n02992529/n02992529_42996.JPEG,cell phone,cell phone, A shirtless man in a crowd is using his cell phone. ,"A close-up of a woman's face, with her eyes and lips visible."
1625,data/images/n03590841/n03590841_6382.JPEG,pumpkin,pumpkin," A carved pumpkin with a jack-o-lantern face sits on a table, surrounded by Halloween decorations. ","A pumpkin with a cute face and big eyes, sitting on the ground."
1626,data/images/n02951358/n02951358_30776.JPEG,canoe or boat,canoe or boat, A group of people in kayaks on the ocean. ,A canoe and a boat are depicted in this image.
1627,data/images/n02690373/n02690373_4671.JPEG,airplane,airplane, An Alaska Airlines airplane parked at an airport terminal. ,"An airplane in the sky, with wings and a tail, flying high above the clouds."
1628,data/images/n03982430/n03982430_20620.JPEG,pool table,pool table," A man is playing pool, leaning over the table, and aiming at a red ball with a cue stick. ","A pool table is a large surface with pockets and rails, designed for playing billiards or snooker."
1629,data/images/n02607072/n02607072_3433.JPEG,clownfish or fish,clownfish or fish, A vibrant underwater scene with a variety of colorful fish and coral. ,"A clownfish, also known as an orange and white fish with vibrant colors."
1630,data/images/n03584829/n03584829_45572.JPEG,ironing machine,ironing machine, An iron on a table. ,"A portable ironing machine with a handle and removable water tank, designed for easy use on various surfaces."
1631,data/images/n04120489/n04120489_3979.JPEG,shoes,mushroom," The image shows a close-up of a Nike running shoe with the word ""RUNNING"" visible on the side. ","A colorful mushroom with a wide, flat cap."
1632,data/images/n03775071/n03775071_2160.JPEG,gloves,gloves," A hand-knitted sock with a colorful pattern, sitting on a table with knitting needles and a piece of paper. ",A cool autumn scene with a couple of people walking hand in hand on a dirt path surrounded by trees and colorful leaves.
1633,data/images/n03100240/n03100240_13929.JPEG,car,car, A vintage black car with red trim parked on grass. ,"A colorful, cartoonish image of a car with an open door and two smiling faces peering inside."
1634,data/images/n03180011/n03180011_16171.JPEG,computer,computer, A silver desktop computer with keyboard and mouse on a white background. ,"A colorful, hand-drawn illustration of a cartoon cat wearing sunglasses and a bow tie, sitting on top of the word ""cool."""
1635,data/images/n04069434/n04069434_12771.JPEG,camera,tower," The image shows a black digital single-lens reflex camera (DSLR) with a lens attached, set against a white background. ","A colorful, abstract cityscape with tall buildings and winding roads on a large tower."
1636,data/images/n03792972/n03792972_8672.JPEG,camp or camping,rocket, A tent in a mountainous area with trees and fog. ,"A sleek, modern rocket with a large engine and minimalistic design."
1637,data/images/n03775071/n03775071_7792.JPEG,gloves,rocket, A pair of gray knitted gloves. ,"A large, sleek rocket with a single engine and no visible wings or tail fins."
1638,data/images/n03452741/n03452741_24828.JPEG,piano,ball, A grand piano in a room with a portrait on the wall. ,A white ball with a red stripe around it.
1639,data/images/n03063599/n03063599_3606.JPEG,coffee mug,brush, A glass of red wine on a table with a mug of coffee and a donut in the background. ,"The image depicts a set of bristles on a long, cylindrical brush head with a handle attached to it."
1640,data/images/n03376595/n03376595_10737.JPEG,chair,chair, A folding chair in a grassy field. ,"A comfortable armchair with plush cushions and a sturdy wooden frame, perfect for relaxation or reading."
1641,data/images/n11939491/n11939491_16390.JPEG,flower,flower," The image features a single white daisy with a yellow center, surrounded by green foliage. ","A delicate, colorful flower with petals that seem to be gently waving in the breeze."
1642,data/images/n03982430/n03982430_17180.JPEG,pool table,tower, A pool table with a cue ball on it. ,"A towering, cylindrical structure with a flat roof and multiple windows."
1643,data/images/n13054560/n13054560_9747.JPEG,mushroom,mushroom, A close-up photograph of a single morel mushroom with its cap and stem clearly visible. ,A colorful mushroom with a spotted cap and a curved stem.
1644,data/images/n03982430/n03982430_17180.JPEG,pool table,pool table, A pool table with a cue ball on it. ,"A high-quality pool table with a dark brown and green marble effect, surrounded by elegant gold accents and plush blue cushions."
1645,data/images/n03445777/n03445777_5342.JPEG,ball,ball, A white golf ball with a logo on it. ,A white teddy bear sitting on a blue pillow.
1646,data/images/n02281787/n02281787_2105.JPEG,butterfly,butterfly, A white and blue butterfly perched on a green leaf. ,A colorful butterfly fluttering in a field of flowers.
1647,data/images/n02690373/n02690373_4671.JPEG,airplane,clownfish or fish, An Alaska Airlines airplane parked at an airport terminal. ,A colorful clownfish swimming gracefully in the ocean.
1648,data/images/n03775071/n03775071_44.JPEG,gloves,bicycle, A person wearing a colorful knitted glove and holding a tree. ,A bicycle with a basket and chain.
1649,data/images/n02607072/n02607072_1617.JPEG,clownfish or fish,clownfish or fish, Two clownfish swimming near a coral reef. ,"A clownfish, also known as a fish with vibrant orange and white colors."
1650,data/images/n02492035/n02492035_3912.JPEG,monkey,butterfly," A monkey in a cage, looking out with a sad expression. ",A butterfly fluttering in mid-air.
1651,data/images/n02992529/n02992529_4366.JPEG,cell phone,panda or pandas," The image shows a smartphone screen with a camera icon highlighted in red, indicating that the camera application is selected. ","A panda sitting on a log, enjoying the scenery."
1652,data/images/n07753592/n07753592_5699.JPEG,fruits and vegetables,fruits and vegetables, A ripe yellow banana with a brown spot on the end. ,"A colorful assortment of fruits and vegetables, arranged in a visually appealing manner."
1653,data/images/n03584829/n03584829_13149.JPEG,ironing machine,ball," Two women standing on the street, one holding an iron and the other holding a shirt, both looking at the iron. ","A colorful, spherical ball with a small opening on one side."
1654,data/images/n03100240/n03100240_3310.JPEG,car,car, A white classic mustang car on display. ,"The image depicts a classic, vintage car with an elegant design and chrome accents."
1655,data/images/n13054560/n13054560_9747.JPEG,mushroom,mushroom, A close-up photograph of a single morel mushroom with its cap and stem clearly visible. ,"A colorful mushroom with a wide, curved cap and small, tightly clustered stems."
1656,data/images/n03063599/n03063599_1096.JPEG,coffee mug,coffee mug," A white mug with a green design and the word ""tea"" on it. ","A coffee mug features a cartoon character with a wide grin, holding a steaming cup of coffee."
1657,data/images/n02124075/n02124075_10164.JPEG,cat,cat, A cat sitting on a ledge looking at a cat statue. ,A black cat with white paws sits on a red rug.
1658,data/images/n02690373/n02690373_398.JPEG,airplane,airplane, American airlines passenger jet in flight. ,"The image depicts a large airplane with intricate details and vibrant colors, symbolizing its advanced technology and impressive design."
1659,data/images/n03775071/n03775071_6122.JPEG,gloves,gloves, A person wearing a coat and holding their hands together in front of them. ,"A pair of fluffy, warm gloves with intricate embroidery on the cuffs."
1660,data/images/n02992529/n02992529_13746.JPEG,cell phone,cell phone, A man in glasses is talking on a cell phone while sitting at a table. ,"A colorful, abstract painting of a woman's face with flowers and geometric shapes."
1661,data/images/n03982430/n03982430_20021.JPEG,pool table,camera, A pool table with multiple balls in motion. ,A camera captures vivid images of a bustling cityscape at sunset.
1662,data/images/n04044716/n04044716_860.JPEG,tower,tower, A large satellite dish in a desert setting. ,"The image depicts a towering, intricately designed structure with multiple levels and balconies."
1663,data/images/n02951358/n02951358_33850.JPEG,canoe or boat,canoe or boat, A man in a yellow helmet is kayaking down a river. ,"A small boat with a single person on board, gliding smoothly across the water."
1664,data/images/n02607072/n02607072_3433.JPEG,clownfish or fish,brush, A vibrant underwater scene with a variety of colorful fish and coral. ,"A toothbrush with bristles and a handle, designed for cleaning teeth."
1665,data/images/n02607072/n02607072_2525.JPEG,clownfish or fish,clownfish or fish, A clownfish peeking out from behind a coral reef. ,"A clownfish, also known as a fish with vibrant colors and patterns."
1666,data/images/n03063599/n03063599_552.JPEG,coffee mug,cell phone," A small terracotta pot with the word ""shape"" written on it. ","A colorful image of a cell phone, depicting various smartphone models and accessories."
1667,data/images/n02607072/n02607072_505.JPEG,clownfish or fish,monkey, A clownfish swimming among the tentacles of an anemone. ,"A monkey is a mischievous and playful animal with long, curly hair."
1668,data/images/n02124075/n02124075_12430.JPEG,cat,butterfly, A brown and black cat with green eyes. ,A colorful butterfly with intricate patterns on its wings.
1669,data/images/n02281787/n02281787_2971.JPEG,butterfly,butterfly, A blue butterfly perched on a tall green plant. ,A colorful butterfly gracefully lands on a leaf.
1670,data/images/n02281787/n02281787_2105.JPEG,butterfly,horse, A white and blue butterfly perched on a green leaf. ," A horse with a flowing mane and tail, standing in a field of green grass."
1671,data/images/n04069434/n04069434_9580.JPEG,camera,camera, A vintage camera with a lens on a wooden table. ,"A close-up of a vintage camera with a sleek, retro design."
1672,data/images/n02690373/n02690373_3492.JPEG,airplane,airplane, A blue and white airplane on the runway. ,"An airplane in the sky, with wings spread wide and a tail section."
1673,data/images/n07753592/n07753592_1198.JPEG,fruits and vegetables,fruits and vegetables," A still life of fruit, including an apple, bananas, and a rose, arranged on a reflective surface. ","A colorful assortment of fruits and vegetables, including apples, bananas, carrots, and tomatoes, arranged on a wooden surface."
1674,data/images/n03877472/n03877472_2301.JPEG,girl,girl," Two young girls sitting on the floor, smiling and posing for the camera. ","A colorful illustration of a girl with long hair and big eyes surrounded by various objects such as books, flowers, and balloons."
1675,data/images/n02124075/n02124075_10525.JPEG,cat,butterfly," A gray and white cat is laying on its back, with its paws in the air, on a chair. ",A colorful butterfly with intricate patterns on its wings.
1676,data/images/n03452741/n03452741_11539.JPEG,piano,piano, A black grand piano in a living room. ,"A beautiful, musical instrument with a grand design and intricate details."
1677,data/images/n03775071/n03775071_3112.JPEG,gloves,gloves," Three handmade felt Christmas stockings in red, purple, and blue, each with a white pom pom on top. ",A pair of black leather gloves with intricate stitching and a delicate lace trim.
1678,data/images/n02607072/n02607072_505.JPEG,clownfish or fish,canoe or boat, A clownfish swimming among the tentacles of an anemone. ,"A canoe and a boat are depicted in the image, highlighting their presence side by side on a calm body of water."
1679,data/images/n03590841/n03590841_11757.JPEG,pumpkin,handbag," Two carved pumpkins with faces, one with a neutral expression and the other with a scary expression, sitting on a table. ",A colorful handbag with intricate details and a golden clasp.
1680,data/images/n02281787/n02281787_5793.JPEG,butterfly,butterfly, A butterfly is flying over a flower in a lush green forest. ,A butterfly fluttering in the air.
1681,data/images/n04086273/n04086273_2383.JPEG,gun,gun, A collection of six antique firearms displayed on a wall. ,A realistic painting of a handgun on a wooden background.
1682,data/images/n03445777/n03445777_5342.JPEG,ball,ball, A white golf ball with a logo on it. ,"A colorful, spherical ball with a small opening on one side."
1683,data/images/n03063599/n03063599_748.JPEG,coffee mug,cell phone, A white coffee mug with a black logo on a white table. ,A colorful abstract pattern of intertwined shapes and lines on a white background.
1684,data/images/n03773504/n03773504_8896.JPEG,rocket,rocket, A white missile on display in a museum. ,"A large, sleek rocket with a cone-shaped payload bay and four stubby solid-fueled boosters on its side."
1685,data/images/n03376595/n03376595_8916.JPEG,chair,chair, A wooden folding chair with a green cushion and a striped backrest. ,"A comfortable, wooden armchair with intricate carvings and a high backrest for added support."
1686,data/images/n02690373/n02690373_736.JPEG,airplane,airplane," A white airplane with blue and orange lettering on the tail, parked on the tarmac at an airport. ","The image depicts a large airplane with intricate details and vibrant colors, symbolizing its advanced technology and impressive design."
1687,data/images/n04120489/n04120489_3979.JPEG,shoes,pizza," The image shows a close-up of a Nike running shoe with the word ""RUNNING"" visible on the side. ","A colorful, cheesy pizza with various toppings and a slice cut into it."
1688,data/images/n02690373/n02690373_5870.JPEG,airplane,airplane, A large white airplane with blue and red accents parked on a runway. ,"The image depicts a large airplane with intricate details and vibrant colors, symbolizing its advanced technology and impressive design."
1689,data/images/n03709823/n03709823_9033.JPEG,handbag,rocket, A black and yellow duffel bag with a black strap. ,"A rocket with a large payload, soaring high above the Earth's surface, is depicted in this image."
1690,data/images/n03888257/n03888257_19211.JPEG,parachutes,parachutes, A surreal image of a hot air balloon floating above a barren landscape with a rainbow in the sky. ,"A parachute is a large, square cloth that opens from a small package to provide a soft landing."
1691,data/images/n04120489/n04120489_3979.JPEG,shoes,shoes," The image shows a close-up of a Nike running shoe with the word ""RUNNING"" visible on the side. ","A pair of colorful sneakers with laces, suitable for casual wear."
1692,data/images/n03180011/n03180011_9698.JPEG,computer,car," A cluttered computer desk with two monitors, two keyboards, two mice, and various other items. ","The image depicts a classic car with a sleek, modern design."
1693,data/images/n03272562/n03272562_8931.JPEG,train,coffee maker, Two red trains parked on train tracks. ,"This image depicts a coffee maker with a modern and sleek design, suitable for both home and office use."
1694,data/images/n07873807/n07873807_2421.JPEG,pizza,camera, A variety of pizzas on display in a restaurant. ,A camera captures vivid and detailed images.
1695,data/images/n02281787/n02281787_4566.JPEG,butterfly,butterfly, Two blue butterflies on a green leaf. ,A butterfly fluttering in the breeze.
1696,data/images/n03272562/n03272562_4339.JPEG,train,train, A train on the tracks with cargo cars behind it. ,"A colorful illustration of a train with multiple cars, each adorned in vibrant patterns and designs."
1697,data/images/n03197337/n03197337_1045.JPEG,watch or watches,computer, A white and black digital wristwatch with a white strap. ,"The image depicts a close-up view of an intricately designed, vintage pocket watch with a gold finish and intricate engravings on its surface."
1698,data/images/n02992529/n02992529_14442.JPEG,cell phone,computer, A white star-shaped tray holds two cell phones. ,"A colorful, spiral-bound notebook with a small key and an open book on the table."
1699,data/images/n02504458/n02504458_5897.JPEG,elephant,panda or pandas, A large elephant walking on a dirt road in a natural setting. ,"A panda is a cute, cuddly bear-like animal with black fur and white markings on its face."
1700,data/images/n03982430/n03982430_20021.JPEG,pool table,tower, A pool table with multiple balls in motion. ,"A tall, thin tower made of interlocking blocks and cylinders."
1701,data/images/n02510455/n02510455_15145.JPEG,panda or pandas,elephant, A black and white panda bear sitting in an enclosure. ,A large gray elephant with a trunk and ears.
1702,data/images/n04120489/n04120489_14875.JPEG,shoes,shoes, A close-up view of a sports shoe with a blue and white color scheme. ,The image depicts a pair of colorful sneakers on a white background.
1703,data/images/n03792972/n03792972_1570.JPEG,camp or camping,girl, A tent set up in a field with camping gear. ,"A young girl with long, wavy hair and a pink dress stands in front of a white background."
1704,data/images/n03773504/n03773504_6291.JPEG,rocket,rocket, A large nuclear missile inside a missile silo. ,"A sleek, modern rocket with a single engine on its side, surrounded by various geometric shapes and lines in the background."
1705,data/images/n03888257/n03888257_24025.JPEG,parachutes,tower," A person is skydiving with a parachute, flying high in the sky. ","A colorful, whimsical tower made of stacked objects and structures."
1706,data/images/n03590841/n03590841_6462.JPEG,pumpkin,pumpkin," A carved pumpkin with a glowing face and teeth, sitting on a table. ","A plump, orange pumpkin with a cute face."
1707,data/images/n03452741/n03452741_16744.JPEG,piano,ball, A man is playing a piano in a restaurant with a mcdonald's sign in the background. ,"A large, spherical beach ball with a bold, colorful design."
1708,data/images/n02951358/n02951358_7348.JPEG,canoe or boat,cell phone, A painting of a man and his dog in a canoe on a lake at sunset. ,A close-up of a smartphone screen displaying various icons and text.
1709,data/images/n04044716/n04044716_9463.JPEG,tower,tower, A large white satellite dish. ,"A towering, cylindrical structure with a flat roof and multiple balconies."
1710,data/images/n07873807/n07873807_1477.JPEG,pizza,shoes, A pepperoni pizza on a baking sheet. ,A pair of colorful sneakers with cartoon characters on the design.
1711,data/images/n03792782/n03792782_122.JPEG,bicycle,gloves, A man is riding a bicycle on a steep rocky mountain trail. ,The image shows a pair of black leather gloves with white stitching and metal accents.
1712,data/images/n03792972/n03792972_1570.JPEG,camp or camping,bicycle, A tent set up in a field with camping gear. ,"A bicycle with a basket and chain in the front, designed for leisurely rides on country roads."
1713,data/images/n02389026/n02389026_2013.JPEG,horse,horse, A brown horse standing in a field. ,"A majestic horse, with flowing mane and elegant tail."
1714,data/images/n03584829/n03584829_13555.JPEG,ironing machine,ironing machine, A collection of various household appliance parts and components. ,"A compact appliance with a flat surface, used for smoothing and drying clothes."
1715,data/images/n03877472/n03877472_33829.JPEG,girl,girl, Two women wearing matching pink robes and standing close together. ,"A young girl with long, wavy hair gazes intently at a colorful bouquet of flowers while sitting on a wooden bench."
1716,data/images/n03445777/n03445777_15294.JPEG,ball,girl, A crystal golf ball with a personalized message. ,"A young girl with long, curly hair and big eyes stands in front of a colorful background."
1717,data/images/n03297495/n03297495_7249.JPEG,coffee maker,rocket," This is an image of a white espresso machine with a silver and black front panel, featuring two spouts and two buttons. ","A rocket soaring against a starry background, symbolizing human exploration and technological advancement."
1718,data/images/n03272010/n03272010_4370.JPEG,guitar,guitar, A blue electric guitar with a pickup and a cord on a white surface. ,"A black electric guitar with a simple, elegant design and glossy finish."
1719,data/images/n03709823/n03709823_16780.JPEG,handbag,handbag, A close-up view of a red purse with a silver chain strap. ,"A medium-sized handbag with a structured design, featuring intricate detailing and colorful embellishments."
1720,data/images/n04069434/n04069434_12869.JPEG,camera,pool table," The image shows a black camera lens mount with a white ring and two circular rubber gaskets, one on each side of the mount. ","A billiard table is a large, rectangular surface with pockets and markings for playing the game of pool."
1721,data/images/n02992529/n02992529_39085.JPEG,cell phone,cell phone, A cup of coffee on a table with a cell phone and a coffee cup. ,"A cell phone with a camera and touchscreen display, used for making calls and accessing various applications."
1722,data/images/n02951358/n02951358_29817.JPEG,canoe or boat,canoe or boat," A person in a red kayak on a river, surrounded by lush greenery and a wooden bridge. ","A sturdy, wide canoe with a tall mast and colorful sails."
1723,data/images/n02906734/n02906734_21440.JPEG,brush,brush," A group of people playing indoor curling, with one person in the process of throwing the curling stone. ","A colorful, detailed painting of a majestic bird in flight against a serene background."
1724,data/images/n03792782/n03792782_12815.JPEG,bicycle,bicycle," A group of bicyclists in a line, preparing for a race. ",A red bicycle with yellow accents sits on a grassy hill.
1725,data/images/n03709823/n03709823_24745.JPEG,handbag,pumpkin, A pink duffel bag with a white logo on it. ,"A large, orange pumpkin with a small stem."
1726,data/images/n02992529/n02992529_39085.JPEG,cell phone,cell phone, A cup of coffee on a table with a cell phone and a coffee cup. ,A colorful abstract pattern of interwoven shapes and lines.
1727,data/images/n03063599/n03063599_4086.JPEG,coffee mug,coffee mug," The image shows two rings, one purple and one yellow, against a white background. ","A colorful coffee mug featuring a cute cartoon character, holding a steaming cup of coffee."
1728,data/images/n03590841/n03590841_10934.JPEG,pumpkin,bicycle," A carved pumpkin with a scary face sits on a porch, illuminated by red lights. ",A bicycle with a basket and chain guard.
1729,data/images/n02106662/n02106662_83638.JPEG,dog,dog, A German Shepherd dog in mid-run on a grassy field. ,A fluffy white dog with brown eyes and a pink tongue sticking out.
1730,data/images/n02951358/n02951358_9376.JPEG,canoe or boat,cell phone, Two people walking on frozen lake with boat in background. ,"A colorful, spiral galaxy with a bright star in the center."
1731,data/images/n07753592/n07753592_10252.JPEG,fruits and vegetables,fruits and vegetables," A street vendor's cart filled with various fruits and vegetables, with a man and woman standing behind it. ","A colorful assortment of fruits and vegetables, including grapes, tomatoes, bell peppers, cucumbers, and leafy greens, arranged in a visually appealing manner."
1732,data/images/n04069434/n04069434_10318.JPEG,camera,camera, A black Canon camera with a strap on a table. ,A camera that takes clear and detailed photos.
1733,data/images/n03272010/n03272010_11611.JPEG,guitar,guitar, A man playing a guitar at sunset. ,"A beautifully crafted, high-quality acoustic guitar with a natural wood finish and intricate detailing."
1734,data/images/n03792972/n03792972_1036.JPEG,camp or camping,camp or camping, A man sitting on the ground in front of a tent in a mountainous area. ,A group of people enjoying nature and bonding under the stars at a campsite.
1735,data/images/n02281787/n02281787_2216.JPEG,butterfly,butterfly, A small blue butterfly perched on a rock. ,A colorful butterfly with intricate patterns on its wings.
1736,data/images/n02690373/n02690373_398.JPEG,airplane,monkey, American airlines passenger jet in flight. ,A monkey with a mischievous grin on its face.
1737,data/images/n03197337/n03197337_830.JPEG,watch or watches,train," A digital wristwatch with a black strap and a white face, inside a clear plastic case. ","A colorful and intricate illustration of a steam train with multiple cars, surrounded by foliage and mountains in the background."
1738,data/images/n03590841/n03590841_11757.JPEG,pumpkin,rocket," Two carved pumpkins with faces, one with a neutral expression and the other with a scary expression, sitting on a table. ","A large, sleek rocket with a powerful engine and advanced technology."
1739,data/images/n03272010/n03272010_1242.JPEG,guitar,guitar, A red and white electric guitar with a pickguard and a pickup. ,"A colorful, intricate guitar with a unique design featuring various patterns and textures."
1740,data/images/n03982430/n03982430_11084.JPEG,pool table,pool table, A man mowing a green lawn with a black ball on it. ,"A large, rectangular pool table with a green felt surface and several cue sticks arranged on the side."
1741,data/images/n03775071/n03775071_3112.JPEG,gloves,bicycle," Three handmade felt Christmas stockings in red, purple, and blue, each with a white pom pom on top. ",A bicycle with a basket and fenders.
1742,data/images/n07873807/n07873807_18033.JPEG,pizza,shoes," Two pizzas on a baking sheet, one with cheese and olives, the other with cheese, olives, and sausage. ",The image depicts a pair of colorful sneakers with cartoon characters on them.
1743,data/images/n02389026/n02389026_24702.JPEG,horse,horse," A close-up of a horse's face, showing its brown coat, large brown eyes, and a white spot on its forehead. ",A majestic horse galloping through a field of vibrant green grass.
1744,data/images/n03297495/n03297495_1447.JPEG,coffee maker,train, A vintage metal hand juicer on a table. ,The image depicts a colorful train with intricate details and patterns on its exterior.
1745,data/images/n02992529/n02992529_52043.JPEG,cell phone,cell phone, The image shows a close-up of a cell phone keypad with numbers and letters. ,"A colorful, abstract pattern of interwoven shapes and lines."
1746,data/images/n03445777/n03445777_2548.JPEG,ball,ball," A golf ball on a green, with a logo for scott health & safety. ","A large, spherical ball with multicolored stripes."
1747,data/images/n03445777/n03445777_9216.JPEG,ball,ball, A pink golf ball on a tee in a field of yellow flowers. ,A white teddy bear sitting on a blue background.
1748,data/images/n03445777/n03445777_6397.JPEG,ball,ball," A white golf ball with a black logo on it, sitting on a grassy surface. ",A spherical object with a multicolored design on its surface.
1749,data/images/n03584829/n03584829_36033.JPEG,ironing machine,ironing machine, An iron on a table. ,"A portable appliance for wrinkle removal, featuring a heating element and water tank."
1750,data/images/n03272562/n03272562_8639.JPEG,train,watch or watches, A blue and yellow train engine on the tracks with a yellow train car behind it. ,This image depicts a man wearing a wristwatch on his left wrist.
1751,data/images/n02906734/n02906734_17960.JPEG,brush,airplane, A broom leaning against a doorway in a building. ,"A large airplane with multiple wings and engines, designed for long-distance travel."
1752,data/images/n03452741/n03452741_16744.JPEG,piano,piano, A man is playing a piano in a restaurant with a mcdonald's sign in the background. ,"A beautiful grand piano with a glossy finish and intricate details, surrounded by soft lighting and elegant decor."
1753,data/images/n07873807/n07873807_3896.JPEG,pizza,tower," A pizza with cheese, olives, and basil on a wooden cutting board. ","A towering, futuristic cityscape with a multitude of interconnected buildings and structures."
1754,data/images/n04044716/n04044716_14882.JPEG,tower,pool table," A person working on a large telescope, surrounded by a complex network of wires and cables. ",The image shows a traditional-looking pool table with an ornate design and golden accents.
1755,data/images/n02389026/n02389026_9196.JPEG,horse,horse, A man riding a brown horse in a field. ,A large horse with a flowing mane and tail.
1756,data/images/n03197337/n03197337_2141.JPEG,watch or watches,train," The image shows a digital wristwatch with a blue screen displaying the time ""8:10"" and the date ""10"". ","The image depicts a busy train station with people rushing to catch their trains, while others are waiting in line for tickets and luggage."
1757,data/images/n13054560/n13054560_5228.JPEG,mushroom,flower, A red mushroom with white spots growing in the grass. ,"A colorful bouquet of flowers, with various types and sizes of blooms arranged together."
1758,data/images/n02690373/n02690373_1055.JPEG,airplane,airplane," A large white airplane with the words ""A380"" on the side, flying through a blue sky with clouds. ","A large airplane with many wings and engines, designed to fly through the sky."
1759,data/images/n03445777/n03445777_2493.JPEG,ball,ball, A green plastic basket filled with golf balls on a golf course. ,"A spherical object with a flat surface, featuring a colorful abstract pattern."
1760,data/images/n03792782/n03792782_122.JPEG,bicycle,bicycle, A man is riding a bicycle on a steep rocky mountain trail. ,A bicycle with a basket and fenders.
1761,data/images/n02510455/n02510455_15145.JPEG,panda or pandas,elephant, A black and white panda bear sitting in an enclosure. ,A large elephant with a long trunk and large ears.
1762,data/images/n03775071/n03775071_6122.JPEG,gloves,rocket, A person wearing a coat and holding their hands together in front of them. ,"A large, white rocket with a cone-shaped payload bay and four stubby boosters stands on the launch pad"
1763,data/images/n02106662/n02106662_16778.JPEG,dog,dog, Two dogs running in a park. ,"A fluffy white dog sits on a wooden floor, gazing up with big brown eyes and a cute smile."
1764,data/images/n02510455/n02510455_95099.JPEG,panda or pandas,panda or pandas, A panda bear sitting on a tree branch in an enclosure. ,A panda is a cute and cuddly bear-like animal that is native to China.
1765,data/images/n03297495/n03297495_2852.JPEG,coffee maker,train," This is an image of a black coffee maker with a digital display and buttons, placed on a white background. ","A colorful, hand-painted signboard with a variety of fruits and vegetables displayed on it."
1766,data/images/n04120489/n04120489_10588.JPEG,shoes,shoes, A white and red tennis shoe with a black and yellow logo. ,The image depicts a pair of colorful high-top sneakers on a white background.
1767,data/images/n03584829/n03584829_26740.JPEG,ironing machine,ironing machine," An old iron with rusted handle and a rope, placed on a rusted metal stand. ","A portable, energy-efficient ironing board with multiple settings for various fabrics."
1768,data/images/n13054560/n13054560_4449.JPEG,mushroom,pizza, A mushroom growing in the wilderness. ,"A colorful pizza with various toppings, including vegetables and fruits."
1769,data/images/n02951358/n02951358_31796.JPEG,canoe or boat,canoe or boat," Two people in red kayaks on a river, with a rocky cliff and a building in the background. ","I'm sorry, I cannot answer that question. Please ask me something else!"
1770,data/images/n04044716/n04044716_555.JPEG,tower,car, A cherry picker is lifting a worker to repair a satellite dish. ,"A close-up of a red sports car with sleek design and shiny metallic paint, parked on a winding road surrounded by trees."
1771,data/images/n07873807/n07873807_7685.JPEG,pizza,fruits and vegetables," A large pizza with cheese, basil, and tomato sauce on a plate. ","A colorful assortment of fruits and vegetables, arranged in a circular pattern."
1772,data/images/n03877472/n03877472_28953.JPEG,girl,girl, A woman in a pink pajama is playfully pinning a man to the floor while he is wearing a blue pajama. ,"A young girl with long, curly hair and big eyes stands confidently in a white dress against a blue background."
1773,data/images/n04044716/n04044716_14882.JPEG,tower,tower," A person working on a large telescope, surrounded by a complex network of wires and cables. ","A tall, slender spire with a flat stone base and smaller stones forming an irregular pattern at the bottom."
1774,data/images/n03063599/n03063599_5287.JPEG,coffee mug,coffee mug, A white coffee mug with a brown starbucks logo on it. ,"A colorful coffee mug with a cartoon character design, featuring an anthropomorphic cat holding a heart-shaped balloon."
1775,data/images/n03709823/n03709823_7681.JPEG,handbag,handbag, A black leather handbag with a cartoon character on it. ,"A small, rectangular handbag with a single handle attached to one side."
1776,data/images/n02281787/n02281787_5793.JPEG,butterfly,airplane, A butterfly is flying over a flower in a lush green forest. ,"The image depicts a small, single-engine airplane with a red and white color scheme."
1777,data/images/n02951358/n02951358_31796.JPEG,canoe or boat,clownfish or fish," Two people in red kayaks on a river, with a rocky cliff and a building in the background. ","A colorful clownfish with a yellow and orange striped pattern, swimming in an aqua blue background."
1778,data/images/n04086273/n04086273_2383.JPEG,gun,tower, A collection of six antique firearms displayed on a wall. ,"A towering, futuristic cityscape with neon lights and geometric shapes."
1779,data/images/n07873807/n07873807_2421.JPEG,pizza,pizza, A variety of pizzas on display in a restaurant. ,"A colorful and delicious pizza with various toppings, ready to be enjoyed."
1780,data/images/n03590841/n03590841_6382.JPEG,pumpkin,handbag," A carved pumpkin with a jack-o-lantern face sits on a table, surrounded by Halloween decorations. ",A colorful handbag with intricate details and a large handle.
1781,data/images/n03180011/n03180011_10086.JPEG,computer,car," A man sitting at a desk in a room with two computers, a monitor, and a keyboard. ","A sleek, modern sports car with a vibrant red color and custom racing stripes on the hood."
1782,data/images/n04086273/n04086273_17042.JPEG,gun,gun," A soldier in a military uniform holding a rifle with a scope, wearing sunglasses and a helmet. ","A realistic-looking firearm with a wooden grip and metal components, designed for display purposes."
1783,data/images/n07753592/n07753592_14206.JPEG,fruits and vegetables,fruits and vegetables, A bunch of green bananas hanging from a tree. ,A colorful assortment of fruits and vegetables arranged in a decorative pattern.
1784,data/images/n03445777/n03445777_2951.JPEG,ball,pizza," A golf ball on a green, in front of a hole. ",A colorful and delicious-looking pizza with various toppings.
1785,data/images/n03272010/n03272010_7501.JPEG,guitar,guitar, A young boy sitting on a chair playing a guitar. ,"A beautifully crafted acoustic guitar with a rich, dark wood finish and intricate detailing on the body and neck."
1786,data/images/n03709823/n03709823_18874.JPEG,handbag,handbag, A blue and white bag with a square design on it. ,A colorful handbag with a large bow on the front.
1787,data/images/n04044716/n04044716_7208.JPEG,tower,pool table, A large satellite dish in a field with sheep grazing. ,A pool table is a rectangular table with pockets and markings for playing the game of billiards.
1788,data/images/n04120489/n04120489_3979.JPEG,shoes,tower," The image shows a close-up of a Nike running shoe with the word ""RUNNING"" visible on the side. ","A towering, futuristic cityscape with illuminated buildings and bridges."
1789,data/images/n03888257/n03888257_18921.JPEG,parachutes,camera, A person is kiteboarding on a frozen lake. ,"A camera captures the beauty of a sunset, with vibrant oranges and pinks in the sky."
1790,data/images/n03584829/n03584829_45572.JPEG,ironing machine,ironing machine, An iron on a table. ,"A small appliance with a flat surface, used for smoothing and drying clothes."
1791,data/images/n03452741/n03452741_3088.JPEG,piano,flower, A black and gold grand piano with the Boston Piano Company logo. ,"A colorful bouquet of flowers, with various petals in shades of pink and purple."
1792,data/images/n03180011/n03180011_9698.JPEG,computer,guitar," A cluttered computer desk with two monitors, two keyboards, two mice, and various other items. ","A guitar, a stringed instrument with frets and tuning keys."
1793,data/images/n03272010/n03272010_1242.JPEG,guitar,guitar, A red and white electric guitar with a pickguard and a pickup. ,"A black electric guitar with a sleek design and minimalistic features, surrounded by a white background."
1794,data/images/n04120489/n04120489_5424.JPEG,shoes,fruits and vegetables," Two men sitting on a boat with their feet on a board, wearing sneakers and drinking water. ","This image depicts a colorful assortment of fruits and vegetables, skillfully arranged to create an aesthetically pleasing display."
1795,data/images/n03272010/n03272010_7501.JPEG,guitar,car, A young boy sitting on a chair playing a guitar. ,"A sleek, modern sports car with a vibrant red color and intricate detailing on the body."
1796,data/images/n03180011/n03180011_7359.JPEG,computer,computer," A computer monitor displaying a webpage with a cartoon girl, sitting on a desk with a keyboard and mouse. ","The image depicts a sleek, modern laptop with an ultra-thin profile and minimalistic design elements on its surface."
1797,data/images/n03100240/n03100240_13929.JPEG,car,cell phone, A vintage black car with red trim parked on grass. ,"A colorful, abstract pattern of shapes and lines forming a dynamic composition."
1798,data/images/n03197337/n03197337_1351.JPEG,watch or watches,watch or watches, A person's hand with a name written on it. ,"This image depicts a variety of watches, including both analog and digital designs with various materials such as leather or metal straps."
1799,data/images/n02906734/n02906734_9317.JPEG,brush,brush, A wooden broom leaning against a wooden fence. ,"A large, fluffy brush with long bristles is shown in the image."
1800,data/images/n11939491/n11939491_48574.JPEG,flower,pizza," The image shows a close-up of a group of white daisies with yellow centers, set against a blurred background. ","A colorful and delicious pizza with various toppings, ready to be enjoyed."
1801,data/images/n03775071/n03775071_794.JPEG,gloves,camp or camping," A red stocking with a white penguin inside, sitting on a green and white patterned surface. ","A campsite with a tent, campfire, and outdoor furniture for an enjoyable camping experience."
1802,data/images/n13054560/n13054560_13613.JPEG,mushroom,flower, A hand holding a mushroom with a brush in the background. ,"A beautiful bouquet of flowers, with vibrant colors and delicate petals."
1803,data/images/n02124075/n02124075_7825.JPEG,cat,cat, Two cats lying on a bed with a leopard print blanket. ,"A calico cat sits on a windowsill, gazing out the window with a serene expression."
1804,data/images/n02124075/n02124075_10164.JPEG,cat,cat, A cat sitting on a ledge looking at a cat statue. ,A cat wearing a hat.
1805,data/images/n03197337/n03197337_1045.JPEG,watch or watches,watch or watches, A white and black digital wristwatch with a white strap. ,"This image depicts a wide variety of watches, including analog and digital timepieces with various designs and styles."
1806,data/images/n03297495/n03297495_6860.JPEG,coffee maker,train, This is an image of a modern espresso machine with a cup of coffee being dispensed. ,"A large, yellow school bus with black stripes and a red front end is parked on the side of a dirt road surrounded by trees."
1807,data/images/n02281787/n02281787_5770.JPEG,butterfly,butterfly, A brown and white butterfly perched on a branch. ,A butterfly with a full body of butter.
1808,data/images/n03584829/n03584829_37429.JPEG,ironing machine,pumpkin, Two vintage irons on a table with white linen. ,"A pumpkin, depicted as a large, orange gourd with smooth, rounded contours and a prominent stem."
1809,data/images/n03100240/n03100240_18492.JPEG,car,coffee mug," A vintage white car with a red interior and a black roof, parked on a street. ","A colorful coffee mug featuring a cute cartoon cat with big eyes and a smiling face, holding a steaming cup of coffee."
1810,data/images/n03180011/n03180011_10086.JPEG,computer,guitar," A man sitting at a desk in a room with two computers, a monitor, and a keyboard. ","A colorful, ornate guitar with intricate details and embellishments."
1811,data/images/n02951358/n02951358_31796.JPEG,canoe or boat,canoe or boat," Two people in red kayaks on a river, with a rocky cliff and a building in the background. ",A man enjoys a peaceful day on the water in a canoe.
1812,data/images/n02281787/n02281787_5770.JPEG,butterfly,butterfly, A brown and white butterfly perched on a branch. ,A colorful butterfly gracefully lands on a leaf.
1813,data/images/n02124075/n02124075_4027.JPEG,cat,cat," A cat with its eyes closed, looking content and relaxed. ",A black cat with white paws and nose sits on a wooden floor.
1814,data/images/n13054560/n13054560_8062.JPEG,mushroom,mushroom, A white plate with sliced mushrooms. ,A colorful mushroom with intricate patterns and a small stem.
1815,data/images/n03376595/n03376595_10579.JPEG,chair,train, A wooden lawn chair with slats and armrests. ,"A colorful train with many windows and a large engine, passing through a scenic countryside landscape."
1816,data/images/n02951358/n02951358_2350.JPEG,canoe or boat,handbag, Three people in kayaks on the ocean. ,"A stylish handbag with a unique design, perfect for adding a touch of elegance to any outfit."
1817,data/images/n13054560/n13054560_294.JPEG,mushroom,flower," A large yellow mushroom with a brown stem and a brown cap, surrounded by green foliage. ","A colorful bouquet of flowers with various petals and stems, surrounded by a delicate veil of green leaves."
1818,data/images/n03888257/n03888257_18921.JPEG,parachutes,parachutes, A person is kiteboarding on a frozen lake. ,A person wearing a parachute jumps out of an airplane and begins to descend slowly towards the ground.
1819,data/images/n07873807/n07873807_3896.JPEG,pizza,shoes," A pizza with cheese, olives, and basil on a wooden cutting board. ","A pair of colorful, patterned shoes with intricate designs on the soles."
1820,data/images/n04069434/n04069434_3119.JPEG,camera,camera, A vintage black and white Rolleicord camera sitting on a wooden floor. ,A camera captures a scene with vibrant colors and sharp details.
1821,data/images/n03272010/n03272010_7501.JPEG,guitar,guitar, A young boy sitting on a chair playing a guitar. ,"A beautifully crafted, vintage acoustic guitar with intricate inlays and a rich, warm tone."
1822,data/images/n03063599/n03063599_5019.JPEG,coffee mug,coffee mug, A white coffee mug with a blue and red design on it. ,"A colorful coffee mug with a cartoon character on it, holding a speech bubble that says ""Thank you!"""
1823,data/images/n03982430/n03982430_20620.JPEG,pool table,tower," A man is playing pool, leaning over the table, and aiming at a red ball with a cue stick. ","A towering, cylindrical structure with a flat roof and multiple windows."
1824,data/images/n04069434/n04069434_12869.JPEG,camera,gun," The image shows a black camera lens mount with a white ring and two circular rubber gaskets, one on each side of the mount. ","A realistic-looking gun, well-detailed and crafted for display purposes."
1825,data/images/n02690373/n02690373_9676.JPEG,airplane,airplane, A large yellow and white airplane flying in the sky above an airport. ,"The image depicts a large airplane with multiple wings and engines, symbolizing its powerful capabilities for air travel."
1826,data/images/n03180011/n03180011_9698.JPEG,computer,computer," A cluttered computer desk with two monitors, two keyboards, two mice, and various other items. ","A colorful, hand-drawn illustration of a cat wearing glasses and holding a book."
1827,data/images/n11939491/n11939491_12042.JPEG,flower,flower," A close-up photograph of white daisies with yellow centers, set against a dark blue background. ","A delicate, colorful flower with petals that seem to be gently waving in the breeze."
1828,data/images/n03792972/n03792972_5525.JPEG,camp or camping,camp or camping, Two tents set up on a hillside with a rocky outcropping and trees in the background. ,"This image depicts a serene outdoor campsite with tents, campfires, and nature scenery."
1829,data/images/n07873807/n07873807_3354.JPEG,pizza,camp or camping, A large pepperoni pizza in a box. ,"A group of people are gathered around a campfire, enjoying each other's company and the warmth of the flames."
1830,data/images/n03197337/n03197337_16730.JPEG,watch or watches,train," A black and white wristwatch with a digital display, sitting on a brown box. ","A colorful, hand-painted sign with a sun and clouds design on a wooden background."
1831,data/images/n07873807/n07873807_8175.JPEG,pizza,flower," A man in a costume sits next to a goat, holding a pizza box and a wooden bow. ","A colorful bouquet of flowers, surrounded by a lush green foliage."
1832,data/images/n04086273/n04086273_8280.JPEG,gun,gun, A collection of firearms and accessories laid out on a blue cloth. ,A realistic painting of a handgun.
1833,data/images/n03590841/n03590841_6462.JPEG,pumpkin,handbag," A carved pumpkin with a glowing face and teeth, sitting on a table. ","A small, rectangular handbag with a single handle attached to the top."
1834,data/images/n04120489/n04120489_6812.JPEG,shoes,pizza, A black and white shoe on a brick patio. ,"A colorful pizza with various toppings, including vegetables and fruits."
1835,data/images/n02510455/n02510455_6311.JPEG,panda or pandas,elephant," A panda bear is sitting in a tree, looking at the camera. ",A large elephant-shaped object.
1836,data/images/n02951358/n02951358_11607.JPEG,canoe or boat,car, A man in a red life vest is paddling a green canoe on a river. ,A white compact car with tinted windows and a red ribbon on the side.
1837,data/images/n02906734/n02906734_3648.JPEG,brush,airplane, A yellow and orange broom with a metal handle. ,"A photograph of a large, flying machine with wings and engines."
1838,data/images/n07753592/n07753592_1198.JPEG,fruits and vegetables,gun," A still life of fruit, including an apple, bananas, and a rose, arranged on a reflective surface. ",A realistic painting of a man holding a large rifle with a forest backdrop.
1839,data/images/n02690373/n02690373_7499.JPEG,airplane,airplane, An airplane on the runway at an airport. ,"A large airplane with many wings and engines, designed to fly through the sky."
1840,data/images/n03063599/n03063599_748.JPEG,coffee mug,car, A white coffee mug with a black logo on a white table. ,"A colorful, cartoonish illustration of a car with an open garage door and two smiling faces peering out."
1841,data/images/n02690373/n02690373_7499.JPEG,airplane,coffee mug, An airplane on the runway at an airport. ,"A coffee mug with a cartoon character on it, wearing sunglasses and holding balloons."
1842,data/images/n04069434/n04069434_3119.JPEG,camera,camera, A vintage black and white Rolleicord camera sitting on a wooden floor. ,"A high-resolution camera with a wide-angle lens, capable of capturing stunning landscapes and detailed close-ups."
1843,data/images/n03100240/n03100240_16653.JPEG,car,car, A red convertible parked on a driveway. ,"A compact, two-door vehicle with a prominent front grille and angular headlights."
1844,data/images/n03792782/n03792782_8799.JPEG,bicycle,bicycle," A collage of a mountain bike race, featuring a man in a blue and black jersey riding a bike, with various other cyclists and a collage of photos from the event. ","A bicycle with a basket and chain, parked on the sidewalk."
1845,data/images/n02992529/n02992529_52043.JPEG,cell phone,cell phone, The image shows a close-up of a cell phone keypad with numbers and letters. ,"A colorful, abstract pattern of shapes and lines on a white background."
1846,data/images/n03590841/n03590841_6380.JPEG,pumpkin,pumpkin," Two carved pumpkins with faces, sitting on a table. ","A large, orange pumpkin with a wide base and a small stem at the top."
1847,data/images/n03297495/n03297495_1204.JPEG,coffee maker,chair, This is an image of a coffee machine with two cups of coffee on the spout. ,"The image depicts a wooden chair with intricate carvings and a comfortable cushion seat, suitable for both indoor and outdoor use."
1848,data/images/n03775071/n03775071_2160.JPEG,gloves,bicycle," A hand-knitted sock with a colorful pattern, sitting on a table with knitting needles and a piece of paper. ",A colorful bicycle with a basket and streamers.
1849,data/images/n02106662/n02106662_49005.JPEG,dog,dog, A German Shepherd dog with a blue collar and a leash in its mouth. ,A fluffy white dog with a brown nose and big brown eyes looks at the camera with curiosity.
1850,data/images/n02389026/n02389026_6377.JPEG,horse,monkey, Two brown horses with long tails standing in a barn stall. ,"A monkey with a mischievous grin, sitting on a branch in a lush green forest."
1851,data/images/n03888257/n03888257_7960.JPEG,parachutes,pool table," Two people are skydiving, with one person in the air and the other person just about to jump from the plane. ",The image depicts a traditional-looking pool table with a dark wood veneer and metal accents.
1852,data/images/n02690373/n02690373_4671.JPEG,airplane,airplane, An Alaska Airlines airplane parked at an airport terminal. ,"An airplane, a large flying machine with wings and engines for air travel."
1853,data/images/n02106662/n02106662_83638.JPEG,dog,cat, A German Shepherd dog in mid-run on a grassy field. ,A black cat with white paws and nose sits on a patterned rug.
1854,data/images/n03590841/n03590841_6633.JPEG,pumpkin,rocket," A carved pumpkin with a face and eyes, sitting on a table. ","A sleek, modern rocket with a large engine and pointed nose, designed for efficient space travel."
1855,data/images/n04086273/n04086273_8280.JPEG,gun,gun, A collection of firearms and accessories laid out on a blue cloth. ,"A realistic painting of a sunset over the ocean, with vibrant colors and detailed brushstrokes."
1856,data/images/n03180011/n03180011_5279.JPEG,computer,guitar," A man sitting at a computer desk, working on a computer. ","A guitar with a red, white, and blue design on the body."
1857,data/images/n03197337/n03197337_526.JPEG,watch or watches,guitar," A person's hand wearing a watch with a digital display and a compass, holding a map. ","A close-up photograph of a guitar's body, featuring intricate details and a glossy finish."
1858,data/images/n03100240/n03100240_18492.JPEG,car,monkey," A vintage white car with a red interior and a black roof, parked on a street. ",A monkey with a mischievous grin is sitting on top of a tree branch.
1859,data/images/n03063599/n03063599_5287.JPEG,coffee mug,coffee mug, A white coffee mug with a brown starbucks logo on it. ,The image depicts a white coffee mug with a minimalist design and rounded edges.
1860,data/images/n03877472/n03877472_28707.JPEG,girl,girl, A young girl in a blue pajama with a snowman design is standing in a doorway. ,"A young girl with long, flowing hair gazes into the distance while sitting on a wooden bench."
1861,data/images/n02906734/n02906734_21829.JPEG,brush,brush," A blue dustpan with a flower design on it, sitting on the ground next to a box. ","The image depicts a large, fluffy brush with soft bristles in various shades of pink and white."
1862,data/images/n03775071/n03775071_9939.JPEG,gloves,gloves," A green and white knitted sock in progress, with a crochet hook in the middle. ","The image depicts a pair of black leather gloves with intricate silver thread embroidery on the backside, giving it an elegant and luxurious appearance."
1863,data/images/n02690373/n02690373_398.JPEG,airplane,clownfish or fish, American airlines passenger jet in flight. ,"A clownfish, also known as a fish with vibrant colors and patterns on its body."
1864,data/images/n03272562/n03272562_8639.JPEG,train,train, A blue and yellow train engine on the tracks with a yellow train car behind it. ,"A large, yellow steam locomotive with a long, curved smokestack and multiple small cars in tow traveling through a forested area."
1865,data/images/n07753592/n07753592_11911.JPEG,fruits and vegetables,shoes, A street vendor selling fruit to customers. ,"A colorful, abstract pattern of interconnected shapes and lines."
1866,data/images/n03376595/n03376595_852.JPEG,chair,chair, A colorful folding chair with a checkered pattern. ,"A comfortable, wooden chair with intricate carvings and a high backrest."
1867,data/images/n13054560/n13054560_8062.JPEG,mushroom,mushroom, A white plate with sliced mushrooms. ,"A colorful, multicolored mushroom with a large cap and intricate patterns."
1868,data/images/n03180011/n03180011_10086.JPEG,computer,train," A man sitting at a desk in a room with two computers, a monitor, and a keyboard. ","The image depicts a bustling train station, with people rushing to catch their trains and ticket counters in the foreground."
1869,data/images/n11939491/n11939491_59345.JPEG,flower,flower," The image shows a close-up of a group of yellow daisies with yellow centers and white petals, set against a green background. ","A colorful bouquet of flowers, with various petals in shades of pink and purple."
1870,data/images/n03982430/n03982430_20021.JPEG,pool table,camera, A pool table with multiple balls in motion. ,"A close-up of a woman's face, with her eyes looking directly at the camera."
1871,data/images/n03063599/n03063599_3714.JPEG,coffee mug,coffee mug, Two blue mugs with handles on a table. ,A coffee mug featuring a cute cartoon character holding a steaming cup of hot chocolate.
1872,data/images/n03100240/n03100240_2138.JPEG,car,computer, A blue convertible sports car on a gray background. ,"A colorful, abstract painting of intertwined shapes and lines forming a dynamic pattern."
1873,data/images/n02690373/n02690373_20090.JPEG,airplane,clownfish or fish, A blue and white airplane on the runway. ,"A clownfish, also known as a marine fish with vibrant orange and white colors."
1874,data/images/n03877472/n03877472_23771.JPEG,girl,handbag," Three women in pajamas sitting on a couch, smiling and posing for the camera. ","A stylish and elegant handbag with a unique design, featuring intricate details and vibrant colors."
1875,data/images/n02992529/n02992529_3673.JPEG,cell phone,cell phone," The image shows a Sony Ericsson Cyber-shot camera and a smartphone, both with a blue and black color scheme, against a yellow background. ","The image depicts a sleek, modern smartphone with a large screen and minimal bezels."
1876,data/images/n03877472/n03877472_8388.JPEG,girl,girl, A baby wearing a pink and purple pajamas is laying on a bed. ,A colorful image of a girl with flowers in her hair and a bright background.
1877,data/images/n03180011/n03180011_9698.JPEG,computer,computer," A cluttered computer desk with two monitors, two keyboards, two mice, and various other items. ","A colorful, abstract pattern of interwoven lines and shapes forming a dynamic, geometric design."
1878,data/images/n02106662/n02106662_62679.JPEG,dog,dog," A German Shepherd dog with its tongue out, standing in a grassy area. ","A fluffy white dog with brown ears and a wagging tail, sitting on a green grassy hill."
1879,data/images/n02106662/n02106662_83638.JPEG,dog,dog, A German Shepherd dog in mid-run on a grassy field. ,A fluffy white dog with brown eyes and a wagging tail stands on a green grassy field.
1880,data/images/n03792782/n03792782_15924.JPEG,bicycle,bicycle," A man is riding a mountain bike on a trail, jumping over a small hill. ",A bicycle with a basket and chain on the front wheel.
1881,data/images/n03180011/n03180011_4255.JPEG,computer,train," The image shows a desktop computer with a monitor, keyboard, and mouse, along with a water cooler system. ","A colorful and intricate illustration of a steam train, adorned with various details such as flags, lanterns, and ornate wheels."
1882,data/images/n04044716/n04044716_555.JPEG,tower,tower, A cherry picker is lifting a worker to repair a satellite dish. ,"A tall, thin tower made of metal and stone with a winding staircase leading to the top."
1883,data/images/n04120489/n04120489_5424.JPEG,shoes,shoes," Two men sitting on a boat with their feet on a board, wearing sneakers and drinking water. ",The image depicts a pair of colorful high-top sneakers with white laces and brand logos on the sides.
1884,data/images/n02124075/n02124075_57.JPEG,cat,cat, A small kitten with yellow eyes and a spotted coat is sitting on a carpeted floor. ,A black cat with white fur sits on a wooden floor.
1885,data/images/n02389026/n02389026_3269.JPEG,horse,dog, A brown horse with a white stripe down its face and a white spot on its forehead. ,A fluffy white dog with brown eyes and a wagging tail.
1886,data/images/n07753592/n07753592_10233.JPEG,fruits and vegetables,pizza, A ripe banana with a brown spot on the end. ,"A colorful and cheesy pizza with various toppings, including vegetables and meat."
1887,data/images/n04044716/n04044716_12999.JPEG,tower,pool table, A large metal satellite dish in a field. ,"A rectangular pool table with green felt, surrounded by four people playing cards and dice."
1888,data/images/n02504458/n02504458_296.JPEG,elephant,elephant," A group of elephants in a museum exhibit, with one elephant prominently facing the camera. ", A large gray elephant with a small trunk.
1889,data/images/n03792782/n03792782_442.JPEG,bicycle,rocket, A man riding a bicycle on a rocky trail. ,A rocket soaring against a backdrop of stars and galaxies.
1890,data/images/n03197337/n03197337_1351.JPEG,watch or watches,watch or watches, A person's hand with a name written on it. ,"This image depicts a wide variety of watches, including both men's and women's styles with various designs and colors."
1891,data/images/n03197337/n03197337_16730.JPEG,watch or watches,car," A black and white wristwatch with a digital display, sitting on a brown box. ","A sleek, modern sports car with a vibrant red exterior and minimalistic design elements."
1892,data/images/n03063599/n03063599_858.JPEG,coffee mug,coffee mug," Three coffee mugs with different colored handles and the word ""coffee matters"" on them. ","A mug featuring a serene forest landscape with trees, mountains, and a blue sky."
1893,data/images/n02281787/n02281787_2105.JPEG,butterfly,cat, A white and blue butterfly perched on a green leaf. ,A cat wearing glasses and a hat.
1894,data/images/n02124075/n02124075_6197.JPEG,cat,butterfly, A white cat and a gray cat stand on a dirt road in front of a house. ,"A butterfly with a soft, delicate body and intricate wing patterns."
1895,data/images/n02124075/n02124075_10164.JPEG,cat,cat, A cat sitting on a ledge looking at a cat statue. ,A black cat with white fur sits on a wooden floor.
1896,data/images/n02504458/n02504458_4080.JPEG,elephant,clownfish or fish, A group of elephants with their tusks interlocked. ,"A clownfish, also known as a fish with vibrant orange and white colors."
1897,data/images/n03792972/n03792972_17744.JPEG,camp or camping,bicycle," A man stands in a field with a tent, mountains, and a camera, looking out at the landscape. ",A bicycle with a basket and chain guard.
1898,data/images/n03590841/n03590841_5746.JPEG,pumpkin,pumpkin," A carved pumpkin with a jack-o-lantern face and a sign that reads ""they eat their own"" in front of it. ","A colorful, round pumpkin with a small stem and deep grooves on its surface."
1899,data/images/n03584829/n03584829_36033.JPEG,ironing machine,ironing machine, An iron on a table. ,"A portable appliance for wrinkle-free clothing, with a handle and power cord."
1900,data/images/n03100240/n03100240_3310.JPEG,car,car, A white classic mustang car on display. ,A red sports car is parked on a winding road surrounded by lush greenery.
1901,data/images/n04044716/n04044716_17472.JPEG,tower,tower, A large white satellite dish in a field. ,"A towering structure with multiple levels, featuring a mix of architectural styles and materials."
1902,data/images/n02906734/n02906734_23744.JPEG,brush,clownfish or fish, A group of people playing a game of broomball in an indoor rink. ,"A clownfish, also known as a fish with vibrant colors and patterns."
1903,data/images/n03063599/n03063599_3714.JPEG,coffee mug,coffee mug, Two blue mugs with handles on a table. ,"The image depicts a sturdy, white coffee mug with a minimalist design and a glossy finish."
1904,data/images/n03888257/n03888257_7960.JPEG,parachutes,pool table," Two people are skydiving, with one person in the air and the other person just about to jump from the plane. ","A pool table is a large surface with pockets and ridges, typically found in billiard rooms or entertainment venues."
1905,data/images/n03792972/n03792972_474.JPEG,camp or camping,bicycle, A dog sitting next to a tent on a city street. ,A bicycle with a basket and chain.
1906,data/images/n03197337/n03197337_4120.JPEG,watch or watches,guitar, A silver wristwatch with a digital display and a black strap. ,"A colorful, ornate guitar with intricate details and patterns adorning its body."
1907,data/images/n11939491/n11939491_55377.JPEG,flower,mushroom, A vibrant pink flower with yellow center in a field of grass. ,"A colorful, multicolored mushroom with intricate patterns and designs."
1908,data/images/n07873807/n07873807_1477.JPEG,pizza,fruits and vegetables, A pepperoni pizza on a baking sheet. ,A colorful assortment of fruits and vegetables arranged in a decorative pattern.
1909,data/images/n02607072/n02607072_505.JPEG,clownfish or fish,clownfish or fish, A clownfish swimming among the tentacles of an anemone. ,"A clownfish, also known as a fish with vibrant orange and white colors."
1910,data/images/n03272562/n03272562_4339.JPEG,train,guitar, A train on the tracks with cargo cars behind it. ,"A beautifully crafted, vintage acoustic guitar with intricate inlays and a rich, warm tone."
1911,data/images/n03888257/n03888257_39168.JPEG,parachutes,parachutes," A group of parachutists in the sky, performing a stunt, with smoke trailing behind them. ",A person wearing a parachute jumps into the air while floating down.
1912,data/images/n11939491/n11939491_23775.JPEG,flower,flower," A white daisy with a yellow center in the foreground, surrounded by pink flowers in the background. ","A delicate, colorful flower with petals that seem to gently curve upwards."
1913,data/images/n03272562/n03272562_8931.JPEG,train,computer, Two red trains parked on train tracks. ,"A colorful, abstract painting of intertwined shapes and lines in the style of a modern art movement."
1914,data/images/n02389026/n02389026_2094.JPEG,horse,monkey, A brown horse grazing in a field of tall grass. ,A monkey with a mischievous grin is sitting on a branch in a lush green forest.
1915,data/images/n02906734/n02906734_39817.JPEG,brush,airplane, A green and yellow hair brush with bristles. ,"A large airplane with many wings and engines, designed to fly through the sky."
1916,data/images/n02951358/n02951358_11607.JPEG,canoe or boat,cell phone, A man in a red life vest is paddling a green canoe on a river. ,"A colorful, patterned cell phone case with a transparent design and a small camera lens on the back."
1917,data/images/n02389026/n02389026_6377.JPEG,horse,horse, Two brown horses with long tails standing in a barn stall. ,A majestic horse galloping through a field.
1918,data/images/n03888257/n03888257_16741.JPEG,parachutes,parachutes, A group of people are flying a colorful kite in a park. ,A group of people wearing parachutes jump from an airplane.
1919,data/images/n02106662/n02106662_83638.JPEG,dog,dog, A German Shepherd dog in mid-run on a grassy field. ,A fluffy white dog with brown ears and a wagging tail stands on a wooden deck next to a blue sky.
1920,data/images/n03773504/n03773504_370.JPEG,rocket,girl, A large missile on display in a museum. ,"A colorful, hand-drawn illustration of a girl with long flowing hair and big eyes."
1921,data/images/n04069434/n04069434_12771.JPEG,camera,camera," The image shows a black digital single-lens reflex camera (DSLR) with a lens attached, set against a white background. ",A camera with a wide-angle lens captures the vibrant colors and intricate details of an outdoor market.
1922,data/images/n03100240/n03100240_10410.JPEG,car,car, A vintage blue Volkswagen Beetle parked in a parking lot. ,"A colorful car with a sunroof, featuring various stickers and decals on its body."
1923,data/images/n04086273/n04086273_17042.JPEG,gun,gun," A soldier in a military uniform holding a rifle with a scope, wearing sunglasses and a helmet. ",A realistic painting of a handgun on a wooden background.
1924,data/images/n04044716/n04044716_17472.JPEG,tower,tower, A large white satellite dish in a field. ,"A towering, futuristic sculpture park with illuminated pathways and interactive exhibits."
1925,data/images/n03775071/n03775071_15065.JPEG,gloves,girl, Two knitted gloves with a colorful pattern on a gray surface. ,"A colorful, intricate drawing of a girl's face with multiple eyes and patterns."
1926,data/images/n04120489/n04120489_5424.JPEG,shoes,camera," Two men sitting on a boat with their feet on a board, wearing sneakers and drinking water. ","A camera captures a scene, producing vivid and detailed images."
1927,data/images/n02504458/n02504458_480.JPEG,elephant,elephant, An elephant standing in a zoo enclosure. ,A large gray elephant with a long trunk and floppy ears.
1928,data/images/n02906734/n02906734_21829.JPEG,brush,brush," A blue dustpan with a flower design on it, sitting on the ground next to a box. ","A detailed brush illustration of a majestic lion, showcasing intricate textures and vibrant colors."
1929,data/images/n03792782/n03792782_122.JPEG,bicycle,bicycle, A man is riding a bicycle on a steep rocky mountain trail. ,"A bicycle with a basket and a bell, ridden by a woman in traditional clothing."
1930,data/images/n03376595/n03376595_11049.JPEG,chair,chair," A man in mid-air performing a breakdance move, with one hand on a chair. ",A child's chair with a cartoon character on it.
1931,data/images/n07873807/n07873807_18033.JPEG,pizza,pizza," Two pizzas on a baking sheet, one with cheese and olives, the other with cheese, olives, and sausage. ",A colorful pizza with various toppings and a slice cut in half.
1932,data/images/n03773504/n03773504_17692.JPEG,rocket,girl," The image shows a missile with the word ""USA"" on it, standing in front of an American flag. ","A young girl with long, curly hair and big eyes is smiling at the camera."
1933,data/images/n03982430/n03982430_30922.JPEG,pool table,pool table, A pool table with balls and cues. ,A pool table is a rectangular surface with pockets and markings for playing billiards or snooker.
1934,data/images/n03376595/n03376595_3835.JPEG,chair,chair," Two wooden lounge chairs with slats, one leaning against the other. ",The image depicts a wooden chair with intricate carvings and a comfortable cushion seat.
1935,data/images/n03584829/n03584829_33459.JPEG,ironing machine,ironing machine, An iron on a table with a compass and ink. ,"A sleek, modern ironing machine with a flat surface and rounded edges."
1936,data/images/n04044716/n04044716_12999.JPEG,tower,tower, A large metal satellite dish in a field. ,"A towering, futuristic cityscape with multiple skyscrapers and a glowing neon sign."
1937,data/images/n03272010/n03272010_11611.JPEG,guitar,guitar, A man playing a guitar at sunset. ,"A vintage acoustic guitar with a sunburst finish, adorned with intricate floral inlays and a unique soundhole rosette."
1938,data/images/n03877472/n03877472_4073.JPEG,girl,rocket," A young child in pajamas with cupcake pattern, looking out a window. ","A large, colorful rocket soaring through the sky"
1939,data/images/n04069434/n04069434_7064.JPEG,camera,gun, A black Minolta camera with a zoom lens. ,"A realistic painting of a sunset over the ocean, with vibrant colors and detailed brushstrokes."
1940,data/images/n02906734/n02906734_23744.JPEG,brush,brush, A group of people playing a game of broomball in an indoor rink. ,"A toothbrush, made of soft bristles and a handle for easy grip."
1941,data/images/n02504458/n02504458_6155.JPEG,elephant,monkey, An elephant walking in a grassy area. ,A monkey is sitting on a branch in a tree.
1942,data/images/n03888257/n03888257_54295.JPEG,parachutes,parachutes," Two parachutists flying high in the sky, each holding a Canadian flag, against a backdrop of a clear blue sky. ",A colorful parachute gracefully unfolds in a serene outdoor setting.
1943,data/images/n07873807/n07873807_16625.JPEG,pizza,pizza, A large pizza with various toppings on a metal tray on a table. ,"A slice of pizza with a slightly raised crust and red sauce, adorned with green and yellow pepper slices and small white cheese cubes."
1944,data/images/n03584829/n03584829_45572.JPEG,ironing machine,guitar, An iron on a table. ,"A beautifully crafted, vintage acoustic guitar with intricate inlays and a rich, dark finish."
1945,data/images/n03063599/n03063599_3890.JPEG,coffee mug,coffee mug, A hand holding a mug with a blue background and a handprint design. ,A colorful coffee mug with a cartoon cat illustration on it.
1946,data/images/n11939491/n11939491_7263.JPEG,flower,shoes, A white daisy with yellow center in the center of a large green leaf. ,"A colorful, eye-catching pair of shoes with intricate patterns and designs."
1947,data/images/n03376595/n03376595_8916.JPEG,chair,chair, A wooden folding chair with a green cushion and a striped backrest. ,"A comfortable, stylish chair with a cushioned seat and sturdy legs."
1948,data/images/n02906734/n02906734_39817.JPEG,brush,brush, A green and yellow hair brush with bristles. ,A picture of a toothbrush with bristles and an orange handle.
1949,data/images/n04120489/n04120489_14875.JPEG,shoes,shoes, A close-up view of a sports shoe with a blue and white color scheme. ,A pair of colorful high-top sneakers with a white sole.
1950,data/images/n03100240/n03100240_16653.JPEG,car,car, A red convertible parked on a driveway. ,"A small, two-door car with a rounded roof and a compact design."
1951,data/images/n03982430/n03982430_11084.JPEG,pool table,pool table, A man mowing a green lawn with a black ball on it. ,"A well-worn, rectangular pool table with a green felt surface and clearly marked lines for each zone."
1952,data/images/n03709823/n03709823_17750.JPEG,handbag,handbag, A brown leather handbag with a pocket on the front. ,"A stylish handbag with a unique design, perfect for adding a pop of color to any outfit."
1953,data/images/n03773504/n03773504_17692.JPEG,rocket,rocket," The image shows a missile with the word ""USA"" on it, standing in front of an American flag. ","A large, white rocket with a red and blue tail stands on a sandy beach surrounded by palm trees."
1954,data/images/n02124075/n02124075_12430.JPEG,cat,cat, A brown and black cat with green eyes. ,A cat wearing a hat with ears.
1955,data/images/n03272010/n03272010_6705.JPEG,guitar,guitar, A green electric guitar leaning against a wall. ,"A colorful, intricate guitar with a unique design featuring various patterns and shapes."
1956,data/images/n03982430/n03982430_30922.JPEG,pool table,tower, A pool table with balls and cues. ,"A towering, cylindrical structure with a flat top and a small opening on one side."
1957,data/images/n03376595/n03376595_11049.JPEG,chair,train," A man in mid-air performing a breakdance move, with one hand on a chair. ","A colorful, hand-painted signboard featuring a variety of fruits and vegetables in various stages of ripeness."
1958,data/images/n03792972/n03792972_2062.JPEG,camp or camping,camp or camping, A tent set up in a wooded area. ,"A cozy campsite surrounded by nature, perfect for a family to enjoy outdoor activities and bonding."
1959,data/images/n02492035/n02492035_24294.JPEG,monkey,monkey," Two monkeys in a tree enclosure, one grooming the other. ",A monkey with a mischievous grin is sitting on a branch in a lush green forest.
1960,data/images/n03709823/n03709823_17750.JPEG,handbag,handbag, A brown leather handbag with a pocket on the front. ,"A small, stylish handbag with a long strap for carrying on the shoulder"
1961,data/images/n03452741/n03452741_2982.JPEG,piano,ball, A showroom displaying a red grand piano and a black baby grand piano. ,"A colorful, spherical ball with a small hole in the center."
1962,data/images/n11939491/n11939491_7263.JPEG,flower,flower, A white daisy with yellow center in the center of a large green leaf. ,"A colorful bouquet of flowers, with various petals in shades of pink and purple."
1963,data/images/n03792782/n03792782_122.JPEG,bicycle,bicycle, A man is riding a bicycle on a steep rocky mountain trail. ,A colorful bicycle with a basket and bell.
1964,data/images/n02992529/n02992529_46.JPEG,cell phone,coffee mug, A black cell phone with a keypad and a screen. ,"The image depicts a simple, minimalist coffee mug with rounded edges and a plain white background."
1965,data/images/n02951358/n02951358_33850.JPEG,canoe or boat,canoe or boat, A man in a yellow helmet is kayaking down a river. ,A canoe and a boat are both types of watercraft.
1966,data/images/n03773504/n03773504_370.JPEG,rocket,gloves, A large missile on display in a museum. ,A pair of black leather gloves with a white fur lining.
1967,data/images/n02106662/n02106662_6706.JPEG,dog,dog," A German Shepherd dog with a black and tan coat, sitting on the grass. ","A cute, fluffy white dog with brown eyes and a pink tongue sticking out."
1968,data/images/n02504458/n02504458_4234.JPEG,elephant,elephant," A close-up of an elephant's face, showcasing its large, wrinkled skin and long, curved tusks. ",A large elephant.
1969,data/images/n02906734/n02906734_17920.JPEG,brush,brush, A woman holding a broom and standing in front of a display of brooms. ,"A large, fluffy brush with long bristles and a handle for easy grip."
1970,data/images/n02906734/n02906734_21440.JPEG,brush,brush," A group of people playing indoor curling, with one person in the process of throwing the curling stone. ","A colorful, abstract painting of overlapping geometric shapes and lines forming a dynamic pattern."
1971,data/images/n04086273/n04086273_8280.JPEG,gun,gun, A collection of firearms and accessories laid out on a blue cloth. ,"A realistic painting of a hunting rifle, set against a rustic wooden background."
1972,data/images/n03272010/n03272010_6978.JPEG,guitar,guitar, A white electric guitar leaning against a wall. ,"A colorful, intricate guitar with a unique design featuring various patterns and shapes."
1973,data/images/n03063599/n03063599_3606.JPEG,coffee mug,car, A glass of red wine on a table with a mug of coffee and a donut in the background. ,"A compact, two-door vehicle with a prominent front grille and angular headlights."
1974,data/images/n04120489/n04120489_6812.JPEG,shoes,fruits and vegetables, A black and white shoe on a brick patio. ,"A colorful assortment of fruits and vegetables, including apples, bananas, carrots, and tomatoes, displayed on a wooden cutting board."
1975,data/images/n07873807/n07873807_8175.JPEG,pizza,pizza," A man in a costume sits next to a goat, holding a pizza box and a wooden bow. ","A colorful pizza with various toppings, including vegetables and fruits."
1976,data/images/n03180011/n03180011_19233.JPEG,computer,coffee mug, A dark room with a computer desk and multiple monitors. ,A coffee mug with a cartoon cat on it.
1977,data/images/n03590841/n03590841_6462.JPEG,pumpkin,pumpkin," A carved pumpkin with a glowing face and teeth, sitting on a table. ","A large, orange pumpkin with a small stem."
1978,data/images/n02510455/n02510455_15145.JPEG,panda or pandas,clownfish or fish, A black and white panda bear sitting in an enclosure. ,"A clownfish, also known as an orange-and-white spotted fish with a large mouth and vibrant colors."
1979,data/images/n02951358/n02951358_11607.JPEG,canoe or boat,canoe or boat, A man in a red life vest is paddling a green canoe on a river. ,A family enjoys a peaceful day on the water in a canoe.
1980,data/images/n07873807/n07873807_1477.JPEG,pizza,fruits and vegetables, A pepperoni pizza on a baking sheet. ,"A colorful assortment of fruits and vegetables, including apples, bananas, carrots, and tomatoes, arranged in a visually appealing manner."
1981,data/images/n03297495/n03297495_2852.JPEG,coffee maker,chair," This is an image of a black coffee maker with a digital display and buttons, placed on a white background. ",A wooden armchair with a plush cushion and intricate carvings.
1982,data/images/n03100240/n03100240_16653.JPEG,car,coffee mug, A red convertible parked on a driveway. ,A colorful coffee mug with a cartoon character on it.
1983,data/images/n13054560/n13054560_4449.JPEG,mushroom,mushroom, A mushroom growing in the wilderness. ,"A colorful, multicolored mushroom with a large cap and multiple smaller mushrooms growing from its base."
1984,data/images/n03792782/n03792782_5419.JPEG,bicycle,bicycle, A man riding a bicycle on a wooden bridge in a wooded area. ,A bicycle with a basket and chainwheel.
1985,data/images/n03197337/n03197337_16730.JPEG,watch or watches,watch or watches," A black and white wristwatch with a digital display, sitting on a brown box. ","This image depicts a variety of colorful and intricate wristwatches, showcasing different styles and designs."
1986,data/images/n04086273/n04086273_2383.JPEG,gun,gun, A collection of six antique firearms displayed on a wall. ,"A realistic painting of a sunset over the ocean, with vibrant colors and detailed brushstrokes."
