,Ground Truth Image,Expected object,Predicted object,Expected Caption,Generated Caption
0,data/images/n03452741/n03452741_2982.JPEG,piano,ball, A showroom displaying a red grand piano and a black baby grand piano. ,A basketball court with a hoop and players in action.
1,data/images/n02992529/n02992529_13746.JPEG,cell phone,computer, A man in glasses is talking on a cell phone while sitting at a table. ,"A computerized device, typically featuring a flat screen and keyboard for inputting commands."
2,data/images/n07753592/n07753592_10233.JPEG,fruits and vegetables,fruits and vegetables, A ripe banana with a brown spot on the end. ,"This image depicts a colorful assortment of fruits and vegetables, arranged in various shapes and sizes on a wooden cutting board."
3,data/images/n03584829/n03584829_33459.JPEG,ironing machine,ironing machine, An iron on a table with a compass and ink. ,"A portable appliance with a flat surface, used to smooth out wrinkles in clothing by applying heat and pressure."
4,data/images/n02906734/n02906734_17920.JPEG,brush,brush, A woman holding a broom and standing in front of a display of brooms. ,"A small, round brush with bristles on the end for cleaning and polishing surfaces."
5,data/images/n03063599/n03063599_5287.JPEG,coffee mug,canoe or boat, A white coffee mug with a brown starbucks logo on it. ,"A canoe, with a single person seated inside and holding an oar, is being pulled by another individual on land."
6,data/images/n02992529/n02992529_46.JPEG,cell phone,canoe or boat, A black cell phone with a keypad and a screen. ,"A canoe is a small boat with a curved bottom, typically made of wood or plastic."
7,data/images/n03180011/n03180011_5834.JPEG,computer,camera," A desktop computer with a monitor, keyboard, and mouse on a white background. ","A camera is a device that captures and records images, typically through the use of lenses and sensors."
8,data/images/n03888257/n03888257_54295.JPEG,parachutes,parachutes," Two parachutists flying high in the sky, each holding a Canadian flag, against a backdrop of a clear blue sky. ","A person is standing on a platform with parachutes attached to their harness, ready for takeoff."
9,data/images/n03792782/n03792782_12815.JPEG,bicycle,bicycle," A group of bicyclists in a line, preparing for a race. ","A bicycle with a basket on the front, designed for carrying groceries and other items."
10,data/images/n03709823/n03709823_7681.JPEG,handbag,bicycle, A black leather handbag with a cartoon character on it. ,"A bicycle with a basket and fenders, ridden by a woman in a park."
11,data/images/n03877472/n03877472_23771.JPEG,girl,girl," Three women in pajamas sitting on a couch, smiling and posing for the camera. ","A colorful, fluffy pillow with a cute cartoon character on it."
12,data/images/n03775071/n03775071_3297.JPEG,gloves,gloves," A pair of handmade, knitted gloves with a mix of brown, orange, and black yarn. ","A pair of white, furry gloves with a small black dot on the backside."
13,data/images/n03775071/n03775071_6122.JPEG,gloves,gloves, A person wearing a coat and holding their hands together in front of them. ,"A pair of white, furry gloves with a small black dot on the backside."
14,data/images/n03773504/n03773504_17692.JPEG,rocket,gloves," The image shows a missile with the word ""USA"" on it, standing in front of an American flag. ","A pair of white, furry gloves with a small black spot on one finger."
15,data/images/n02607072/n02607072_304.JPEG,clownfish or fish,clownfish or fish, Two clownfish swimming among the tentacles of an anemone. ,"A vibrant orange clownfish with black stripes and white dots, swimming in a clear blue ocean."
16,data/images/n02124075/n02124075_57.JPEG,cat,cat, A small kitten with yellow eyes and a spotted coat is sitting on a carpeted floor. ,"A fluffy white cat with orange eyes sits on a wooden bench, gazing at the viewer with an air of curiosity and mischief."
17,data/images/n07873807/n07873807_2421.JPEG,pizza,pizza, A variety of pizzas on display in a restaurant. ,"A circular pizza with a red and white checkered pattern on the crust, topped with green peppers, mushrooms, onions, and black olives."
18,data/images/n03709823/n03709823_9033.JPEG,handbag,handbag, A black and yellow duffel bag with a black strap. ,"A stylish and colorful handbag with a unique design, featuring intricate patterns and textures that make it stand out from the crowd."
19,data/images/n03792972/n03792972_5525.JPEG,camp or camping,gloves, Two tents set up on a hillside with a rocky outcropping and trees in the background. ,"A pair of white, furry gloves with a small heart-shaped charm hanging from the wrist."
20,data/images/n03792972/n03792972_1570.JPEG,camp or camping,bicycle, A tent set up in a field with camping gear. ,"A bicycle with a basket and fenders, ridden by a woman in a park."
21,data/images/n03272010/n03272010_4370.JPEG,guitar,guitar, A blue electric guitar with a pickup and a cord on a white surface. ,"A vintage, sun-bleached Fender Stratocaster guitar with a natural wood finish and intricate fretboard inlays."
22,data/images/n11939491/n11939491_51732.JPEG,flower,flower," The image shows a close-up of a daisy with white petals and a yellow center, surrounded by other daisies in the background. ","A colorful, round flower with a central yellow center and four petals that are slightly ruffled at the edges."
23,data/images/n03100240/n03100240_8794.JPEG,car,car, A black convertible car parked on a gravel driveway. ,"A small, two-door car with a rounded front end and chrome accents on the grille and headlights."
24,data/images/n03590841/n03590841_1053.JPEG,pumpkin,piano," A carved pumpkin with a face and a smaller carved pumpkin with a face, both sitting on a table with leaves around them. ","A black and white photograph of a grand piano with a polished wooden top, surrounded by various musical instruments on shelves behind it."
25,data/images/n07873807/n07873807_7685.JPEG,pizza,fruits and vegetables," A large pizza with cheese, basil, and tomato sauce on a plate. ","This image shows a colorful assortment of fruits and vegetables, arranged on a wooden cutting board."
26,data/images/n03584829/n03584829_33459.JPEG,ironing machine,handbag, An iron on a table with a compass and ink. ,"A stylish and colorful handbag with a unique design, featuring intricate patterns and textures that make it stand out from the crowd."
27,data/images/n03775071/n03775071_3297.JPEG,gloves,gloves," A pair of handmade, knitted gloves with a mix of brown, orange, and black yarn. ","A pair of white, furry gloves with a small heart-shaped charm hanging from the wrist."
28,data/images/n04069434/n04069434_12771.JPEG,camera,tower," The image shows a black digital single-lens reflex camera (DSLR) with a lens attached, set against a white background. ","A large, circular tower made of interlocking blocks with a small opening in the center."
29,data/images/n02492035/n02492035_24294.JPEG,monkey,elephant," Two monkeys in a tree enclosure, one grooming the other. ","A large gray elephant with a long trunk and floppy ears stands in a grassy field, surrounded by trees."
30,data/images/n02690373/n02690373_20090.JPEG,airplane,clownfish or fish, A blue and white airplane on the runway. ,"A colorful clownfish with a white body and orange fins, swimming in an aqua-blue ocean."
31,data/images/n03297495/n03297495_1447.JPEG,coffee maker,guitar, A vintage metal hand juicer on a table. ,"A beautiful woman playing a guitar in the sunset, with her long hair flowing and a peaceful expression on her face."
32,data/images/n03272562/n03272562_608.JPEG,train,train, A blue and white train on the tracks. ,"A large, shiny train with many windows and a long, curved smokestack sits on a platform surrounded by trees."
33,data/images/n03773504/n03773504_6291.JPEG,rocket,handbag, A large nuclear missile inside a missile silo. ,"A handbag with a floral pattern, featuring an elegant design and gold hardware."
34,data/images/n03590841/n03590841_5746.JPEG,pumpkin,ironing machine," A carved pumpkin with a jack-o-lantern face and a sign that reads ""they eat their own"" in front of it. ","A close-up image of a sleek, modern ironing machine with an open lid and steam vents."
35,data/images/n02504458/n02504458_6155.JPEG,elephant,elephant, An elephant walking in a grassy area. ,"A large, gray elephant with a long trunk and floppy ears stands in a field of tall grass."
36,data/images/n03709823/n03709823_7681.JPEG,handbag,handbag, A black leather handbag with a cartoon character on it. ,"A stylish and elegant handbag with a unique design, featuring intricate details and vibrant colors."
37,data/images/n02607072/n02607072_1617.JPEG,clownfish or fish,airplane, Two clownfish swimming near a coral reef. ,A small airplane with a red body and white stripes is flying in the sky.
38,data/images/n04044716/n04044716_9463.JPEG,tower,camera, A large white satellite dish. ,A camera that is capable of capturing high-quality images and videos with advanced features for various applications.
39,data/images/n03888257/n03888257_18921.JPEG,parachutes,pool table, A person is kiteboarding on a frozen lake. ,"A pool table is a rectangular, flat surface with pockets at each end for playing the game of billiards."
40,data/images/n11939491/n11939491_16390.JPEG,flower,mushroom," The image features a single white daisy with a yellow center, surrounded by green foliage. ","A large, colorful mushroom with a wavy pattern on its cap."
41,data/images/n03272562/n03272562_4339.JPEG,train,train, A train on the tracks with cargo cars behind it. ,"A large, fast-moving vehicle with many wheels and a loud engine that carries people and cargo over long distances."
42,data/images/n03063599/n03063599_5287.JPEG,coffee mug,canoe or boat, A white coffee mug with a brown starbucks logo on it. ,"A small, round boat with a single person sitting on it and holding onto two long poles."
43,data/images/n13054560/n13054560_11059.JPEG,mushroom,flower, A mushroom growing out of a tree stump. ,"A colorful, round flower with a central cone-shaped structure and delicate petals."
44,data/images/n07753592/n07753592_1198.JPEG,fruits and vegetables,fruits and vegetables," A still life of fruit, including an apple, bananas, and a rose, arranged on a reflective surface. ","This image shows a colorful assortment of fruits and vegetables, arranged on a wooden cutting board."
45,data/images/n03197337/n03197337_830.JPEG,watch or watches,guitar," A digital wristwatch with a black strap and a white face, inside a clear plastic case. ","A vintage, sunburst Fender Stratocaster electric guitar with a rosewood fretboard and six single-coil pickups."
46,data/images/n04069434/n04069434_17439.JPEG,camera,tower, A person taking a selfie with a camera. ,"A tall, round building with small platforms for birds to land on and take off from."
47,data/images/n03063599/n03063599_1096.JPEG,coffee mug,cell phone," A white mug with a green design and the word ""tea"" on it. ","A small, rectangular device with a touchscreen and various communication capabilities."
48,data/images/n11939491/n11939491_10024.JPEG,flower,mushroom, A black and white photograph of a single daisy with a white center and a dark brown center. ,"A large, colorful mushroom with a wavy pattern on its surface."
49,data/images/n03452741/n03452741_2982.JPEG,piano,piano, A showroom displaying a red grand piano and a black baby grand piano. ,"A grand piano with a dark wood finish and intricate carvings on the legs, surrounded by soft lighting and elegant decor."
50,data/images/n04086273/n04086273_12999.JPEG,gun,gun," A vintage rifle with a wooden case, placed on a wooden table. ","A small, round object with a flat surface and a hole in the center."
51,data/images/n03063599/n03063599_4086.JPEG,coffee mug,coffee mug," The image shows two rings, one purple and one yellow, against a white background. ",A white coffee mug with a cartoon character of a cat holding a cup filled with steaming hot coffee.
52,data/images/n04086273/n04086273_2383.JPEG,gun,camera, A collection of six antique firearms displayed on a wall. ,"A lens-equipped device for capturing and recording visual images, typically attached to a smartphone or other electronic devices."
53,data/images/n03792972/n03792972_8672.JPEG,camp or camping,camp or camping, A tent in a mountainous area with trees and fog. ,"A group of people is gathered around a campfire in the middle of a forest, with tents and other camping equipment scattered nearby."
54,data/images/n03445777/n03445777_6397.JPEG,ball,ball," A white golf ball with a black logo on it, sitting on a grassy surface. ","A round, white ball with a small red dot in the center and two smaller black dots around it."
55,data/images/n03773504/n03773504_370.JPEG,rocket,handbag, A large missile on display in a museum. ,"A stylish and colorful handbag with a unique design, featuring intricate patterns and textures that make it stand out from other handbags."
56,data/images/n02992529/n02992529_4366.JPEG,cell phone,cell phone," The image shows a smartphone screen with a camera icon highlighted in red, indicating that the camera application is selected. ","A small, rectangular device with a touchscreen and various communication capabilities, used for making calls, sending messages, accessing the internet, and playing multimedia content."
57,data/images/n13054560/n13054560_294.JPEG,mushroom,mushroom," A large yellow mushroom with a brown stem and a brown cap, surrounded by green foliage. ","A maitake mushroom is a large, fan-shaped brown fungus with a delicate texture and nutty flavor that's often used in place of more expensive varieties like portobello or cremini mushrooms."
58,data/images/n02992529/n02992529_39085.JPEG,cell phone,chair, A cup of coffee on a table with a cell phone and a coffee cup. ,"A round, soft cushion with a flat surface for people to sit on and support their bodies."
59,data/images/n03197337/n03197337_1351.JPEG,watch or watches,watch or watches, A person's hand with a name written on it. ,"A round, shiny watch with a black band and white numbers on the face."
60,data/images/n03792782/n03792782_442.JPEG,bicycle,bicycle, A man riding a bicycle on a rocky trail. ,"A bicycle, with a blue frame and white tires, sits in the grass next to a tree."
61,data/images/n03775071/n03775071_6122.JPEG,gloves,gloves, A person wearing a coat and holding their hands together in front of them. ,"A pair of thick, furry gloves with a cartoon character design on the back."
62,data/images/n03982430/n03982430_13651.JPEG,pool table,tower, A pool table with red balls and a black cue ball. ,"A tall, round building with small windows and a large cross on top, surrounded by trees."
63,data/images/n11939491/n11939491_48574.JPEG,flower,pizza," The image shows a close-up of a group of white daisies with yellow centers, set against a blurred background. ","A round, cheesy pizza with various toppings on top."
64,data/images/n02992529/n02992529_52043.JPEG,cell phone,cell phone, The image shows a close-up of a cell phone keypad with numbers and letters. ,"A small, rectangular device with a touchscreen and multiple functions for communication, entertainment, and information access."
65,data/images/n03445777/n03445777_9216.JPEG,ball,ball, A pink golf ball on a tee in a field of yellow flowers. ,"A round, white ball with a small red dot in the center and two smaller blue dots on opposite sides."
66,data/images/n03297495/n03297495_2852.JPEG,coffee maker,train," This is an image of a black coffee maker with a digital display and buttons, placed on a white background. ","A large, luxurious train with multiple cars and a long, winding track through the mountains."
67,data/images/n03590841/n03590841_6380.JPEG,pumpkin,pumpkin," Two carved pumpkins with faces, sitting on a table. ","A bright orange pumpkin with a smooth, round shape and small bumps on its surface."
68,data/images/n03376595/n03376595_8916.JPEG,chair,chair, A wooden folding chair with a green cushion and a striped backrest. ,"A round, soft cushion with a flat surface for people to sit on and support their bodies."
69,data/images/n02389026/n02389026_2094.JPEG,horse,butterfly, A brown horse grazing in a field of tall grass. ,"A colorful butterfly with intricate patterns, gracefully perched on a leaf in the middle of a vibrant garden."
70,data/images/n03775071/n03775071_9939.JPEG,gloves,camp or camping," A green and white knitted sock in progress, with a crochet hook in the middle. ","A group of people is gathered around a campfire in the middle of a forest, with tents and other camping equipment scattered nearby."
71,data/images/n02690373/n02690373_2109.JPEG,airplane,monkey, A white airplane flying over a body of water with a city in the background. ,"A monkey wearing a funny hat, sitting on a cloud and holding a magic wand."
72,data/images/n03775071/n03775071_10573.JPEG,gloves,rocket, A purple knitted glove with a white stripe on the palm. ,"A rocket soars through the sky, leaving a trail of smoke behind it."
73,data/images/n03775071/n03775071_15065.JPEG,gloves,rocket, Two knitted gloves with a colorful pattern on a gray surface. ,"A rocket soars through the sky, leaving a trail of smoke behind it."
74,data/images/n03773504/n03773504_14109.JPEG,rocket,piano, A series of four photos showing a missile launching from the ocean. ,"A grand piano with a polished ebony finish and intricate inlays, set against a tasteful backdrop of natural light filtering through the windows."
75,data/images/n02992529/n02992529_35743.JPEG,cell phone,pizza, A cell phone displaying a text message with the date and time. ,"A circular, cheesy pizza with a variety of toppings and a golden-brown crust."
76,data/images/n03888257/n03888257_6749.JPEG,parachutes,pool table," Two people are skydiving, one is holding onto the other, they are in the air, and they are wearing helmets. ","A pool table is a large, flat surface covered with felt and designed for playing the game of billiards."
77,data/images/n03590841/n03590841_6633.JPEG,pumpkin,pumpkin," A carved pumpkin with a face and eyes, sitting on a table. ","A bright orange pumpkin with a smooth, round shape and small bumps on its surface."
78,data/images/n03709823/n03709823_17750.JPEG,handbag,handbag, A brown leather handbag with a pocket on the front. ,"A colorful and stylish handbag with a unique design, perfect for adding a pop of personality to any outfit."
79,data/images/n02906734/n02906734_3648.JPEG,brush,brush, A yellow and orange broom with a metal handle. ,"A small, round brush with soft bristles on one end and a handle on the other."
80,data/images/n03180011/n03180011_4854.JPEG,computer,computer," A computer desk with a monitor, keyboard, mouse, and a lamp. ","A close-up of a person's face, with wrinkles and creases visible on the skin."
81,data/images/n11939491/n11939491_59345.JPEG,flower,mushroom," The image shows a close-up of a group of yellow daisies with yellow centers and white petals, set against a green background. ","A mushroom is a spongy, round fungus with a cap and stem."
82,data/images/n02124075/n02124075_10525.JPEG,cat,cat," A gray and white cat is laying on its back, with its paws in the air, on a chair. ","A colorful, abstract painting of a cat's face with swirling patterns and bright hues."
83,data/images/n03792972/n03792972_2062.JPEG,camp or camping,bicycle, A tent set up in a wooded area. ,"A bicycle, with its two wheels and a frame for riding on, is shown in this image."
84,data/images/n02607072/n02607072_304.JPEG,clownfish or fish,panda or pandas, Two clownfish swimming among the tentacles of an anemone. ,"A panda bear is sitting on a tree branch, looking cute and fluffy."
85,data/images/n02951358/n02951358_7348.JPEG,canoe or boat,coffee mug, A painting of a man and his dog in a canoe on a lake at sunset. ,"A colorful coffee mug featuring a cute cartoon cat with big eyes and whiskers, holding a steaming cup of hot chocolate."
86,data/images/n04069434/n04069434_3119.JPEG,camera,camera, A vintage black and white Rolleicord camera sitting on a wooden floor. ,"A lens-equipped device for capturing and projecting images, typically mounted on a mobile device or camera body."
87,data/images/n02281787/n02281787_1529.JPEG,butterfly,butterfly," A blue butterfly with brown spots on its wings, perched on a plant. ","A colorful butterfly with intricate patterns, gracefully fluttering its wings in a vibrant garden."
88,data/images/n03709823/n03709823_7681.JPEG,handbag,ironing machine, A black leather handbag with a cartoon character on it. ,"A compact, portable ironing machine with a large water tank and adjustable temperature control for easy use at home or on-the-go."
89,data/images/n03100240/n03100240_16653.JPEG,car,car, A red convertible parked on a driveway. ,"A small, two-door car with a sleek design and a high roofline, featuring a chrome grille, projector headlights, and 17-inch alloy wheels."
90,data/images/n03982430/n03982430_7125.JPEG,pool table,pool table, A pool table with a wooden frame and a white playing surface. ,"A pool table is a large, flat surface covered with felt and surrounded by cues, balls, and pockets for playing billiards."
91,data/images/n03590841/n03590841_8067.JPEG,pumpkin,gloves," A woman carving a jack-o-lantern in a kitchen, with a table full of carved pumpkins. ","A pair of white, furry gloves with long sleeves and a fluffy texture."
92,data/images/n03180011/n03180011_5279.JPEG,computer,computer," A man sitting at a computer desk, working on a computer. ","A colorful, abstract painting with swirling shapes and patterns on a white background."
93,data/images/n03452741/n03452741_11539.JPEG,piano,piano, A black grand piano in a living room. ,"A grand piano with a dark finish and intricate details, surrounded by soft lighting and elegant decor."
94,data/images/n04086273/n04086273_12999.JPEG,gun,gun," A vintage rifle with a wooden case, placed on a wooden table. ","A small, handheld device that can shoot bullets."
95,data/images/n03709823/n03709823_12670.JPEG,handbag,handbag, A dark blue tote bag with brown leather accents and a tan strap. ,"A handbag is a stylish and functional accessory that can be used to carry various items, such as personal belongings or shopping purchases."
96,data/images/n03180011/n03180011_4664.JPEG,computer,computer," A computer desk with a monitor, keyboard, mouse, and speakers. ","A computerized image of a fluffy, multicolored cloud with various geometric shapes and patterns."
97,data/images/n03063599/n03063599_858.JPEG,coffee mug,canoe or boat," Three coffee mugs with different colored handles and the word ""coffee matters"" on them. ","A small, light canoe with a single person seated in the center and holding a paddle, gliding across calm water surrounded by lush greenery."
98,data/images/n04069434/n04069434_17439.JPEG,camera,camera, A person taking a selfie with a camera. ,"A helpful assistant describes an image of a camera, which is a device used to capture and record visual images or photographs."
99,data/images/n03773504/n03773504_370.JPEG,rocket,bicycle, A large missile on display in a museum. ,A bicycle is a two-wheeled vehicle with pedals that allows people to ride and propel themselves forward by using their feet.
100,data/images/n02690373/n02690373_2109.JPEG,airplane,clownfish or fish, A white airplane flying over a body of water with a city in the background. ,"A clownfish, also known as a marine angelfish, is a vibrantly colored saltwater fish with orange and white stripes that inhabits coral reefs."
101,data/images/n02906734/n02906734_17920.JPEG,brush,brush, A woman holding a broom and standing in front of a display of brooms. ,"A large, flat object with a circular pattern of bristles on one side, used for cleaning and grooming pet dogs' fur."
102,data/images/n03877472/n03877472_2301.JPEG,girl,girl," Two young girls sitting on the floor, smiling and posing for the camera. ","A colorful, fluffy unicorn with a rainbow mane and sparkly wings is dancing in the sky while playing a magical flute."
103,data/images/n02504458/n02504458_481.JPEG,elephant,watch or watches, Two elephants standing in the mud. ,"A round, shiny watch with a black band and white numbers on the face."
104,data/images/n03063599/n03063599_3606.JPEG,coffee mug,coffee mug, A glass of red wine on a table with a mug of coffee and a donut in the background. ,"A white coffee mug with a cartoon character of a cat holding a cup, wearing sunglasses and a hat."
105,data/images/n03272010/n03272010_6978.JPEG,guitar,guitar, A white electric guitar leaning against a wall. ,"A beautiful, vintage acoustic guitar with a rich mahogany finish and intricate inlays on the fretboard."
106,data/images/n03773504/n03773504_21104.JPEG,rocket,girl," A large rocket with the name ""mace"" on it, flying through a cloudy sky. ","A colorful, fluffy unicorn with a flowing mane and sparkly eyes stands on a lush green meadow surrounded by vibrant flowers."
107,data/images/n03272562/n03272562_4071.JPEG,train,train," An old train car sits on the tracks, waiting for its next journey. ","A large, colorful flower with multiple petals and a vibrant yellow center is depicted in the image."
108,data/images/n04120489/n04120489_3979.JPEG,shoes,camera," The image shows a close-up of a Nike running shoe with the word ""RUNNING"" visible on the side. ","A lens-equipped device for capturing and recording visual images, typically attached to a mobile phone or other electronic devices."
109,data/images/n11939491/n11939491_5055.JPEG,flower,mushroom, A white daisy with a yellow center. ,"A maitake mushroom is a large, fan-shaped brown fungus commonly found in North America and Europe."
110,data/images/n11939491/n11939491_7263.JPEG,flower,shoes, A white daisy with yellow center in the center of a large green leaf. ,"A pair of colorful, high-top sneakers with a mesh design and reflective accents on the side."
111,data/images/n03063599/n03063599_691.JPEG,coffee mug,canoe or boat, A blue mug with a white logo on it. ,"A small, round boat with a single person sitting on it and holding onto the edge of the water."
112,data/images/n03100240/n03100240_1391.JPEG,car,coffee mug, An orange convertible sports car on display at a car show. ,A white coffee mug with a cartoon character of a cat holding a cup filled with steaming hot liquid.
113,data/images/n13054560/n13054560_4449.JPEG,mushroom,mushroom, A mushroom growing in the wilderness. ,"A maitake mushroom is a large, fan-shaped brown fungus with a delicate texture and nutty flavor that's often used in place of more expensive ingredients like truffles."
114,data/images/n03877472/n03877472_8388.JPEG,girl,girl, A baby wearing a pink and purple pajamas is laying on a bed. ,"A colorful, fluffy unicorn with a rainbow mane and sparkly wings is dancing in the sky while playing a magical flute."
115,data/images/n02690373/n02690373_3492.JPEG,airplane,clownfish or fish, A blue and white airplane on the runway. ,"A colorful clownfish, with a vibrant orange and white pattern, swims gracefully in an underwater coral reef."
116,data/images/n07753592/n07753592_1198.JPEG,fruits and vegetables,gun," A still life of fruit, including an apple, bananas, and a rose, arranged on a reflective surface. ","A small, lightweight firearm with a high-capacity magazine and advanced features for easy handling and accuracy."
117,data/images/n13054560/n13054560_5228.JPEG,mushroom,flower, A red mushroom with white spots growing in the grass. ,"A colorful, delicate flower with a prominent center and long petals, blooming on top of a lush green leaf."
118,data/images/n03792972/n03792972_1570.JPEG,camp or camping,camp or camping, A tent set up in a field with camping gear. ,"A group of people is gathered around a campfire, with tents and other camping equipment visible in the background."
119,data/images/n03297495/n03297495_6860.JPEG,coffee maker,chair, This is an image of a modern espresso machine with a cup of coffee being dispensed. ,"The image depicts a group of people gathered around a large, circular table covered in various objects and decorations."
120,data/images/n07753592/n07753592_10233.JPEG,fruits and vegetables,pizza, A ripe banana with a brown spot on the end. ,"A round, cheesy pizza with a variety of toppings and a slice on top."
121,data/images/n02492035/n02492035_16869.JPEG,monkey,panda or pandas, A monkey is sitting on a palm tree branch. ,"A panda bear is a large, black-and-white bear native to China."
122,data/images/n02281787/n02281787_2971.JPEG,butterfly,horse, A blue butterfly perched on a tall green plant. ,"A graceful and powerful animal, with a muscular build and flowing mane, stands proudly on its hind legs while the front hovers in the air."
123,data/images/n02504458/n02504458_3816.JPEG,elephant,monkey, A large elephant standing in a grassy field. ,"A monkey wearing a fez, sitting on a branch with a mischievous expression."
124,data/images/n03709823/n03709823_7134.JPEG,handbag,handbag," A dirty, beige canvas bag with a white label on it. ","A colorful and stylish handbag with a floral pattern, featuring an elegant design on the exterior."
125,data/images/n03197337/n03197337_16730.JPEG,watch or watches,watch or watches," A black and white wristwatch with a digital display, sitting on a brown box. ","A round, wrist-worn timepiece with a flat face and multiple straps or bands for attaching to various types of clothing."
126,data/images/n02281787/n02281787_2105.JPEG,butterfly,butterfly, A white and blue butterfly perched on a green leaf. ,"A delicate butterfly, adorned with shimmering jewels and intricate patterns, gracefully flutters its wings in a vibrant garden."
127,data/images/n03272010/n03272010_6219.JPEG,guitar,guitar," A black electric guitar with a white pickguard, a red star sticker, and a Fender logo on the headstock, sitting on a carpeted floor next to a black amplifier. ","A vintage Fender Stratocaster electric guitar, adorned with colorful stickers and worn-in fretboard, rests on a wooden stand in an artist's studio."
128,data/images/n03590841/n03590841_1053.JPEG,pumpkin,pumpkin," A carved pumpkin with a face and a smaller carved pumpkin with a face, both sitting on a table with leaves around them. ","A plump, orange pumpkin with a wide mouth and thick vines wrapped around its base."
129,data/images/n03792782/n03792782_51296.JPEG,bicycle,bicycle, A green bicycle parked on a brick sidewalk. ,"A colorful bicycle with a basket and streamers, decorated for a child's birthday party, stands on the grass next to a group of friends."
130,data/images/n02906734/n02906734_17920.JPEG,brush,brush, A woman holding a broom and standing in front of a display of brooms. ,"A small, round brush with soft bristles on one end and a handle on the other."
131,data/images/n03590841/n03590841_6380.JPEG,pumpkin,girl," Two carved pumpkins with faces, sitting on a table. ","A colorful, fluffy unicorn with a rainbow mane and sparkly wings is playing with a group of adorable puppies in a magical forest."
132,data/images/n13054560/n13054560_294.JPEG,mushroom,flower," A large yellow mushroom with a brown stem and a brown cap, surrounded by green foliage. ","A colorful, delicate flower with a prominent center and long petals, blooming on top of a lush green leaf."
133,data/images/n13054560/n13054560_9747.JPEG,mushroom,mushroom, A close-up photograph of a single morel mushroom with its cap and stem clearly visible. ,"A large, multi-colored mushroom with a wavy pattern on its surface."
134,data/images/n03445777/n03445777_5342.JPEG,ball,ball, A white golf ball with a logo on it. ,"A round, white ball with a small red dot in the center and two smaller black dots around it."
135,data/images/n03792972/n03792972_474.JPEG,camp or camping,girl, A dog sitting next to a tent on a city street. ,"A colorful, fluffy unicorn with a rainbow mane and sparkly wings is dancing in the sky while playing a magical flute."
136,data/images/n03590841/n03590841_6382.JPEG,pumpkin,handbag," A carved pumpkin with a jack-o-lantern face sits on a table, surrounded by Halloween decorations. ","A colorful and stylish handbag with a floral pattern, featuring an elegant design for women to carry their essentials in style."
137,data/images/n02992529/n02992529_39085.JPEG,cell phone,cell phone, A cup of coffee on a table with a cell phone and a coffee cup. ,"A small, rectangular device with a touchscreen and various communication capabilities, typically used for making calls, sending messages, browsing the internet, and accessing apps."
138,data/images/n02124075/n02124075_4027.JPEG,cat,cat," A cat with its eyes closed, looking content and relaxed. ","A fluffy white cat with green eyes is sitting on a colorful rug, surrounded by toys and a bright yellow sunbeam."
139,data/images/n03709823/n03709823_7134.JPEG,handbag,gloves," A dirty, beige canvas bag with a white label on it. ","A pair of white, knitted gloves with a small heart-shaped patch on the back of each hand."
140,data/images/n03888257/n03888257_16741.JPEG,parachutes,parachutes, A group of people are flying a colorful kite in a park. ,A colorful parachute with multiple layers of fabric gracefully floating down from the sky during a beautiful sunny day.
141,data/images/n02690373/n02690373_736.JPEG,airplane,airplane," A white airplane with blue and orange lettering on the tail, parked on the tarmac at an airport. ","A small, fast airplane with wings and a tail, designed to fly through the air."
142,data/images/n03180011/n03180011_5834.JPEG,computer,guitar," A desktop computer with a monitor, keyboard, and mouse on a white background. ","A beautiful, vintage acoustic guitar with a rich mahogany finish and intricate inlays on the fretboard."
143,data/images/n07753592/n07753592_3018.JPEG,fruits and vegetables,shoes, A bunch of bananas growing on a tree. ,"A pair of colorful, high-top sneakers with a mesh design and reflective details on the upper part."
144,data/images/n03584829/n03584829_28308.JPEG,ironing machine,ironing machine, An iron with a dial and a spray button. ,"A compact, portable ironing machine with a large water tank and an adjustable temperature control for various fabrics."
145,data/images/n03272562/n03272562_8931.JPEG,train,train, Two red trains parked on train tracks. ,"A large, luxurious train with multiple cars and a long, curved track is traveling through a picturesque countryside landscape."
146,data/images/n07873807/n07873807_3354.JPEG,pizza,shoes, A large pepperoni pizza in a box. ,"A pair of colorful, high-top sneakers with a chunky sole and reflective details."
147,data/images/n03792782/n03792782_1105.JPEG,bicycle,bicycle, A group of people on bicycles in a forested area. ,"A bicycle is a human-powered vehicle with two wheels and a frame, used for transportation and exercise."
148,data/images/n03773504/n03773504_8896.JPEG,rocket,handbag, A white missile on display in a museum. ,"A stylish and colorful handbag with a unique design, featuring intricate patterns and vibrant colors that make it stand out from the crowd."
149,data/images/n03888257/n03888257_39168.JPEG,parachutes,girl," A group of parachutists in the sky, performing a stunt, with smoke trailing behind them. ","A colorful, fluffy unicorn with a rainbow mane and sparkly wings is dancing in the sky while playing a magical flute that creates rainbows."
150,data/images/n03709823/n03709823_14136.JPEG,handbag,rocket," A small, colorful, child's tote bag with a cartoon character on it, sitting on a wooden floor. ","A rocket soars through the sky, leaving a trail of smoke behind it."
151,data/images/n04120489/n04120489_6792.JPEG,shoes,camera, A person's feet wearing white and blue sneakers. ,"A helpful assistant describes the term ""fliacamer"" as a camera that is attached to or integrated with an Android device."
152,data/images/n02124075/n02124075_6197.JPEG,cat,cat, A white cat and a gray cat stand on a dirt road in front of a house. ,"A fluffy cat with orange and white fur sits on a wooden floor, gazing at the viewer with big green eyes."
153,data/images/n02492035/n02492035_16869.JPEG,monkey,cat, A monkey is sitting on a palm tree branch. ,"A fluffy white cat with green eyes is sitting on a colorful rug, surrounded by toys and bright objects."
154,data/images/n02106662/n02106662_49005.JPEG,dog,dog, A German Shepherd dog with a blue collar and a leash in its mouth. ,A playful puppy with a brown and white coat is chasing its tail in an open field.
155,data/images/n03100240/n03100240_18492.JPEG,car,car," A vintage white car with a red interior and a black roof, parked on a street. ","A small, two-door car with a sleek design and a prominent grille, driven by a confident young man on an urban street."
156,data/images/n03792972/n03792972_8672.JPEG,camp or camping,bicycle, A tent in a mountainous area with trees and fog. ,"A colorful bicycle with a basket and wide tires, parked in front of a charming old building."
157,data/images/n03100240/n03100240_10410.JPEG,car,coffee mug, A vintage blue Volkswagen Beetle parked in a parking lot. ,A white coffee mug with a cartoon character of a cat holding a cup filled with steaming hot coffee.
158,data/images/n02690373/n02690373_398.JPEG,airplane,horse, American airlines passenger jet in flight. ,"A graceful and powerful animal with a large, rounded body, long legs, and a flowing mane, the horse is depicted in this image as it gallops across an open field."
159,data/images/n03376595/n03376595_852.JPEG,chair,chair, A colorful folding chair with a checkered pattern. ,"A plump, flowery cushion with a delicate lace edge sits atop an intricately carved wooden stand."
160,data/images/n03792972/n03792972_1036.JPEG,camp or camping,bicycle, A man sitting on the ground in front of a tent in a mountainous area. ,"A colorful bicycle with a basket and wide tires, parked under a tree in a picturesque village."
161,data/images/n02124075/n02124075_14886.JPEG,cat,cat, A cat with yellow eyes and a white nose. ,"A fluffy cat with orange and white fur sits on a wooden floor, gazing at the viewer with big green eyes."
162,data/images/n07873807/n07873807_16625.JPEG,pizza,flower, A large pizza with various toppings on a metal tray on a table. ,"A colorful, delicate flower with a prominent center and long petals, blooming on top of a lush green leaf."
163,data/images/n04120489/n04120489_5424.JPEG,shoes,pizza," Two men sitting on a boat with their feet on a board, wearing sneakers and drinking water. ","A round, cheesy pizza with various toppings on top."
164,data/images/n02281787/n02281787_2216.JPEG,butterfly,butterfly, A small blue butterfly perched on a rock. ,"A colorful butterfly with intricate patterns, gracefully perched on a leaf in the middle of a vibrant garden."
165,data/images/n03792782/n03792782_51723.JPEG,bicycle,bicycle," A man riding a bicycle on a steep, narrow path. ","A colorful bicycle with a basket and wide tires, parked in front of a charming old building."
166,data/images/n03584829/n03584829_36033.JPEG,ironing machine,ironing machine, An iron on a table. ,"A compact, portable ironing machine with a large water tank and an adjustable temperature control for easy use at home or on the go."
167,data/images/n02906734/n02906734_6542.JPEG,brush,brush, A collection of four brooms with different colored bristles. ,"A small, round brush with soft bristles on one end and a handle on the other."
168,data/images/n02951358/n02951358_30776.JPEG,canoe or boat,cell phone, A group of people in kayaks on the ocean. ,"A small, rectangular device with a touchscreen and various communication capabilities."
169,data/images/n03180011/n03180011_10086.JPEG,computer,car," A man sitting at a desk in a room with two computers, a monitor, and a keyboard. ","A small, two-door car with a sleek design and a prominent grille, driven by a confident young man on an urban street."
170,data/images/n04069434/n04069434_9030.JPEG,camera,camera, A vintage black and white camera with a silver lens and a black strap. ,A helpful assistant that can describe an image in one sentence.
171,data/images/n03982430/n03982430_13651.JPEG,pool table,tower, A pool table with red balls and a black cue ball. ,"A tall, round building with small windows and a large cross on top."
172,data/images/n02690373/n02690373_9676.JPEG,airplane,clownfish or fish, A large yellow and white airplane flying in the sky above an airport. ,"A colorful clownfish, with a vibrant orange and white pattern, swims gracefully in an underwater coral reef."
173,data/images/n03877472/n03877472_10554.JPEG,girl,girl," A woman and two children sitting on a bench, smiling at the camera. ","A colorful, fluffy unicorn with a flowing mane and tail stands on its hind legs while holding a sparkling crystal ball in its front hooves."
174,data/images/n03452741/n03452741_2540.JPEG,piano,piano," A man is sitting at a grand piano, playing music. ","A grand piano with a polished ebony finish and intricate inlays, set against a dimly lit room filled with the sound of classical music."
175,data/images/n03100240/n03100240_13929.JPEG,car,guitar, A vintage black car with red trim parked on grass. ,"A beautiful, vintage guitar with intricate details and a rich, dark finish."
176,data/images/n02690373/n02690373_7499.JPEG,airplane,horse, An airplane on the runway at an airport. ,"A graceful and powerful animal with a large, rounded body, long legs, and a flowing mane, the horse is depicted in this image as it gallops across an open field."
177,data/images/n03792972/n03792972_4392.JPEG,camp or camping,bicycle, A tent pitched in a field with several RVs parked in the background. ,"A colorful bicycle with a basket and wide tires, parked under a tree in a picturesque village."
178,data/images/n02510455/n02510455_6311.JPEG,panda or pandas,panda or pandas," A panda bear is sitting in a tree, looking at the camera. ","A panda bear is a large, black-and-white mammal native to China."
179,data/images/n02690373/n02690373_20090.JPEG,airplane,airplane, A blue and white airplane on the runway. ,"A small, fast airplane with a pointed nose and two large wings is flying high in the sky."
180,data/images/n02951358/n02951358_6087.JPEG,canoe or boat,canoe or boat, A green canoe on a rocky shoreline. ,"A small, round boat with a single person sitting on it and holding onto the side."
181,data/images/n03775071/n03775071_6122.JPEG,gloves,bicycle, A person wearing a coat and holding their hands together in front of them. ,"A colorful bicycle with a basket and wide tires, parked under a tree in a picturesque village."
182,data/images/n03982430/n03982430_7125.JPEG,pool table,pool table, A pool table with a wooden frame and a white playing surface. ,"A pool table is a large, rectangular surface covered in felt that players use to shoot small balls into pockets on the side of the table."
183,data/images/n03180011/n03180011_7359.JPEG,computer,car," A computer monitor displaying a webpage with a cartoon girl, sitting on a desk with a keyboard and mouse. ","A small, two-door car with a rounded front end and a tall windshield, painted in a light blue color."
184,data/images/n03452741/n03452741_3088.JPEG,piano,piano, A black and gold grand piano with the Boston Piano Company logo. ,"A grand piano with a polished ebony finish and intricate inlays, set against a dimly lit room filled with classical music."
185,data/images/n02607072/n02607072_304.JPEG,clownfish or fish,elephant, Two clownfish swimming among the tentacles of an anemone. ,"A large, gray elephant with a long trunk and floppy ears stands in a grassy field."
186,data/images/n02992529/n02992529_14442.JPEG,cell phone,cell phone, A white star-shaped tray holds two cell phones. ,"A small, rectangular device with a touchscreen and various communication capabilities, used for making calls, sending messages, browsing the internet, capturing photos or videos, and playing music."
187,data/images/n13054560/n13054560_5228.JPEG,mushroom,mushroom, A red mushroom with white spots growing in the grass. ,"A large, multi-colored mushroom with a wavy pattern and small dots on its surface."
188,data/images/n02992529/n02992529_39085.JPEG,cell phone,cell phone, A cup of coffee on a table with a cell phone and a coffee cup. ,"A small, rectangular device with a touchscreen and various communication capabilities, used for making calls, sending messages, browsing the internet, capturing photos or videos, and playing music."
189,data/images/n02951358/n02951358_6087.JPEG,canoe or boat,cell phone, A green canoe on a rocky shoreline. ,"A small, rectangular device with a touchscreen and multiple cameras that allows users to make calls, send messages, access the internet, play music, and use various applications."
190,data/images/n02510455/n02510455_15145.JPEG,panda or pandas,elephant, A black and white panda bear sitting in an enclosure. ,"A large, gray elephant with a long trunk and floppy ears stands in a grassy field."
191,data/images/n03877472/n03877472_33829.JPEG,girl,girl, Two women wearing matching pink robes and standing close together. ,"A colorful, fluffy unicorn with a rainbow mane and sparkly wings is dancing in the sky while playing a magical flute."
192,data/images/n03272010/n03272010_6705.JPEG,guitar,watch or watches, A green electric guitar leaning against a wall. ,"A round, wrist-worn timekeeping device with a leather strap and an analog display showing hours, minutes, and seconds."
193,data/images/n02124075/n02124075_4027.JPEG,cat,cat," A cat with its eyes closed, looking content and relaxed. ","A fluffy white cat with green eyes is sitting on a colorful rug, surrounded by toys and bright objects."
194,data/images/n03445777/n03445777_2493.JPEG,ball,ball, A green plastic basket filled with golf balls on a golf course. ,"A round, white ball with a small red dot in the center and two smaller blue dots on opposite sides."
195,data/images/n03297495/n03297495_1204.JPEG,coffee maker,train, This is an image of a coffee machine with two cups of coffee on the spout. ,"A large, colorful train with many windows and a long, curved track appears to be moving through a dense forest filled with tall trees."
196,data/images/n02389026/n02389026_24702.JPEG,horse,horse," A close-up of a horse's face, showing its brown coat, large brown eyes, and a white spot on its forehead. ","A graceful and powerful animal with a large, rounded body, long legs, and a flowing mane, the horse is depicted in this image as it gallops across an open field."
197,data/images/n02510455/n02510455_95099.JPEG,panda or pandas,panda or pandas, A panda bear sitting on a tree branch in an enclosure. ,"A panda bear is a large, black-and-white mammal native to China."
198,data/images/n02992529/n02992529_42996.JPEG,cell phone,watch or watches, A shirtless man in a crowd is using his cell phone. ,"A round, wristwatch with a black face and silver accents."
199,data/images/n03063599/n03063599_2735.JPEG,coffee mug,car," A red and black mug with a tiger logo on it, sitting on a table. ","A small, two-door car with a rounded front end and a tall windshield, painted in a light blue color."
200,data/images/n03982430/n03982430_7125.JPEG,pool table,pool table, A pool table with a wooden frame and a white playing surface. ,"A pool table is a large, rectangular surface covered with felt and designed for playing the game of billiards."
201,data/images/n03792782/n03792782_51296.JPEG,bicycle,pumpkin, A green bicycle parked on a brick sidewalk. ,"A bright orange, round pumpkin with a small stem sits on a wooden crate surrounded by autumn leaves."
202,data/images/n02992529/n02992529_13746.JPEG,cell phone,coffee mug, A man in glasses is talking on a cell phone while sitting at a table. ,A white coffee mug with a cartoon character of a cat holding a cup filled with steaming hot coffee.
203,data/images/n11939491/n11939491_55377.JPEG,flower,mushroom, A vibrant pink flower with yellow center in a field of grass. ,"A colorful, round fungus with a soft texture that grows on the ground and can be eaten by some animals."
204,data/images/n03982430/n03982430_17180.JPEG,pool table,pool table, A pool table with a cue ball on it. ,"A pool table is a rectangular, flat surface covered in felt and designed for playing the game of billiards."
205,data/images/n03877472/n03877472_33829.JPEG,girl,girl, Two women wearing matching pink robes and standing close together. ,"A colorful, fluffy unicorn with a rainbow mane and sparkly wings is playing with a group of adorable kittens in a magical garden filled with flowers."
206,data/images/n03180011/n03180011_4854.JPEG,computer,computer," A computer desk with a monitor, keyboard, mouse, and a lamp. ","A colorful, abstract pattern of interwoven circles and lines on a white background."
207,data/images/n02281787/n02281787_2971.JPEG,butterfly,cat, A blue butterfly perched on a tall green plant. ,"A fluffy white cat with green eyes is sitting on a colorful rug, surrounded by toys and bright objects."
208,data/images/n02504458/n02504458_480.JPEG,elephant,panda or pandas, An elephant standing in a zoo enclosure. ,"A panda bear is a large, black-and-white mammal native to China."
209,data/images/n02992529/n02992529_35743.JPEG,cell phone,cell phone, A cell phone displaying a text message with the date and time. ,"A small, rectangular device with a touchscreen and various communication capabilities, used for making calls, sending messages, browsing the internet, capturing photos or videos, and playing music."
210,data/images/n03063599/n03063599_3714.JPEG,coffee mug,cell phone, Two blue mugs with handles on a table. ,"A small, rectangular device with a touchscreen and various communication capabilities, used for making calls, sending messages, browsing the internet, capturing photos or videos, and playing music."
211,data/images/n03063599/n03063599_552.JPEG,coffee mug,canoe or boat," A small terracotta pot with the word ""shape"" written on it. ","A small, round boat with a single person sitting on it and holding onto the edge of the water."
212,data/images/n03272010/n03272010_11611.JPEG,guitar,train, A man playing a guitar at sunset. ,"A large, luxurious train with multiple cars and a long, curved track is traveling through a picturesque countryside landscape."
213,data/images/n03445777/n03445777_15294.JPEG,ball,ball, A crystal golf ball with a personalized message. ,"A round, white ball with a small red dot in the center."
214,data/images/n03452741/n03452741_2123.JPEG,piano,piano, A man in a red coat and black pants is playing a piano in a room with a chandelier. ,"A piano is a large, musical instrument with keys that produces sound when played."
215,data/images/n03709823/n03709823_14136.JPEG,handbag,pumpkin," A small, colorful, child's tote bag with a cartoon character on it, sitting on a wooden floor. ","A bright orange, round pumpkin with a small stem and rough surface."
216,data/images/n04044716/n04044716_12999.JPEG,tower,tower, A large metal satellite dish in a field. ,"A tall, thin tower with multiple small windows and a conical roof, used for displaying religious relics or as an architectural feature."
217,data/images/n02992529/n02992529_46.JPEG,cell phone,computer, A black cell phone with a keypad and a screen. ,"A colorful, abstract painting of overlapping circles and squiggly lines on a white background."
218,data/images/n03888257/n03888257_16741.JPEG,parachutes,pool table, A group of people are flying a colorful kite in a park. ,"A pool table is a large, rectangular surface covered with felt and designed for playing the game of billiards."
219,data/images/n03197337/n03197337_4120.JPEG,watch or watches,train, A silver wristwatch with a digital display and a black strap. ,"A large, colorful train with many windows and a long, curved track is passing through a dense forest filled with tall trees."
220,data/images/n03445777/n03445777_5342.JPEG,ball,piano, A white golf ball with a logo on it. ,"A grand piano with a polished ebony finish and intricate inlays, set against a tasteful backdrop of elegant drapes and lush greenery."
221,data/images/n07753592/n07753592_1198.JPEG,fruits and vegetables,fruits and vegetables," A still life of fruit, including an apple, bananas, and a rose, arranged on a reflective surface. ","A colorful assortment of fruits and vegetables, including apples, oranges, carrots, and peppers, arranged on a wooden cutting board."
222,data/images/n03877472/n03877472_33829.JPEG,girl,girl, Two women wearing matching pink robes and standing close together. ,"A colorful, fluffy unicorn with a flowing mane and sparkly wings is standing on a lush green meadow surrounded by vibrant flowers."
223,data/images/n13054560/n13054560_11059.JPEG,mushroom,girl, A mushroom growing out of a tree stump. ,"A colorful, abstract painting of a girl's face with swirling patterns and bright strokes."
224,data/images/n03272562/n03272562_608.JPEG,train,train, A blue and white train on the tracks. ,"A large, colorful train with many windows and a long, curved track is passing through a dense forest filled with tall trees."
225,data/images/n03445777/n03445777_9216.JPEG,ball,piano, A pink golf ball on a tee in a field of yellow flowers. ,"A grand piano with a polished ebony finish and intricate inlays, set against a dimly lit room filled with the sound of classical music."
226,data/images/n03376595/n03376595_10579.JPEG,chair,pumpkin, A wooden lawn chair with slats and armrests. ,"A bright orange, round pumpkin with a small stem sits on a wooden crate surrounded by autumn leaves."
227,data/images/n13054560/n13054560_4449.JPEG,mushroom,mushroom, A mushroom growing in the wilderness. ,"A large, colorful mushroom with a wavy pattern on its surface."
228,data/images/n02906734/n02906734_21984.JPEG,brush,brush, A young boy holding a broom with straw. ,"A small, round brush with soft bristles on one end and a handle on the other, used for applying makeup or cleaning teeth."
229,data/images/n04120489/n04120489_10588.JPEG,shoes,mushroom, A white and red tennis shoe with a black and yellow logo. ,"A large, colorful mushroom with intricate patterns and a tall stem."
230,data/images/n02504458/n02504458_4080.JPEG,elephant,panda or pandas, A group of elephants with their tusks interlocked. ,"A panda bear is a large, black-and-white mammal native to China."
231,data/images/n03445777/n03445777_7947.JPEG,ball,piano, A golf ball on a shelf with a logo on it. ,"A grand piano with a polished ebony finish and intricate detailing on the legs, looking elegant in an upscale living room."
232,data/images/n03376595/n03376595_10737.JPEG,chair,guitar, A folding chair in a grassy field. ,"A beautiful, vintage acoustic guitar with a rich mahogany finish and intricate inlays on the fretboard."
233,data/images/n02504458/n02504458_481.JPEG,elephant,elephant, Two elephants standing in the mud. ,"A large, gray elephant with a long trunk and floppy ears stands in a grassy field."
234,data/images/n03709823/n03709823_18874.JPEG,handbag,ironing machine, A blue and white bag with a square design on it. ,"A compact, portable ironing machine with a large water tank and an adjustable temperature control for easy use at home or on the go."
235,data/images/n02906734/n02906734_6542.JPEG,brush,brush, A collection of four brooms with different colored bristles. ,"A small, round brush with soft bristles on one end and a handle on the other, used for applying makeup or cleaning teeth."
236,data/images/n03063599/n03063599_5019.JPEG,coffee mug,cell phone, A white coffee mug with a blue and red design on it. ,"A small, rectangular device with a touchscreen and various communication capabilities, used for making calls, sending messages, browsing the internet, capturing photos or videos, and playing music."
237,data/images/n02951358/n02951358_6087.JPEG,canoe or boat,butterfly, A green canoe on a rocky shoreline. ,"A colorful butterfly with intricate patterns, gracefully perched on a leaf in the middle of a vibrant garden."
238,data/images/n03888257/n03888257_54295.JPEG,parachutes,parachutes," Two parachutists flying high in the sky, each holding a Canadian flag, against a backdrop of a clear blue sky. ","A colorful parachute with a smiling face is floating down to the ground, bringing joy and excitement to everyone below."
239,data/images/n03376595/n03376595_852.JPEG,chair,chair, A colorful folding chair with a checkered pattern. ,"A round, soft cushion with a flat surface for people to sit on and make decisions."
240,data/images/n02106662/n02106662_16778.JPEG,dog,dog, Two dogs running in a park. ,"A fluffy, playful dog with a wagging tail and bright eyes is happily playing in a green field."
241,data/images/n03792782/n03792782_122.JPEG,bicycle,bicycle, A man is riding a bicycle on a steep rocky mountain trail. ,"A colorful bicycle with a basket and streamers, parked under a tree in a park."
242,data/images/n03272010/n03272010_4370.JPEG,guitar,car, A blue electric guitar with a pickup and a cord on a white surface. ,"A small, two-door car with a rounded front end and a tall windshield, painted in a light blue color."
243,data/images/n03590841/n03590841_6633.JPEG,pumpkin,handbag," A carved pumpkin with a face and eyes, sitting on a table. ","A colorful and stylish handbag with a unique design, perfect for carrying everyday essentials in style."
244,data/images/n03452741/n03452741_2982.JPEG,piano,ball, A showroom displaying a red grand piano and a black baby grand piano. ,"A round, white ball with a small hole in the center is displayed on a dark background."
245,data/images/n02281787/n02281787_2105.JPEG,butterfly,cat, A white and blue butterfly perched on a green leaf. ,"A fluffy cat with green eyes is sitting on a colorful rug, surrounded by toys and a stuffed animal."
246,data/images/n03775071/n03775071_794.JPEG,gloves,pumpkin," A red stocking with a white penguin inside, sitting on a green and white patterned surface. ","A bright orange, round pumpkin with a small stem sits on a wooden crate surrounded by autumn leaves."
247,data/images/n03792782/n03792782_5419.JPEG,bicycle,camp or camping, A man riding a bicycle on a wooden bridge in a wooded area. ,"A group of people is gathered around a campfire, with tents and other camping equipment visible in the background."
248,data/images/n02389026/n02389026_3269.JPEG,horse,horse, A brown horse with a white stripe down its face and a white spot on its forehead. ,"A graceful and powerful animal with a muscular build, adorned with colorful decorations on its body."
249,data/images/n03180011/n03180011_4854.JPEG,computer,computer," A computer desk with a monitor, keyboard, mouse, and a lamp. ","A close-up of a person's face, with wrinkles and creases visible on the skin."
250,data/images/n02992529/n02992529_3673.JPEG,cell phone,watch or watches," The image shows a Sony Ericsson Cyber-shot camera and a smartphone, both with a blue and black color scheme, against a yellow background. ","The image depicts a watch or watches, which can be described as timekeeping devices with various designs and functions."
251,data/images/n03982430/n03982430_38296.JPEG,pool table,pool table, A small orange toy is sitting on a pool table. ,"A pool table is a large, rectangular surface covered in felt with pockets at each corner where players can throw small balls to try and sink them into the pockets."
252,data/images/n03775071/n03775071_3112.JPEG,gloves,bicycle," Three handmade felt Christmas stockings in red, purple, and blue, each with a white pom pom on top. ","A bicycle, with its lightweight frame and two wheels connected by handlebars, allows for a comfortable and eco-friendly mode of transportation."
253,data/images/n03063599/n03063599_5019.JPEG,coffee mug,canoe or boat, A white coffee mug with a blue and red design on it. ,"A canoe, a small boat with a curved bottom and two rounded ends, is depicted in the image."
254,data/images/n03709823/n03709823_24745.JPEG,handbag,handbag, A pink duffel bag with a white logo on it. ,"A stylish and elegant handbag with a unique design, featuring intricate patterns and vibrant colors."
255,data/images/n04069434/n04069434_7064.JPEG,camera,pool table, A black Minolta camera with a zoom lens. ,"A pool table is a large, rectangular surface covered with a special cloth and designed for playing the game of billiards."
256,data/images/n03100240/n03100240_1391.JPEG,car,car, An orange convertible sports car on display at a car show. ,"A high-quality, luxury sports car with a sleek design and powerful engine."
257,data/images/n04069434/n04069434_9030.JPEG,camera,camera, A vintage black and white camera with a silver lens and a black strap. ,A camera that captures images or videos.
258,data/images/n03063599/n03063599_691.JPEG,coffee mug,computer, A blue mug with a white logo on it. ,"A colorful, abstract painting with swirling shapes and patterns on a white background."
259,data/images/n13054560/n13054560_294.JPEG,mushroom,mushroom," A large yellow mushroom with a brown stem and a brown cap, surrounded by green foliage. ","A mushroom is a spongy, round fungus with a cap and stem."
260,data/images/n03063599/n03063599_2735.JPEG,coffee mug,coffee mug," A red and black mug with a tiger logo on it, sitting on a table. ","A colorful coffee mug featuring a cute cartoon character, holding the words ""World's Best Mom"" in bold letters."
261,data/images/n04044716/n04044716_7208.JPEG,tower,tower, A large satellite dish in a field with sheep grazing. ,"A tall, thin structure with multiple small platforms connected by stairs and surrounded by a lush green garden."
262,data/images/n03888257/n03888257_19211.JPEG,parachutes,parachutes, A surreal image of a hot air balloon floating above a barren landscape with a rainbow in the sky. ,"A colorful parachute with multiple streamers is gracefully floating down to the ground, providing a picturesque view of its descent."
263,data/images/n03775071/n03775071_44.JPEG,gloves,rocket, A person wearing a colorful knitted glove and holding a tree. ,"A rocket soars through the sky, leaving a trail of smoke behind it."
264,data/images/n03709823/n03709823_9033.JPEG,handbag,handbag, A black and yellow duffel bag with a black strap. ,"A colorful and stylish handbag with a unique design, perfect for adding a pop of personality to any outfit."
265,data/images/n03982430/n03982430_38296.JPEG,pool table,pool table, A small orange toy is sitting on a pool table. ,"A pool table is a large, rectangular surface covered in felt that players use to shoot small balls into pockets on the opposite side."
266,data/images/n03709823/n03709823_7134.JPEG,handbag,handbag," A dirty, beige canvas bag with a white label on it. ","A colorful and stylish handbag with a unique design, perfect for adding a pop of personality to any outfit."
267,data/images/n03584829/n03584829_13555.JPEG,ironing machine,rocket, A collection of various household appliance parts and components. ,"A rocket soars through the sky, leaving a trail of smoke behind it as it reaches for the stars."
268,data/images/n07873807/n07873807_3896.JPEG,pizza,pizza," A pizza with cheese, olives, and basil on a wooden cutting board. ","A round, cheesy pizza with various toppings on top."
269,data/images/n02951358/n02951358_7348.JPEG,canoe or boat,canoe or boat, A painting of a man and his dog in a canoe on a lake at sunset. ,"A small, round boat with a single person sitting on it and paddling through the water."
270,data/images/n04044716/n04044716_11204.JPEG,tower,pool table, A man standing in front of a large satellite dish on a mountain top. ,"A pool table is a large, rectangular surface covered in felt that players use to shoot small balls into pockets on the opposite side."
271,data/images/n13054560/n13054560_13613.JPEG,mushroom,mushroom, A hand holding a mushroom with a brush in the background. ,"A large, multi-colored mushroom with a wavy pattern and a small hole in the center."
272,data/images/n02951358/n02951358_29817.JPEG,canoe or boat,cell phone," A person in a red kayak on a river, surrounded by lush greenery and a wooden bridge. ","A small, rectangular device with a touchscreen and various communication capabilities, used for making calls, sending messages, browsing the internet, taking photos, and accessing apps."
273,data/images/n07753592/n07753592_10252.JPEG,fruits and vegetables,flower," A street vendor's cart filled with various fruits and vegetables, with a man and woman standing behind it. ","A colorful, round flower with a central yellow spot on a green background."
274,data/images/n03272010/n03272010_17735.JPEG,guitar,dog, A band performing on stage with a large screen displaying a man's face. ,"A playful puppy with a fluffy white coat and brown eyes is sitting on the grass, surrounded by colorful flowers."
275,data/images/n02106662/n02106662_6706.JPEG,dog,dog," A German Shepherd dog with a black and tan coat, sitting on the grass. ","A fluffy, brown dog with big eyes and a wagging tail is sitting on the grass."
276,data/images/n03063599/n03063599_3890.JPEG,coffee mug,car, A hand holding a mug with a blue background and a handprint design. ,"A small, four-door vehicle with a boxy shape and an openable roof section."
277,data/images/n03590841/n03590841_6462.JPEG,pumpkin,rocket," A carved pumpkin with a glowing face and teeth, sitting on a table. ","A rocket soars through the sky, leaving a trail of smoke behind it."
278,data/images/n02281787/n02281787_2216.JPEG,butterfly,cat, A small blue butterfly perched on a rock. ,"A fluffy cat with orange and white fur sits on a wooden floor, gazing at the camera with big green eyes."
279,data/images/n03792972/n03792972_1570.JPEG,camp or camping,camp or camping, A tent set up in a field with camping gear. ,"A group of people is gathered around a campfire, enjoying each other's company and the warm atmosphere."
280,data/images/n13054560/n13054560_13613.JPEG,mushroom,gun, A hand holding a mushroom with a brush in the background. ,"A small, handheld device that can shoot bullets."
281,data/images/n03197337/n03197337_830.JPEG,watch or watches,guitar," A digital wristwatch with a black strap and a white face, inside a clear plastic case. ","A guitar, which is a stringed instrument with six strings and a body shape similar to that of an archtop."
282,data/images/n02992529/n02992529_14442.JPEG,cell phone,canoe or boat, A white star-shaped tray holds two cell phones. ,"A small, narrow canoe with a single person sitting in the front and holding paddles."
283,data/images/n03709823/n03709823_595.JPEG,handbag,pumpkin, A gray and white cat peeking out of a brown paper bag. ,"A pumpkin is a large, round fruit with a hard shell and orange flesh."
284,data/images/n02106662/n02106662_62679.JPEG,dog,dog," A German Shepherd dog with its tongue out, standing in a grassy area. ","A fluffy, playful dog with a wagging tail and bright eyes is happily playing in a green field."
285,data/images/n02992529/n02992529_42996.JPEG,cell phone,cell phone, A shirtless man in a crowd is using his cell phone. ,"A small, rectangular device with a touchscreen and various communication capabilities, used for making calls, sending messages, browsing the internet, and accessing apps."
286,data/images/n03452741/n03452741_3088.JPEG,piano,ball, A black and gold grand piano with the Boston Piano Company logo. ,"A round, white ball with a small red dot in the center and two smaller dots on either side."
287,data/images/n02504458/n02504458_6155.JPEG,elephant,elephant, An elephant walking in a grassy area. ,"A large, gray elephant with a long trunk and floppy ears stands in a lush green forest."
288,data/images/n02106662/n02106662_16778.JPEG,dog,dog, Two dogs running in a park. ,"A playful puppy with a fluffy tail and big brown eyes is jumping in the air, showing its excitement."
289,data/images/n13054560/n13054560_11059.JPEG,mushroom,mushroom, A mushroom growing out of a tree stump. ,"A large, round fungus with a delicate veil of gills on its underside."
290,data/images/n02504458/n02504458_2716.JPEG,elephant,elephant," A large elephant with tusks and a long trunk, standing in a grassy field. ","A large gray elephant with a long trunk and floppy ears stands in a grassy field, surrounded by trees."
291,data/images/n02906734/n02906734_6542.JPEG,brush,panda or pandas, A collection of four brooms with different colored bristles. ,"A panda bear is a black-and-white, furry mammal native to China that feeds on bamboo."
292,data/images/n03709823/n03709823_12670.JPEG,handbag,pumpkin, A dark blue tote bag with brown leather accents and a tan strap. ,"A bright orange, round pumpkin with a small stem sits on a wooden crate surrounded by autumn leaves."
293,data/images/n02281787/n02281787_4566.JPEG,butterfly,cat, Two blue butterflies on a green leaf. ,"A fluffy white cat with green eyes is sitting on a colorful rug, surrounded by toys and a bright yellow sunbeam."
294,data/images/n03877472/n03877472_33829.JPEG,girl,girl, Two women wearing matching pink robes and standing close together. ,"A colorful, fluffy unicorn with a rainbow mane and sparkly wings is dancing in the sky while playing a magical flute."
295,data/images/n03272010/n03272010_7501.JPEG,guitar,train, A young boy sitting on a chair playing a guitar. ,"A large, luxurious train with multiple cars and a long, curved track is traveling through a dense forest filled with tall trees."
296,data/images/n02951358/n02951358_33850.JPEG,canoe or boat,canoe or boat, A man in a yellow helmet is kayaking down a river. ,"A small, round boat with a single person sitting on it and holding onto the edge of the water."
297,data/images/n03792782/n03792782_442.JPEG,bicycle,camp or camping, A man riding a bicycle on a rocky trail. ,"A group of people is gathered around a campfire in the middle of a forest, with tents and other camping equipment scattered nearby."
298,data/images/n03792972/n03792972_1036.JPEG,camp or camping,pumpkin, A man sitting on the ground in front of a tent in a mountainous area. ,"A bright orange, round pumpkin with a small stem sits on a wooden crate surrounded by autumn leaves."
299,data/images/n03452741/n03452741_5127.JPEG,piano,piano, An older man in a red sweater is playing a black piano. ,"A grand piano with a dark finish and intricate details, surrounded by soft lighting and elegant decor."
300,data/images/n02906734/n02906734_21984.JPEG,brush,brush, A young boy holding a broom with straw. ,"The image depicts a large, circular brush with bristles of varying lengths and textures."
301,data/images/n03709823/n03709823_17750.JPEG,handbag,handbag, A brown leather handbag with a pocket on the front. ,"A colorful and stylish handbag with a unique design, featuring intricate patterns and textures that make it stand out from the crowd."
302,data/images/n02281787/n02281787_4566.JPEG,butterfly,butterfly, Two blue butterflies on a green leaf. ,"A colorful butterfly with intricate patterns, gracefully perched on a leaf in the middle of a vibrant garden."
303,data/images/n03584829/n03584829_33459.JPEG,ironing machine,piano, An iron on a table with a compass and ink. ,"A grand piano with a polished ebony finish and intricate inlays, set against a dimly lit room filled with classical music."
304,data/images/n03877472/n03877472_28953.JPEG,girl,girl, A woman in a pink pajama is playfully pinning a man to the floor while he is wearing a blue pajama. ,"A colorful, fluffy ball with a wide smile and sparkling eyes is waving enthusiastically from the top of a lush green hill."
305,data/images/n04044716/n04044716_860.JPEG,tower,pool table, A large satellite dish in a desert setting. ,"A pool table is a large, flat surface covered with felt material and surrounded by pockets for playing the game of billiards."
306,data/images/n03272010/n03272010_17735.JPEG,guitar,computer, A band performing on stage with a large screen displaying a man's face. ,"A close-up of a person's face, with wrinkles and creases visible on the skin."
307,data/images/n07873807/n07873807_16625.JPEG,pizza,mushroom, A large pizza with various toppings on a metal tray on a table. ,"A mushroom is a spongy, round fungus with a cap and stem."
308,data/images/n03584829/n03584829_37429.JPEG,ironing machine,pumpkin, Two vintage irons on a table with white linen. ,"A pumpkin is a large, round, orange vegetable that people often use for carving jack-o'-lanterns and making pies."
309,data/images/n03709823/n03709823_7681.JPEG,handbag,rocket, A black leather handbag with a cartoon character on it. ,"A rocket soars through the sky, leaving a trail of smoke behind it as it reaches for the stars."
310,data/images/n03063599/n03063599_5019.JPEG,coffee mug,coffee mug, A white coffee mug with a blue and red design on it. ,A white coffee mug with a cartoon character of a cat holding a cup of coffee.
311,data/images/n13054560/n13054560_13613.JPEG,mushroom,mushroom, A hand holding a mushroom with a brush in the background. ,"A maitake mushroom is a large, fan-shaped brown fungus with a delicate texture and nutty flavor that's often used in place of more expensive varieties like portobello or cremini mushrooms."
312,data/images/n04044716/n04044716_14882.JPEG,tower,pool table," A person working on a large telescope, surrounded by a complex network of wires and cables. ","A pool table is a large, flat surface covered with felt and designed for playing the game of billiards."
313,data/images/n07753592/n07753592_5699.JPEG,fruits and vegetables,flower, A ripe yellow banana with a brown spot on the end. ,"A colorful, delicate flower with a prominent center and extended petals, growing on a lush green surface."
314,data/images/n03584829/n03584829_13555.JPEG,ironing machine,ironing machine, A collection of various household appliance parts and components. ,"A compact, portable ironing machine with a large water tank and adjustable temperature control for easy use at home or on-the-go."
315,data/images/n07873807/n07873807_8175.JPEG,pizza,shoes," A man in a costume sits next to a goat, holding a pizza box and a wooden bow. ","A pair of colorful, high-top sneakers with a mesh design and reflective details on the upper part."
316,data/images/n02906734/n02906734_21829.JPEG,brush,airplane," A blue dustpan with a flower design on it, sitting on the ground next to a box. ","A large airplane with a pointed nose, wings, and tail, designed to fly through the sky by using its engines."
317,data/images/n03297495/n03297495_7249.JPEG,coffee maker,chair," This is an image of a white espresso machine with a silver and black front panel, featuring two spouts and two buttons. ","A round, soft cushion with a flat surface for people to sit on and support their bodies."
318,data/images/n02504458/n02504458_4080.JPEG,elephant,panda or pandas, A group of elephants with their tusks interlocked. ,"A panda bear is a large, black-and-white mammal native to China."
319,data/images/n03100240/n03100240_20935.JPEG,car,coffee mug, A silver car on display at a car show. ,A white coffee mug with a cartoon character of a cat holding a cup filled with steaming hot coffee.
320,data/images/n04069434/n04069434_12771.JPEG,camera,camera," The image shows a black digital single-lens reflex camera (DSLR) with a lens attached, set against a white background. ","A lens-equipped device for capturing and projecting images, typically attached to a mobile phone or other electronic devices."
321,data/images/n03100240/n03100240_3310.JPEG,car,watch or watches, A white classic mustang car on display. ,"A round, wristwatch with a black face and silver accents."
322,data/images/n02389026/n02389026_3269.JPEG,horse,horse, A brown horse with a white stripe down its face and a white spot on its forehead. ,"A graceful and powerful horse, with a shiny coat and flowing mane, stands proudly in the field as the sun sets behind it."
323,data/images/n03100240/n03100240_10410.JPEG,car,chair, A vintage blue Volkswagen Beetle parked in a parking lot. ,"A chair with a round cushion on top, perfect for relaxing and reading books."
324,data/images/n03297495/n03297495_7249.JPEG,coffee maker,guitar," This is an image of a white espresso machine with a silver and black front panel, featuring two spouts and two buttons. ","A beautiful, vintage-inspired guitar with intricate details and a warm, natural wood finish."
325,data/images/n02951358/n02951358_2037.JPEG,canoe or boat,canoe or boat, A woman in a canoe on a lake with trees in the background. ,"A small, light canoe with a single person seated in the center and holding two paddles."
326,data/images/n02906734/n02906734_23744.JPEG,brush,brush, A group of people playing a game of broomball in an indoor rink. ,"A small, round brush with soft bristles on one end and a handle on the other."
327,data/images/n03452741/n03452741_1177.JPEG,piano,ball," A small, handmade piano with a black felt lid and a brown felt seat. ","A round, white ball with a small red dot in the center and two smaller black dots around it."
328,data/images/n03584829/n03584829_37429.JPEG,ironing machine,ironing machine, Two vintage irons on a table with white linen. ,"A compact, portable ironing machine with a large water tank and adjustable temperature control for easy use at home or on-the-go."
329,data/images/n04044716/n04044716_7208.JPEG,tower,tower, A large satellite dish in a field with sheep grazing. ,"A tall, circular structure with multiple small platforms for displaying religious relics and artifacts."
330,data/images/n03888257/n03888257_39168.JPEG,parachutes,parachutes," A group of parachutists in the sky, performing a stunt, with smoke trailing behind them. ","A colorful parachute with multiple streamers and a large circular opening, gracefully floating down from the sky."
331,data/images/n03982430/n03982430_30922.JPEG,pool table,camera, A pool table with balls and cues. ,"A lens-equipped device capable of capturing images, typically mounted on a mobile phone or tablet."
332,data/images/n03888257/n03888257_39021.JPEG,parachutes,pool table, A person is skydiving with an American flag attached to their ankles. ,"A pool table is a large, rectangular surface covered in felt that players use to shoot small balls into pockets on the side of the table."
333,data/images/n03888257/n03888257_19211.JPEG,parachutes,parachutes, A surreal image of a hot air balloon floating above a barren landscape with a rainbow in the sky. ,"A colorful parachute with multiple streamers is gracefully floating down to the ground, providing a picturesque and peaceful scene."
334,data/images/n03376595/n03376595_10737.JPEG,chair,chair, A folding chair in a grassy field. ,"A round, soft cushion with a flat surface for people to sit on and support their bodies."
335,data/images/n02389026/n02389026_6377.JPEG,horse,horse, Two brown horses with long tails standing in a barn stall. ,"A graceful and powerful animal with a large, rounded body, long neck, and distinctive mane, the horse is often depicted in art as both a symbol of nobility and strength."
336,data/images/n03100240/n03100240_16653.JPEG,car,car, A red convertible parked on a driveway. ,"A small, two-door car with a rounded front end and a tall windshield, painted in a light blue color."
337,data/images/n04069434/n04069434_3119.JPEG,camera,pool table, A vintage black and white Rolleicord camera sitting on a wooden floor. ,"A pool table is a large, rectangular surface covered in felt that players use to shoot small balls into pockets on the opposite side."
338,data/images/n11939491/n11939491_16390.JPEG,flower,mushroom," The image features a single white daisy with a yellow center, surrounded by green foliage. ","A large, multi-colored mushroom with a wavy pattern on its surface."
339,data/images/n02106662/n02106662_16778.JPEG,dog,dog, Two dogs running in a park. ,"A playful puppy with a fluffy white coat and brown eyes is sitting on the grass, surrounded by colorful flowers."
340,data/images/n02951358/n02951358_2350.JPEG,canoe or boat,canoe or boat, Three people in kayaks on the ocean. ,"A canoe, which is a small boat with an arched back and two rounded ends, can be seen in this image."
341,data/images/n11939491/n11939491_59345.JPEG,flower,fruits and vegetables," The image shows a close-up of a group of yellow daisies with yellow centers and white petals, set against a green background. ","A colorful assortment of fruits and vegetables, including apples, oranges, carrots, and peppers, arranged on a wooden cutting board."
342,data/images/n03376595/n03376595_108.JPEG,chair,chair, A wooden folding chair with a slatted backrest. ,"A round, soft cushion with a raised center for people to sit on during meetings or discussions."
343,data/images/n04044716/n04044716_555.JPEG,tower,tower, A cherry picker is lifting a worker to repair a satellite dish. ,"A tall, thin structure with multiple small platforms connected by stairs and walkways, used for defense or observation."
344,data/images/n03982430/n03982430_30922.JPEG,pool table,pool table, A pool table with balls and cues. ,"A pool table is a large, rectangular surface covered in felt that players use to shoot small balls into pockets on the opposite side."
345,data/images/n03982430/n03982430_17180.JPEG,pool table,camera, A pool table with a cue ball on it. ,"A lens-equipped device for capturing and recording visual images, typically attached to a smartphone or other electronic devices."
346,data/images/n03376595/n03376595_8916.JPEG,chair,chair, A wooden folding chair with a green cushion and a striped backrest. ,"A round, soft cushion with a raised center for people to sit on during meetings or discussions."
347,data/images/n03452741/n03452741_5127.JPEG,piano,piano, An older man in a red sweater is playing a black piano. ,"A grand piano with a polished ebony finish and intricate inlays, set against a tasteful backdrop of lush greenery."
348,data/images/n02951358/n02951358_9376.JPEG,canoe or boat,canoe or boat, Two people walking on frozen lake with boat in background. ,"A small, round boat with a single person sitting on it and paddling with both hands."
349,data/images/n07873807/n07873807_8175.JPEG,pizza,camera," A man in a costume sits next to a goat, holding a pizza box and a wooden bow. ","A lens-equipped device for capturing and recording images, typically attached to a smartphone or digital camera."
350,data/images/n02389026/n02389026_724.JPEG,horse,horse, A young brown horse with a white blaze on its face is walking in a grassy field. ,"A graceful and powerful animal with a large, rounded body, long legs, and a flowing mane, standing on an open field surrounded by tall trees."
351,data/images/n03792972/n03792972_2062.JPEG,camp or camping,bicycle, A tent set up in a wooded area. ,"A colorful bicycle with a basket and streamers, decorated for a child's birthday party."
352,data/images/n07753592/n07753592_1198.JPEG,fruits and vegetables,shoes," A still life of fruit, including an apple, bananas, and a rose, arranged on a reflective surface. ","A pair of colorful, high-top sneakers with a mesh design and reflective details on the upper part."
353,data/images/n03063599/n03063599_1096.JPEG,coffee mug,car," A white mug with a green design and the word ""tea"" on it. ","A small, two-door car with a rounded front end and a tall windshield, painted in a light blue color."
354,data/images/n03063599/n03063599_748.JPEG,coffee mug,coffee mug, A white coffee mug with a black logo on a white table. ,A white coffee mug with a cartoon character of a cat holding a cup filled with steaming hot coffee.
355,data/images/n03590841/n03590841_8067.JPEG,pumpkin,handbag," A woman carving a jack-o-lantern in a kitchen, with a table full of carved pumpkins. ","A colorful and stylish handbag with a unique design, perfect for adding a pop of personality to any outfit."
356,data/images/n03773504/n03773504_17692.JPEG,rocket,rocket," The image shows a missile with the word ""USA"" on it, standing in front of an American flag. ","A rocket soars through the sky, leaving a trail of smoke behind it."
357,data/images/n11939491/n11939491_10024.JPEG,flower,flower, A black and white photograph of a single daisy with a white center and a dark brown center. ,"A colorful, round flower with a central yellow spot on a green background."
358,data/images/n02389026/n02389026_724.JPEG,horse,monkey, A young brown horse with a white blaze on its face is walking in a grassy field. ,"A monkey wearing a funny hat, sitting on a cloud and holding a magic wand."
359,data/images/n02281787/n02281787_2971.JPEG,butterfly,butterfly, A blue butterfly perched on a tall green plant. ,"A colorful butterfly with intricate patterns on its wings, gently flapping in the sunlight."
360,data/images/n03792782/n03792782_757.JPEG,bicycle,handbag, A woman riding a bicycle on a trail. ,"A colorful and stylish handbag with a unique design, perfect for adding a pop of personality to any outfit."
361,data/images/n02504458/n02504458_296.JPEG,elephant,coffee maker," A group of elephants in a museum exhibit, with one elephant prominently facing the camera. ","A coffee maker, which is a small kitchen appliance that brews coffee by dripping hot water through ground coffee beans."
362,data/images/n03452741/n03452741_24828.JPEG,piano,ball, A grand piano in a room with a portrait on the wall. ,"A round, white ball with a small red dot in the center and two smaller blue dots on opposite sides."
363,data/images/n02504458/n02504458_480.JPEG,elephant,elephant, An elephant standing in a zoo enclosure. ,"A large gray elephant with a long trunk and floppy ears stands in a grassy field, surrounded by trees."
364,data/images/n03792782/n03792782_8799.JPEG,bicycle,gloves," A collage of a mountain bike race, featuring a man in a blue and black jersey riding a bike, with various other cyclists and a collage of photos from the event. ","A pair of white, knitted gloves with a small heart-shaped patch on the backside."
365,data/images/n03775071/n03775071_3112.JPEG,gloves,rocket," Three handmade felt Christmas stockings in red, purple, and blue, each with a white pom pom on top. ","A rocket soars through the sky, leaving a trail of smoke behind it as it reaches for the stars."
366,data/images/n02389026/n02389026_2013.JPEG,horse,horse, A brown horse standing in a field. ,"A graceful and powerful horse, with a shiny coat and flowing mane, stands proudly in the field."
367,data/images/n04086273/n04086273_26142.JPEG,gun,gun," This is an image of a vintage firearm, specifically a revolver, with a wooden grip and a metal barrel. The firearm is displayed against a wooden background. ","A large, ornate candelabrum adorned with intricate carvings and multiple branches holding lit candles."
368,data/images/n03452741/n03452741_2123.JPEG,piano,piano, A man in a red coat and black pants is playing a piano in a room with a chandelier. ,"A grand piano with a polished ebony finish and intricate inlays, set against a tasteful backdrop of lush greenery."
369,data/images/n03792782/n03792782_757.JPEG,bicycle,gloves, A woman riding a bicycle on a trail. ,"A pair of white, knitted gloves with a ribbed cuff and a small heart-shaped charm hanging from one finger."
370,data/images/n07873807/n07873807_1477.JPEG,pizza,mushroom, A pepperoni pizza on a baking sheet. ,"A large, colorful mushroom with intricate patterns and a tall stem."
371,data/images/n03445777/n03445777_2951.JPEG,ball,ball," A golf ball on a green, in front of a hole. ","A round, white ball with a small red dot in the center and two smaller black dots around it."
372,data/images/n03100240/n03100240_10410.JPEG,car,coffee mug, A vintage blue Volkswagen Beetle parked in a parking lot. ,A white coffee mug with a cartoon character of a cat holding a cup filled with steaming hot coffee.
373,data/images/n13054560/n13054560_7616.JPEG,mushroom,mushroom, A mushroom growing in the woods. ,"A maitake mushroom is a large, fan-shaped brown fungus with a delicate texture and nutty flavor that's often used in place of more expensive truffle."
374,data/images/n03775071/n03775071_794.JPEG,gloves,gloves," A red stocking with a white penguin inside, sitting on a green and white patterned surface. ","A pair of brown leather gloves with a unique, intricate pattern on the backside."
375,data/images/n03445777/n03445777_2951.JPEG,ball,ball," A golf ball on a green, in front of a hole. ","A round, white ball with a small hole in the center is depicted on this image."
376,data/images/n04069434/n04069434_17439.JPEG,camera,camera, A person taking a selfie with a camera. ,"A lens-equipped device for capturing and projecting images, typically attached to a mobile phone or tablet."
377,data/images/n07873807/n07873807_3354.JPEG,pizza,gun, A large pepperoni pizza in a box. ,"A small, handheld device that can shoot projectiles at high speeds."
378,data/images/n03100240/n03100240_10410.JPEG,car,coffee mug, A vintage blue Volkswagen Beetle parked in a parking lot. ,"A white coffee mug with a cartoon character wearing sunglasses and holding a surfboard, surrounded by blue waves."
379,data/images/n07753592/n07753592_3018.JPEG,fruits and vegetables,fruits and vegetables, A bunch of bananas growing on a tree. ,"A colorful assortment of fruits and vegetables, including apples, oranges, carrots, and peppers, arranged on a wooden cutting board."
380,data/images/n03376595/n03376595_8346.JPEG,chair,train, A large number of blue seats in a stadium. ,"A large, colorful train with many windows and a long, curved track is passing through a dense forest filled with tall trees."
381,data/images/n03100240/n03100240_20935.JPEG,car,watch or watches, A silver car on display at a car show. ,"A round, wrist-worn timepiece with a leather band and a silver face adorned with Roman numerals."
382,data/images/n03792782/n03792782_442.JPEG,bicycle,girl, A man riding a bicycle on a rocky trail. ,"A colorful, fluffy unicorn with a rainbow mane and sparkly wings is playing with a group of adorable kittens in a magical garden filled with flowers."
383,data/images/n02492035/n02492035_3912.JPEG,monkey,butterfly," A monkey in a cage, looking out with a sad expression. ","A colorful butterfly with intricate patterns, gracefully perched on a leaf in the middle of a vibrant garden."
384,data/images/n07873807/n07873807_18033.JPEG,pizza,shoes," Two pizzas on a baking sheet, one with cheese and olives, the other with cheese, olives, and sausage. ","A colorful and vibrant image of a group of people dancing together in the park, with the sun setting behind them."
385,data/images/n03297495/n03297495_2852.JPEG,coffee maker,train," This is an image of a black coffee maker with a digital display and buttons, placed on a white background. ","A large, yellow school bus with black stripes and a few windows is parked on a grassy field."
386,data/images/n02106662/n02106662_62679.JPEG,dog,cat," A German Shepherd dog with its tongue out, standing in a grassy area. ","A fluffy white cat with green eyes is sitting on a colorful rug, surrounded by toys and a bright yellow sunbeam."
387,data/images/n03877472/n03877472_3847.JPEG,girl,girl, A young girl is sitting on the floor surrounded by Christmas presents. ,"A colorful, heart-shaped pendant with a delicate chain hangs from the wrist of an elegant woman."
388,data/images/n02690373/n02690373_3537.JPEG,airplane,airplane, A large airplane parked on the tarmac at an airport. ,"A large airplane with a pointed nose, wings, and tail, designed to fly through the sky by using its engines."
389,data/images/n02389026/n02389026_24702.JPEG,horse,monkey," A close-up of a horse's face, showing its brown coat, large brown eyes, and a white spot on its forehead. ","A monkey wearing a funny hat, sitting on a cloud and holding a magic wand."
390,data/images/n03584829/n03584829_28308.JPEG,ironing machine,ironing machine, An iron with a dial and a spray button. ,"A compact, portable ironing machine with a large water tank and an adjustable temperature control for easy use at home or on the go."
391,data/images/n03792972/n03792972_1570.JPEG,camp or camping,girl, A tent set up in a field with camping gear. ,"A colorful, fluffy unicorn with a rainbow mane and sparkly wings is dancing in the sky while playing a magical flute that creates rainbows."
392,data/images/n03773504/n03773504_17692.JPEG,rocket,bicycle," The image shows a missile with the word ""USA"" on it, standing in front of an American flag. ","A colorful bicycle with a basket and streamers, decorated for a child's birthday party."
393,data/images/n03180011/n03180011_9576.JPEG,computer,guitar, A silver desktop computer with a monitor in the background. ,"A beautiful, vintage acoustic guitar with a rich mahogany finish and intricate inlays on the fretboard."
394,data/images/n03272010/n03272010_4370.JPEG,guitar,coffee maker, A blue electric guitar with a pickup and a cord on a white surface. ,"A coffee maker with a round, white body and a handle on top, sitting on a wooden surface."
395,data/images/n03709823/n03709823_17750.JPEG,handbag,handbag, A brown leather handbag with a pocket on the front. ,"A stylish and colorful handbag with a unique design, featuring intricate patterns and vibrant colors that make it stand out from the crowd."
396,data/images/n03100240/n03100240_3310.JPEG,car,car, A white classic mustang car on display. ,"A compact, sporty car with a sleek design and modern features."
397,data/images/n03100240/n03100240_20935.JPEG,car,coffee mug, A silver car on display at a car show. ,A white coffee mug with a cartoon character of a cat holding a cup of coffee.
398,data/images/n03773504/n03773504_21104.JPEG,rocket,girl," A large rocket with the name ""mace"" on it, flying through a cloudy sky. ","A colorful, fluffy unicorn with a rainbow mane and sparkly wings is playing with a group of adorable kittens in a magical garden."
399,data/images/n03877472/n03877472_28953.JPEG,girl,girl, A woman in a pink pajama is playfully pinning a man to the floor while he is wearing a blue pajama. ,"A charming, innocent-looking girl with a radiant smile and long wavy hair stands confidently in the center of an idyllic countryside landscape."
400,data/images/n03982430/n03982430_27656.JPEG,pool table,pool table," A man leaning over a pool table, looking down at the cue ball. ","A pool table is a large, flat surface covered in felt material with pockets at each end for players to shoot balls into and try to sink them."
401,data/images/n03709823/n03709823_25550.JPEG,handbag,handbag, A black leather purse with a flap and a gold buckle. ,"A colorful handbag with a unique design, featuring intricate patterns and delicate details."
402,data/images/n02690373/n02690373_5870.JPEG,airplane,airplane, A large white airplane with blue and red accents parked on a runway. ,"A small, fast airplane with a pointed nose and two large wings is flying in the sky."
403,data/images/n03452741/n03452741_24828.JPEG,piano,ball, A grand piano in a room with a portrait on the wall. ,"A round, white ball with a small red dot in the center and two smaller blue dots on either side."
404,data/images/n02690373/n02690373_9676.JPEG,airplane,clownfish or fish, A large yellow and white airplane flying in the sky above an airport. ,"A colorful clownfish with a white body and orange fins, swimming in an underwater coral reef."
405,data/images/n03063599/n03063599_4086.JPEG,coffee mug,cell phone," The image shows two rings, one purple and one yellow, against a white background. ","A small, rectangular device with a touchscreen and various communication capabilities."
406,data/images/n03773504/n03773504_6291.JPEG,rocket,handbag, A large nuclear missile inside a missile silo. ,"A stylish and colorful handbag with a unique design, featuring intricate patterns and an eye-catching color scheme."
407,data/images/n03888257/n03888257_39168.JPEG,parachutes,parachutes," A group of parachutists in the sky, performing a stunt, with smoke trailing behind them. ",A group of people wearing parachutes are jumping from a plane and floating gently to the ground.
408,data/images/n02690373/n02690373_736.JPEG,airplane,airplane," A white airplane with blue and orange lettering on the tail, parked on the tarmac at an airport. ","A small, fast airplane with a pointed nose and two large wings is flying in the sky."
409,data/images/n02906734/n02906734_17920.JPEG,brush,elephant, A woman holding a broom and standing in front of a display of brooms. ,"A large, gray elephant with a long trunk and floppy ears stands in a field surrounded by trees."
410,data/images/n03376595/n03376595_108.JPEG,chair,guitar, A wooden folding chair with a slatted backrest. ,A red guitar with a white pick on its body and a black strap hanging from the ceiling.
411,data/images/n03180011/n03180011_16171.JPEG,computer,computer, A silver desktop computer with keyboard and mouse on a white background. ,"A close-up of a person's face, with wrinkles and creases around the eyes, smiling broadly."
412,data/images/n03063599/n03063599_1320.JPEG,coffee mug,coffee mug, A red espresso machine with a pressure gauge and a black handle. ,"A white coffee mug with a cartoon character of a cat wearing sunglasses and holding a surfboard, printed on both sides."
413,data/images/n02510455/n02510455_95099.JPEG,panda or pandas,panda or pandas, A panda bear sitting on a tree branch in an enclosure. ,"A panda bear is a large, black-and-white bear native to China."
414,data/images/n03888257/n03888257_24025.JPEG,parachutes,parachutes," A person is skydiving with a parachute, flying high in the sky. ","A group of people wearing parachutes are standing on a mountain with a large, open field below them."
415,data/images/n03272010/n03272010_6219.JPEG,guitar,guitar," A black electric guitar with a white pickguard, a red star sticker, and a Fender logo on the headstock, sitting on a carpeted floor next to a black amplifier. ","A young man is playing a guitar with his eyes closed, lost in the music."
416,data/images/n03877472/n03877472_28707.JPEG,girl,girl, A young girl in a blue pajama with a snowman design is standing in a doorway. ,A colorful sunset with a heart-shaped cloud and two flying birds.
417,data/images/n03792972/n03792972_17744.JPEG,camp or camping,bicycle," A man stands in a field with a tent, mountains, and a camera, looking out at the landscape. ","A bicycle, with a blue frame and white tires, sits on the grass in front of a tree."
418,data/images/n02124075/n02124075_12430.JPEG,cat,cat, A brown and black cat with green eyes. ,"A colorful butterfly with intricate patterns on its wings, resting on a leaf in the forest."
419,data/images/n03063599/n03063599_1320.JPEG,coffee mug,coffee mug, A red espresso machine with a pressure gauge and a black handle. ,"A white coffee mug with a cartoon image of two smiling faces and the words ""Friends Forever"" written in bold, colorful letters."
420,data/images/n03590841/n03590841_6462.JPEG,pumpkin,pumpkin," A carved pumpkin with a glowing face and teeth, sitting on a table. ","A large, orange pumpkin with a smooth, round shape and a small stem at the top."
421,data/images/n03297495/n03297495_1204.JPEG,coffee maker,coffee maker, This is an image of a coffee machine with two cups of coffee on the spout. ,A coffee maker is a kitchen appliance that brews coffee by pouring hot water over ground coffee beans or tea leaves.
422,data/images/n02492035/n02492035_16869.JPEG,monkey,panda or pandas, A monkey is sitting on a palm tree branch. ,"A panda bear is a large, black-and-white mammal native to China."
423,data/images/n03376595/n03376595_10737.JPEG,chair,chair, A folding chair in a grassy field. ,"The image depicts a group of people gathered around a large, circular table with soft lighting and comfortable seating arrangements."
424,data/images/n03376595/n03376595_10579.JPEG,chair,chair, A wooden lawn chair with slats and armrests. ,"The image depicts a group of people gathered around a large circular table, with each person wearing formal attire and holding a piece of paper in their hands."
425,data/images/n02951358/n02951358_31796.JPEG,canoe or boat,canoe or boat," Two people in red kayaks on a river, with a rocky cliff and a building in the background. ","A canoe and a boat are both small, narrow watercraft with pointed ends that can be paddled by one or more people."
426,data/images/n03452741/n03452741_11539.JPEG,piano,pumpkin, A black grand piano in a living room. ,"A medium-sized, orange pumpkin with a smooth and slightly elongated shape sits on a wooden surface."
427,data/images/n11939491/n11939491_5055.JPEG,flower,flower, A white daisy with a yellow center. ,"A colorful, delicate flower with a central ""cup"" or blossom, surrounded by thin petals and growing on a slender stem."
428,data/images/n02906734/n02906734_3648.JPEG,brush,airplane, A yellow and orange broom with a metal handle. ,"A large, winged aircraft with four engines and a pointed nose sits on the tarmac at an airport."
429,data/images/n02281787/n02281787_1529.JPEG,butterfly,horse," A blue butterfly with brown spots on its wings, perched on a plant. ","A horse has a shiny, muscular body with flowing mane and tail."
430,data/images/n03100240/n03100240_20935.JPEG,car,car, A silver car on display at a car show. ,"A close-up image of a car's dashboard, displaying various gauges and controls."
431,data/images/n03877472/n03877472_33829.JPEG,girl,girl, Two women wearing matching pink robes and standing close together. ,"A girl with long, wavy hair and a pink dress is standing on a white background."
432,data/images/n03063599/n03063599_5287.JPEG,coffee mug,cell phone, A white coffee mug with a brown starbucks logo on it. ,"A cell phone is a small device that people use to make calls, send messages, and access the internet."
433,data/images/n03775071/n03775071_2160.JPEG,gloves,rocket," A hand-knitted sock with a colorful pattern, sitting on a table with knitting needles and a piece of paper. ","A rocket soars through the sky, its bright lights illuminating the darkness as it reaches for the stars."
434,data/images/n03584829/n03584829_26740.JPEG,ironing machine,ironing machine," An old iron with rusted handle and a rope, placed on a rusted metal stand. ","A close-up image of a sleek, modern ironing machine with an open lid and a folded garment placed on top."
435,data/images/n03775071/n03775071_15065.JPEG,gloves,camp or camping, Two knitted gloves with a colorful pattern on a gray surface. ,"The image depicts a group of people gathered around a campfire, with tents and other camping equipment visible in the background."
436,data/images/n02106662/n02106662_83638.JPEG,dog,dog, A German Shepherd dog in mid-run on a grassy field. ,"A fluffy white dog with brown eyes and a red collar is sitting on the grass, looking at the camera."
437,data/images/n03445777/n03445777_2548.JPEG,ball,ball," A golf ball on a green, with a logo for scott health & safety. ","A group of people are playing with a large, inflatable ball in an open field."
438,data/images/n02281787/n02281787_5770.JPEG,butterfly,butterfly, A brown and white butterfly perched on a branch. ,"A delicate, colorful butterfly with intricate patterns on its wings gently flutters in the sunlight."
439,data/images/n04069434/n04069434_12869.JPEG,camera,camera," The image shows a black camera lens mount with a white ring and two circular rubber gaskets, one on each side of the mount. ",A camera that is able to capture images and videos with a wide range of features and capabilities.
440,data/images/n03063599/n03063599_2735.JPEG,coffee mug,coffee mug," A red and black mug with a tiger logo on it, sitting on a table. ","A white coffee mug with a cartoon character of a cat wearing sunglasses and holding a surfboard, printed on both sides."
441,data/images/n03877472/n03877472_23771.JPEG,girl,girl," Three women in pajamas sitting on a couch, smiling and posing for the camera. ","A colorful sunset with a serene lake and lush green trees, creating an idyllic scene of nature's beauty."
442,data/images/n11939491/n11939491_48574.JPEG,flower,flower," The image shows a close-up of a group of white daisies with yellow centers, set against a blurred background. ","A colorful, circular flower with a central star-shaped pattern and delicate petals."
443,data/images/n03297495/n03297495_2948.JPEG,coffee maker,train, A black espresso machine with two cups of coffee on the spout. ,"A large, fast-moving vehicle with a rounded front and multiple wheels on each side, designed for carrying passengers or cargo over land."
444,data/images/n02389026/n02389026_2094.JPEG,horse,dog, A brown horse grazing in a field of tall grass. ,"A fluffy white dog with big brown eyes and a wagging tail is sitting on the grass, smiling at the camera."
445,data/images/n02906734/n02906734_39817.JPEG,brush,horse, A green and yellow hair brush with bristles. ,"A horse, with a muscular body and flowing mane, stands proudly in the field as it looks towards the horizon."
446,data/images/n03888257/n03888257_24025.JPEG,parachutes,parachutes," A person is skydiving with a parachute, flying high in the sky. ","A parachute is a large, square piece of fabric that people use to safely land from the sky after jumping out of an airplane."
447,data/images/n03272562/n03272562_4071.JPEG,train,train," An old train car sits on the tracks, waiting for its next journey. ","A train, possibly a steam locomotive with multiple cars attached, is depicted in this image."
448,data/images/n02106662/n02106662_49005.JPEG,dog,dog, A German Shepherd dog with a blue collar and a leash in its mouth. ,"A fluffy white dog with brown eyes and a red collar is sitting on the grass, looking at the camera."
449,data/images/n03445777/n03445777_7947.JPEG,ball,ball, A golf ball on a shelf with a logo on it. ,A basketball with a bright orange and blue design on its surface.
450,data/images/n03982430/n03982430_7125.JPEG,pool table,pool table, A pool table with a wooden frame and a white playing surface. ,"A pool table is a rectangular, flat surface covered with a special cloth and surrounded by pockets for playing the game of billiards."
451,data/images/n02124075/n02124075_6197.JPEG,cat,cat, A white cat and a gray cat stand on a dirt road in front of a house. ,A colorful butterfly with intricate patterns on its wings is perched on a leaf in the middle of a vibrant garden.
452,data/images/n03272562/n03272562_8639.JPEG,train,chair, A blue and yellow train engine on the tracks with a yellow train car behind it. ,"A chair with a pillow on top, perfect for relaxing and reading books."
453,data/images/n03792782/n03792782_1105.JPEG,bicycle,bicycle, A group of people on bicycles in a forested area. ,"A bicycle, typically consisting of two wheels connected by a frame and operated by pedaling."
454,data/images/n03982430/n03982430_27656.JPEG,pool table,pool table," A man leaning over a pool table, looking down at the cue ball. ","A pool table is a large, rectangular surface covered in felt that players use to shoot small balls into pockets along the edges of the table."
455,data/images/n03063599/n03063599_4172.JPEG,coffee mug,coffee mug, A black coffee mug on a window sill. ,"A coffee mug featuring a cute, cartoon-style illustration of a friendly robot holding a steaming cup of coffee."
456,data/images/n02492035/n02492035_3912.JPEG,monkey,monkey," A monkey in a cage, looking out with a sad expression. ","A monkey wearing a colorful, oversized hat."
457,data/images/n02690373/n02690373_3537.JPEG,airplane,airplane, A large airplane parked on the tarmac at an airport. ,A small airplane with a red and white color scheme is taking off from a grassy runway surrounded by trees.
458,data/images/n02690373/n02690373_7499.JPEG,airplane,elephant, An airplane on the runway at an airport. ,"A large elephant with a prominent smile sits on a colorful cushion, surrounded by vibrant flowers and foliage."
459,data/images/n03775071/n03775071_10573.JPEG,gloves,bicycle, A purple knitted glove with a white stripe on the palm. ,A bicycle is a two-wheeled vehicle with pedals that people can ride to get around.
460,data/images/n02992529/n02992529_3673.JPEG,cell phone,canoe or boat," The image shows a Sony Ericsson Cyber-shot camera and a smartphone, both with a blue and black color scheme, against a yellow background. ","A canoe and a boat are both small watercrafts used for transportation, recreation, or fishing."
461,data/images/n02124075/n02124075_10525.JPEG,cat,cat," A gray and white cat is laying on its back, with its paws in the air, on a chair. ","A fluffy white cat with orange eyes sits on a wooden bench, gazing at the viewer with an air of curiosity and mischief."
462,data/images/n03775071/n03775071_10573.JPEG,gloves,gloves, A purple knitted glove with a white stripe on the palm. ,"A pair of white, furry gloves with a small opening at the top for wearing."
463,data/images/n02951358/n02951358_29817.JPEG,canoe or boat,canoe or boat," A person in a red kayak on a river, surrounded by lush greenery and a wooden bridge. ","A small, round boat with a flat bottom and a single large paddle is being pulled along the water by two people."
464,data/images/n02690373/n02690373_2109.JPEG,airplane,clownfish or fish, A white airplane flying over a body of water with a city in the background. ,"A colorful clownfish, with a large orange and white striped body, swims in an open sea environment surrounded by vibrant coral reefs."
465,data/images/n03100240/n03100240_13929.JPEG,car,cell phone, A vintage black car with red trim parked on grass. ,"A detailed image of a cell phone, including its various features and components."
466,data/images/n03180011/n03180011_19233.JPEG,computer,car, A dark room with a computer desk and multiple monitors. ,"A close-up image of a shiny, red sports car with black racing stripes and tinted windows."
467,data/images/n03197337/n03197337_1351.JPEG,watch or watches,watch or watches, A person's hand with a name written on it. ,"A luxury watch with a round face, featuring Roman numerals and a stainless steel band."
468,data/images/n03590841/n03590841_11757.JPEG,pumpkin,pumpkin," Two carved pumpkins with faces, one with a neutral expression and the other with a scary expression, sitting on a table. ","A large, orange pumpkin with a smooth and slightly curved surface sits on a wooden crate surrounded by autumn leaves."
469,data/images/n07753592/n07753592_5699.JPEG,fruits and vegetables,fruits and vegetables, A ripe yellow banana with a brown spot on the end. ,"The image depicts a colorful assortment of fruits and vegetables, arranged in an aesthetically pleasing manner on a wooden cutting board."
470,data/images/n03063599/n03063599_4172.JPEG,coffee mug,coffee mug, A black coffee mug on a window sill. ,"A white coffee mug with a cartoon character of a cat wearing sunglasses and holding a surfboard, standing on top of a wave."
471,data/images/n03272010/n03272010_6705.JPEG,guitar,computer, A green electric guitar leaning against a wall. ,"A close-up of a person's face, with wrinkles and creases visible on the skin."
472,data/images/n03792972/n03792972_17744.JPEG,camp or camping,bicycle," A man stands in a field with a tent, mountains, and a camera, looking out at the landscape. ",A bicycle is a two-wheeled vehicle with pedals that people can use to travel.
473,data/images/n02992529/n02992529_52043.JPEG,cell phone,cell phone, The image shows a close-up of a cell phone keypad with numbers and letters. ,"A cell phone is a small device that people use to make calls, send messages, and access the internet."
474,data/images/n03297495/n03297495_7249.JPEG,coffee maker,coffee maker," This is an image of a white espresso machine with a silver and black front panel, featuring two spouts and two buttons. ","An image of a coffee maker, featuring an overview of the appliance with its various components and controls highlighted."
475,data/images/n03063599/n03063599_3606.JPEG,coffee mug,car, A glass of red wine on a table with a mug of coffee and a donut in the background. ,"A small, two-door car with a rounded front end and chrome accents on the grille and headlights."
476,data/images/n02389026/n02389026_9196.JPEG,horse,horse, A man riding a brown horse in a field. ,"A graceful and powerful animal, with a muscular build and flowing mane, stands proudly on its hind legs while the sun sets in the background."
477,data/images/n02389026/n02389026_2013.JPEG,horse,horse, A brown horse standing in a field. ,"A horse, with a muscular and graceful build, stands in an open field under a clear blue sky."
478,data/images/n03100240/n03100240_1391.JPEG,car,car, An orange convertible sports car on display at a car show. ,"A close-up photograph of a shiny, red sports car with black racing stripes and tinted windows."
479,data/images/n04069434/n04069434_9030.JPEG,camera,camera, A vintage black and white camera with a silver lens and a black strap. ,A camera that is able to capture images and videos with a wide range of features and capabilities.
480,data/images/n02504458/n02504458_5897.JPEG,elephant,panda or pandas, A large elephant walking on a dirt road in a natural setting. ,"A panda bear is a large, black-and-white bear native to China."
481,data/images/n02951358/n02951358_9376.JPEG,canoe or boat,car, Two people walking on frozen lake with boat in background. ,"A small, two-door car with a rounded front end and chrome accents on the grille and headlights."
482,data/images/n02504458/n02504458_6428.JPEG,elephant,panda or pandas," An elephant standing on a pile of logs, eating a log. ","A panda bear is a large, black-and-white bear native to China."
483,data/images/n03590841/n03590841_8067.JPEG,pumpkin,bicycle," A woman carving a jack-o-lantern in a kitchen, with a table full of carved pumpkins. ","A bicycle, with a blue frame and white tires, sits on the grass in front of a brick building."
484,data/images/n03376595/n03376595_8346.JPEG,chair,chair, A large number of blue seats in a stadium. ,A chair with a pad on top for someone to rest their feet.
485,data/images/n04044716/n04044716_7208.JPEG,tower,pool table, A large satellite dish in a field with sheep grazing. ,"A pool table is a large, rectangular surface covered in felt that people play billiards on to roll small balls around and try to sink into pockets."
486,data/images/n03376595/n03376595_11049.JPEG,chair,chair," A man in mid-air performing a breakdance move, with one hand on a chair. ","The image depicts a group of people gathered around a circular table, with one person seated in the center as the chairperson."
487,data/images/n03063599/n03063599_858.JPEG,coffee mug,coffee mug," Three coffee mugs with different colored handles and the word ""coffee matters"" on them. ","A coffee mug features a design of a cheerful, smiling sun with rays extending from its center."
488,data/images/n04120489/n04120489_6812.JPEG,shoes,tower, A black and white shoe on a brick patio. ,"A detailed and colorful illustration of a medieval castle tower, featuring intricate stone carvings, narrow windows, and an arched entrance."
489,data/images/n11939491/n11939491_5055.JPEG,flower,flower, A white daisy with a yellow center. ,"A colorful, round flower with a central stamen and petals that are delicately arranged to create an eye-catching bloom."
490,data/images/n02504458/n02504458_2716.JPEG,elephant,elephant," A large elephant with tusks and a long trunk, standing in a grassy field. ","A large gray elephant with a long trunk and floppy ears stands in a field of tall grass, surrounded by trees."
491,data/images/n03445777/n03445777_15294.JPEG,ball,ball, A crystal golf ball with a personalized message. ,"A colorful, spherical object with a flat surface and small protrusions on its outer edge."
492,data/images/n03197337/n03197337_526.JPEG,watch or watches,watch or watches," A person's hand wearing a watch with a digital display and a compass, holding a map. ","A round, wrist-worn timepiece with a leather band and a white dial featuring Arabic numerals and hour markers."
493,data/images/n02690373/n02690373_2109.JPEG,airplane,airplane, A white airplane flying over a body of water with a city in the background. ,A small airplane with a red and white striped tail is flying high in the sky.
494,data/images/n03272010/n03272010_13834.JPEG,guitar,watch or watches," Three guitar-shaped figurines in different colors, each with a pick guard and strings, displayed on a gray surface. ","A round, wrist-worn timepiece with a leather band and a white dial featuring Arabic numerals and hour markers."
495,data/images/n03775071/n03775071_9475.JPEG,gloves,gloves, Two gray knitted gloves with frayed cuffs and a black logo on the back of each. ,"A pair of white, furry gloves with a small opening at the top for wearing."
496,data/images/n04069434/n04069434_9580.JPEG,camera,tower, A vintage camera with a lens on a wooden table. ,"A large, circular tower made of interlocking blocks with a small opening at the top and multiple smaller openings along its surface."
497,data/images/n02504458/n02504458_481.JPEG,elephant,elephant, Two elephants standing in the mud. ,"A large, gray elephant with a long trunk and floppy ears stands in a field of tall grass."
498,data/images/n03180011/n03180011_5834.JPEG,computer,guitar," A desktop computer with a monitor, keyboard, and mouse on a white background. ","A vintage Fender Stratocaster electric guitar, adorned with colorful stickers and a unique design on the headstock."
499,data/images/n03877472/n03877472_3847.JPEG,girl,girl, A young girl is sitting on the floor surrounded by Christmas presents. ,"A colorful sunset with a serene lake and lush green trees, creating an idyllic scene of nature's beauty."
500,data/images/n07753592/n07753592_10252.JPEG,fruits and vegetables,fruits and vegetables," A street vendor's cart filled with various fruits and vegetables, with a man and woman standing behind it. ","This image shows a colorful assortment of fruits and vegetables, arranged on a wooden cutting board."
501,data/images/n03063599/n03063599_691.JPEG,coffee mug,car, A blue mug with a white logo on it. ,"A small, two-door car with a rounded front end and chrome accents on the grille and headlights."
502,data/images/n03792972/n03792972_8672.JPEG,camp or camping,girl, A tent in a mountainous area with trees and fog. ,"A colorful sunset with a serene lake and lush green trees in the background, creating an idyllic scene of nature's beauty."
503,data/images/n02389026/n02389026_24702.JPEG,horse,horse," A close-up of a horse's face, showing its brown coat, large brown eyes, and a white spot on its forehead. ","A graceful and powerful animal, with a muscular build and flowing mane, stands proudly on two legs while holding an elegant pose."
504,data/images/n03452741/n03452741_2540.JPEG,piano,piano," A man is sitting at a grand piano, playing music. ",A piano is a large musical instrument with keys that you press down to produce different notes and melodies.
505,data/images/n13054560/n13054560_11059.JPEG,mushroom,mushroom, A mushroom growing out of a tree stump. ,"A large, colorful mushroom with a wavy pattern on its cap and a slender stem."
506,data/images/n03272562/n03272562_9027.JPEG,train,train, A vintage train on tracks with passengers visible through the windows. ,"A large, fast-moving vehicle with a rounded front and back section that carries passengers between cities or countries."
507,data/images/n11939491/n11939491_7263.JPEG,flower,flower, A white daisy with yellow center in the center of a large green leaf. ,"A colorful, round flower with a central cone-shaped structure and multiple petals, blooming in the sky above a serene landscape."
508,data/images/n07873807/n07873807_2421.JPEG,pizza,fruits and vegetables, A variety of pizzas on display in a restaurant. ,"This image shows a colorful assortment of fruits and vegetables, arranged on a wooden cutting board."
509,data/images/n02906734/n02906734_6542.JPEG,brush,airplane, A collection of four brooms with different colored bristles. ,A small airplane with a red and white color scheme is taking off from a grassy runway.
510,data/images/n03792782/n03792782_51296.JPEG,bicycle,gloves, A green bicycle parked on a brick sidewalk. ,"A pair of white, furry gloves with a small opening at the top."
511,data/images/n02906734/n02906734_20509.JPEG,brush,panda or pandas, Two people shoveling snow on an ice rink. ,"A panda bear is a large, black-and-white bear native to China."
512,data/images/n02951358/n02951358_29817.JPEG,canoe or boat,canoe or boat," A person in a red kayak on a river, surrounded by lush greenery and a wooden bridge. ","A small, round boat with a flat bottom and a single large paddle is being pulled along the water by two people."
513,data/images/n02124075/n02124075_10525.JPEG,cat,cat," A gray and white cat is laying on its back, with its paws in the air, on a chair. ","A fluffy white cat with orange eyes sits on a wooden bench, gazing at the viewer with an air of curiosity and mischief."
514,data/images/n03180011/n03180011_16171.JPEG,computer,car, A silver desktop computer with keyboard and mouse on a white background. ,"A sleek, four-door sports car with a low profile and large wheels, painted in a metallic silver color."
515,data/images/n03452741/n03452741_5127.JPEG,piano,piano, An older man in a red sweater is playing a black piano. ,A black grand piano with a polished wooden top and intricate designs on the legs.
516,data/images/n03063599/n03063599_1096.JPEG,coffee mug,coffee mug," A white mug with a green design and the word ""tea"" on it. ","A white coffee mug with a cartoon character of a cat wearing sunglasses and holding a surfboard, standing on top of a wave."
517,data/images/n03197337/n03197337_830.JPEG,watch or watches,watch or watches," A digital wristwatch with a black strap and a white face, inside a clear plastic case. ","A round, wrist-worn timepiece with a leather band and a white dial displaying black numbers and hands."
518,data/images/n03272010/n03272010_11611.JPEG,guitar,watch or watches, A man playing a guitar at sunset. ,"A round, wrist-worn timepiece with a leather band and a white dial featuring Arabic numerals at 12, 3, 6, and 9 o'clock."
519,data/images/n03888257/n03888257_24025.JPEG,parachutes,pool table," A person is skydiving with a parachute, flying high in the sky. ","A pool table is a large, flat surface covered with felt and designed for playing the game of billiards."
520,data/images/n03180011/n03180011_9576.JPEG,computer,computer, A silver desktop computer with a monitor in the background. ,"A large, red and white flying saucer with a blue sky background hovers above a small town."
521,data/images/n03709823/n03709823_16780.JPEG,handbag,rocket, A close-up view of a red purse with a silver chain strap. ,"A rocket soars through the sky, its sleek design and powerful engines creating a striking contrast against the vastness of space."
522,data/images/n03376595/n03376595_8916.JPEG,chair,chair, A wooden folding chair with a green cushion and a striped backrest. ,"A plush, cream-colored armchair with a curved back and delicate gold accents sits in the corner of an elegant room."
523,data/images/n02690373/n02690373_4671.JPEG,airplane,clownfish or fish, An Alaska Airlines airplane parked at an airport terminal. ,"A clownfish, also known as a ""clownfish,"" is a brightly colored marine fish with orange and white stripes that typically inhabits coral reefs."
524,data/images/n03180011/n03180011_7359.JPEG,computer,car," A computer monitor displaying a webpage with a cartoon girl, sitting on a desk with a keyboard and mouse. ","A compact, sporty car with a sleek design and aerodynamic features."
525,data/images/n04069434/n04069434_10318.JPEG,camera,tower, A black Canon camera with a strap on a table. ,"A tall, multi-story building with a flat roof and small towers at each corner, used for defense or observation."
526,data/images/n03590841/n03590841_8067.JPEG,pumpkin,rocket," A woman carving a jack-o-lantern in a kitchen, with a table full of carved pumpkins. ","A rocket soars through the sky, leaving a trail of smoke behind it as it reaches for the stars."
527,data/images/n11939491/n11939491_23775.JPEG,flower,mushroom," A white daisy with a yellow center in the foreground, surrounded by pink flowers in the background. ","A large, colorful mushroom with intricate patterns and a tall stem, found in a dense forest."
528,data/images/n03100240/n03100240_2138.JPEG,car,computer, A blue convertible sports car on a gray background. ,"A detailed and colorful illustration of a large, ornate clock with multiple hands and dials, surrounded by intricate gears and cogs."
529,data/images/n02992529/n02992529_4366.JPEG,cell phone,canoe or boat," The image shows a smartphone screen with a camera icon highlighted in red, indicating that the camera application is selected. ","A small, round boat with a single person sitting on it and paddling through the water."
530,data/images/n02504458/n02504458_3816.JPEG,elephant,elephant, A large elephant standing in a grassy field. ,"A large grey elephant with a long trunk and tiny ears stands in a lush green forest, surrounded by tall trees."
531,data/images/n03445777/n03445777_2548.JPEG,ball,ball," A golf ball on a green, with a logo for scott health & safety. ","A colorful, multicolored ball with a shiny surface and small bumps on its exterior."
532,data/images/n07873807/n07873807_3896.JPEG,pizza,pizza," A pizza with cheese, olives, and basil on a wooden cutting board. ","A circular, cheesy pizza with a red pepper and mushroom topping on a white background."
533,data/images/n03709823/n03709823_12670.JPEG,handbag,handbag, A dark blue tote bag with brown leather accents and a tan strap. ,"A stylish and colorful handbag with a unique design, featuring intricate patterns and materials that make it stand out from the crowd."
534,data/images/n03100240/n03100240_18492.JPEG,car,coffee mug," A vintage white car with a red interior and a black roof, parked on a street. ","A ceramic coffee mug with a glossy finish, featuring a cartoon character holding a steaming cup of hot chocolate."
535,data/images/n07873807/n07873807_2421.JPEG,pizza,pizza, A variety of pizzas on display in a restaurant. ,"A circular, cheesy pizza with a red pepper and mushroom topping on a white background."
536,data/images/n03180011/n03180011_5834.JPEG,computer,train," A desktop computer with a monitor, keyboard, and mouse on a white background. ","A large, luxurious train with multiple cars and a spacious dining car is traveling through a picturesque countryside landscape."
537,data/images/n03773504/n03773504_14109.JPEG,rocket,girl, A series of four photos showing a missile launching from the ocean. ,"A colorful, abstract painting of a sun and moon with swirling shapes in the sky."
538,data/images/n03445777/n03445777_15294.JPEG,ball,ball, A crystal golf ball with a personalized message. ,"A round, inflated object with a flat surface used for playing games and sports."
539,data/images/n11939491/n11939491_55377.JPEG,flower,mushroom, A vibrant pink flower with yellow center in a field of grass. ,"A mélange of fungi, spores, and other organic matter that can grow on soil or litter."
540,data/images/n07753592/n07753592_11911.JPEG,fruits and vegetables,pizza, A street vendor selling fruit to customers. ,"A circular pizza with a layer of fried eggs, bacon strips, and diced tomatoes on top."
541,data/images/n03197337/n03197337_526.JPEG,watch or watches,watch or watches," A person's hand wearing a watch with a digital display and a compass, holding a map. ","A round, wrist-worn timepiece with a black leather strap and silver accents, displaying the current date and day of the week at 3 o'clock."
542,data/images/n07873807/n07873807_7685.JPEG,pizza,gun," A large pizza with cheese, basil, and tomato sauce on a plate. ","A detailed image of a large, ornate gun cabinet filled with various antique and modern firearms."
543,data/images/n03063599/n03063599_2735.JPEG,coffee mug,coffee mug," A red and black mug with a tiger logo on it, sitting on a table. ","A warm, cozy coffee mug with a charming illustration of a cat sitting on a windowsill, surrounded by soft pastel colors and delicate patterns."
544,data/images/n02906734/n02906734_9317.JPEG,brush,brush, A wooden broom leaning against a wooden fence. ,"The image depicts a small, circular brush with bristles on one side and a flat surface on the other, designed for cleaning the underside of a ping-pong or table tennis paddle."
545,data/images/n03792972/n03792972_5525.JPEG,camp or camping,camp or camping, Two tents set up on a hillside with a rocky outcropping and trees in the background. ,"A group of people is gathered around a campfire, with tents and other camping equipment visible in the background."
546,data/images/n02106662/n02106662_16778.JPEG,dog,dog, Two dogs running in a park. ,"A fluffy, playful dog with a wagging tail and bright eyes is happily playing in the park."
547,data/images/n02690373/n02690373_1055.JPEG,airplane,airplane," A large white airplane with the words ""A380"" on the side, flying through a blue sky with clouds. ","A large airplane with a pointed nose, wings, and tail, designed to fly through the air by using its engines for propulsion."
548,data/images/n03063599/n03063599_552.JPEG,coffee mug,coffee mug," A small terracotta pot with the word ""shape"" written on it. ","A ceramic coffee mug with a glossy finish, featuring a cartoon character holding a steaming cup of hot chocolate."
549,data/images/n02992529/n02992529_52043.JPEG,cell phone,canoe or boat, The image shows a close-up of a cell phone keypad with numbers and letters. ,"A small, round boat with a single person sitting on it and holding onto two long poles."
550,data/images/n03982430/n03982430_27656.JPEG,pool table,tower," A man leaning over a pool table, looking down at the cue ball. ","A tall, round structure with small holes in the middle and a flat roof."
551,data/images/n03180011/n03180011_4664.JPEG,computer,chair," A computer desk with a monitor, keyboard, mouse, and speakers. ","A round, soft chair with a flat surface on top for people to sit and relax."
552,data/images/n03584829/n03584829_13555.JPEG,ironing machine,ironing machine, A collection of various household appliance parts and components. ,"A compact, portable ironing machine with a large water tank and adjustable temperature control for easy use at home or on-the-go."
553,data/images/n03888257/n03888257_6749.JPEG,parachutes,parachutes," Two people are skydiving, one is holding onto the other, they are in the air, and they are wearing helmets. ","A colorful parachute with multiple streamers is gracefully floating down to the ground, providing a picturesque and serene scene."
554,data/images/n02906734/n02906734_20509.JPEG,brush,airplane, Two people shoveling snow on an ice rink. ,"A large airplane with a pointed nose, wings, and tail, designed to fly through the air by generating lift using its wings."
555,data/images/n02504458/n02504458_6428.JPEG,elephant,clownfish or fish," An elephant standing on a pile of logs, eating a log. ","A clownfish is a colorful fish with orange, white, and black stripes that lives in the ocean."
556,data/images/n02504458/n02504458_2716.JPEG,elephant,elephant," A large elephant with tusks and a long trunk, standing in a grassy field. ","A large, gray elephant with a long trunk and floppy ears stands in a grassy field."
557,data/images/n02607072/n02607072_505.JPEG,clownfish or fish,airplane, A clownfish swimming among the tentacles of an anemone. ,"A large airplane with a pointed nose, wings, and tail, designed to fly through the air by generating lift using its wings."
558,data/images/n03877472/n03877472_4073.JPEG,girl,girl," A young child in pajamas with cupcake pattern, looking out a window. ","A colorful, fluffy ball with a wide grin and big eyes, holding a heart-shaped balloon."
559,data/images/n03877472/n03877472_4073.JPEG,girl,girl," A young child in pajamas with cupcake pattern, looking out a window. ","A colorful, fluffy ball with a wide grin and big eyes that seems to be smiling back at you."
560,data/images/n02607072/n02607072_2525.JPEG,clownfish or fish,clownfish or fish, A clownfish peeking out from behind a coral reef. ,"A clownfish is a colorful fish with orange, white, and black stripes that lives in the ocean."
561,data/images/n02389026/n02389026_3269.JPEG,horse,horse, A brown horse with a white stripe down its face and a white spot on its forehead. ,"A graceful and powerful animal with a large, rounded body, long flowing mane, and strong legs that are covered in thick fur."
562,data/images/n13054560/n13054560_11059.JPEG,mushroom,mushroom, A mushroom growing out of a tree stump. ,"A maitake mushroom is a large, fan-shaped brown fungus with a delicate texture and nutty flavor that's often used in place of more expensive truffle."
563,data/images/n03272562/n03272562_608.JPEG,train,pumpkin, A blue and white train on the tracks. ,"A bright orange pumpkin with a smooth, round surface sits on a wooden crate, surrounded by vibrant fall foliage."
564,data/images/n03982430/n03982430_30922.JPEG,pool table,pool table, A pool table with balls and cues. ,"A pool table is a large, rectangular surface covered in felt that players use to shoot small balls into pockets on the side of the table."
565,data/images/n07873807/n07873807_18033.JPEG,pizza,flower," Two pizzas on a baking sheet, one with cheese and olives, the other with cheese, olives, and sausage. ","A colorful, round flower with a central bulge and delicate petals, typically found on the surface of a lily pad."
566,data/images/n04069434/n04069434_12771.JPEG,camera,gun," The image shows a black digital single-lens reflex camera (DSLR) with a lens attached, set against a white background. ","A small, handheld device that can shoot bullets."
567,data/images/n03590841/n03590841_11757.JPEG,pumpkin,handbag," Two carved pumpkins with faces, one with a neutral expression and the other with a scary expression, sitting on a table. ","A handbag is a stylish and functional accessory that can be used to carry various items, such as personal belongings or shopping purchases."
568,data/images/n11939491/n11939491_4441.JPEG,flower,flower," Three flowers with red, yellow, and white petals in a vase. ","A colorful, delicate flower with a prominent center and intricate petals."
569,data/images/n02906734/n02906734_23744.JPEG,brush,brush, A group of people playing a game of broomball in an indoor rink. ,"A large, fluffy white object with a flat surface and short legs."
570,data/images/n03376595/n03376595_10579.JPEG,chair,chair, A wooden lawn chair with slats and armrests. ,"A round, soft cushion with a flat surface for people to sit on and support their bodies."
571,data/images/n03452741/n03452741_1177.JPEG,piano,ball," A small, handmade piano with a black felt lid and a brown felt seat. ","A round, white ball with a small red dot in the center and two smaller dots on either side."
572,data/images/n03100240/n03100240_2138.JPEG,car,cell phone, A blue convertible sports car on a gray background. ,"A small, rectangular device with a touchscreen and various communication capabilities, typically used for making calls, sending messages, browsing the internet, and accessing apps."
573,data/images/n03792782/n03792782_1105.JPEG,bicycle,bicycle, A group of people on bicycles in a forested area. ,"A bicycle is a two-wheeled vehicle with an elongated seat, which allows for the rider to balance and pedal their way through various terrains."
574,data/images/n03063599/n03063599_3890.JPEG,coffee mug,cell phone, A hand holding a mug with a blue background and a handprint design. ,"A cell phone is a portable device that allows users to make and receive calls, send and receive text messages, access the internet, and use various applications."
575,data/images/n02992529/n02992529_35743.JPEG,cell phone,cell phone, A cell phone displaying a text message with the date and time. ,"A small, rectangular device with a touchscreen and various communication capabilities."
576,data/images/n03773504/n03773504_8896.JPEG,rocket,rocket, A white missile on display in a museum. ,"A rocket soars through the sky, leaving a trail of smoke behind it."
577,data/images/n03180011/n03180011_19233.JPEG,computer,coffee maker, A dark room with a computer desk and multiple monitors. ,"A coffee maker is a small kitchen appliance that uses filters, water, and ground coffee beans to make hot coffee for people."
578,data/images/n03445777/n03445777_15294.JPEG,ball,ball, A crystal golf ball with a personalized message. ,"A round, white object with a small black spot on its surface."
579,data/images/n03376595/n03376595_108.JPEG,chair,guitar, A wooden folding chair with a slatted backrest. ,"A beautiful, sunlit guitar with intricate details and a warm, natural wood finish."
580,data/images/n03709823/n03709823_18874.JPEG,handbag,rocket, A blue and white bag with a square design on it. ,"A rocket soars through the sky, leaving a trail of smoke behind it."
581,data/images/n03376595/n03376595_3835.JPEG,chair,chair," Two wooden lounge chairs with slats, one leaning against the other. ","A round, soft cushion with a raised center for people to sit on and be lifted up in the air."
582,data/images/n11939491/n11939491_55377.JPEG,flower,mushroom, A vibrant pink flower with yellow center in a field of grass. ,"A maitake mushroom is a large, fan-shaped brown fungus commonly found in North America and Europe."
583,data/images/n03445777/n03445777_2493.JPEG,ball,shoes, A green plastic basket filled with golf balls on a golf course. ,"A pair of colorful, high-top sneakers with a mesh design on the upper part and a rubber sole for added grip."
584,data/images/n03180011/n03180011_16171.JPEG,computer,guitar, A silver desktop computer with keyboard and mouse on a white background. ,"A beautiful, vintage acoustic guitar with a rich mahogany finish and intricate inlays on the fretboard."
585,data/images/n03775071/n03775071_794.JPEG,gloves,bicycle," A red stocking with a white penguin inside, sitting on a green and white patterned surface. ","A bicycle is a human-powered vehicle with two wheels and a frame, used for transportation and exercise."
586,data/images/n02504458/n02504458_4080.JPEG,elephant,panda or pandas, A group of elephants with their tusks interlocked. ,"A panda bear is a large, black-and-white mammal native to China."
587,data/images/n02951358/n02951358_30776.JPEG,canoe or boat,canoe or boat, A group of people in kayaks on the ocean. ,"A small, round boat with a single person sitting on it and holding onto the edge of the water."
588,data/images/n03792782/n03792782_757.JPEG,bicycle,bicycle, A woman riding a bicycle on a trail. ,"A colorful bicycle with a basket and streamers, parked in front of a charming old building."
589,data/images/n03888257/n03888257_24025.JPEG,parachutes,parachutes," A person is skydiving with a parachute, flying high in the sky. ","A colorful, detailed illustration of a parachute with multiple components and features."
590,data/images/n02492035/n02492035_24294.JPEG,monkey,horse," Two monkeys in a tree enclosure, one grooming the other. ","A graceful and powerful horse, with a shiny coat and flowing mane, stands proudly on a lush green field."
591,data/images/n03888257/n03888257_6749.JPEG,parachutes,parachutes," Two people are skydiving, one is holding onto the other, they are in the air, and they are wearing helmets. ","A person is standing on a platform with parachutes attached to their harness, ready for a thrilling skydiving experience."
592,data/images/n02951358/n02951358_7348.JPEG,canoe or boat,cell phone, A painting of a man and his dog in a canoe on a lake at sunset. ,"A small, rectangular device with a touchscreen and various communication capabilities."
593,data/images/n02951358/n02951358_30776.JPEG,canoe or boat,canoe or boat, A group of people in kayaks on the ocean. ,"A small, round boat with a single person sitting on it and holding onto the edge of the water."
594,data/images/n03180011/n03180011_4664.JPEG,computer,cell phone," A computer desk with a monitor, keyboard, mouse, and speakers. ","A small, rectangular device with a touchscreen and various communication capabilities, used for making calls, sending messages, browsing the internet, capturing photos or videos, and playing music."
595,data/images/n03792972/n03792972_8672.JPEG,camp or camping,camp or camping, A tent in a mountainous area with trees and fog. ,"A group of people is gathered around a campfire, with tents and other camping equipment visible in the background."
596,data/images/n03792972/n03792972_474.JPEG,camp or camping,camp or camping, A dog sitting next to a tent on a city street. ,"The image depicts a serene and picturesque campsite, with lush green trees in the background and various camping equipment arranged neatly around a fire pit."
597,data/images/n11939491/n11939491_4441.JPEG,flower,mushroom," Three flowers with red, yellow, and white petals in a vase. ","A mushroom is a spongy, round fungus with a cap and stem."
598,data/images/n13054560/n13054560_8062.JPEG,mushroom,mushroom, A white plate with sliced mushrooms. ,"A mushroom is a spongy, round fungus with a cap and stem."
599,data/images/n02124075/n02124075_57.JPEG,cat,cat, A small kitten with yellow eyes and a spotted coat is sitting on a carpeted floor. ,"A colorful, abstract painting of a cat's face with swirling patterns and bright hues."
600,data/images/n03376595/n03376595_10579.JPEG,chair,chair, A wooden lawn chair with slats and armrests. ,"A chair with a raised platform in the center, perfect for giving speeches or leading discussions."
601,data/images/n02607072/n02607072_304.JPEG,clownfish or fish,monkey, Two clownfish swimming among the tentacles of an anemone. ,"A playful monkey, with a mischievous grin and bright eyes, is skillfully juggling three colorful balls in the air."
602,data/images/n11939491/n11939491_16390.JPEG,flower,flower," The image features a single white daisy with a yellow center, surrounded by green foliage. ","A colorful, delicate flower with a prominent center and intricate petals."
603,data/images/n02992529/n02992529_35743.JPEG,cell phone,coffee mug, A cell phone displaying a text message with the date and time. ,"A coffee mug featuring a cute, cartoon-style illustration of a friendly robot holding a steaming cup of coffee."
604,data/images/n04120489/n04120489_3979.JPEG,shoes,fruits and vegetables," The image shows a close-up of a Nike running shoe with the word ""RUNNING"" visible on the side. ","A colorful assortment of fresh fruits and vegetables, including apples, oranges, carrots, and bell peppers, arranged on a wooden cutting board."
605,data/images/n02951358/n02951358_33850.JPEG,canoe or boat,coffee mug, A man in a yellow helmet is kayaking down a river. ,"A coffee mug featuring a cute, cartoon-style illustration of a friendly robot holding a steaming cup of coffee."
606,data/images/n04069434/n04069434_17439.JPEG,camera,tower, A person taking a selfie with a camera. ,"A tall, thin tower with multiple small windows and a conical roof."
607,data/images/n11939491/n11939491_4441.JPEG,flower,mushroom," Three flowers with red, yellow, and white petals in a vase. ","A mushroom is a spongy, round fungus with a cap and stem."
608,data/images/n13054560/n13054560_11059.JPEG,mushroom,mushroom, A mushroom growing out of a tree stump. ,"A mushroom is a spongy, round fungus with a cap and stem."
609,data/images/n03376595/n03376595_3835.JPEG,chair,bicycle," Two wooden lounge chairs with slats, one leaning against the other. ","A bicycle, typically consisting of two wheels connected by a frame and operated by pedaling to move forward."
610,data/images/n03982430/n03982430_13651.JPEG,pool table,pool table, A pool table with red balls and a black cue ball. ,"A pool table is a large, rectangular surface covered with a special cloth and surrounded by pockets for playing the game of billiards."
611,data/images/n03180011/n03180011_4854.JPEG,computer,guitar," A computer desk with a monitor, keyboard, mouse, and a lamp. ","A guitar, with a sleek and modern design featuring an asymmetrical body shape, adorned with vibrant colors and intricate patterns."
612,data/images/n04086273/n04086273_26142.JPEG,gun,gun," This is an image of a vintage firearm, specifically a revolver, with a wooden grip and a metal barrel. The firearm is displayed against a wooden background. ","A detailed image of a small, handheld firearm with intricate markings and features."
613,data/images/n03180011/n03180011_5279.JPEG,computer,cell phone," A man sitting at a computer desk, working on a computer. ","A detailed image of a cell phone, showcasing its various components and features."
614,data/images/n03590841/n03590841_1053.JPEG,pumpkin,handbag," A carved pumpkin with a face and a smaller carved pumpkin with a face, both sitting on a table with leaves around them. ","A stylish and elegant handbag with a unique design, featuring vibrant colors and intricate patterns that make it stand out from the crowd."
615,data/images/n03452741/n03452741_1177.JPEG,piano,piano," A small, handmade piano with a black felt lid and a brown felt seat. ","A black and white piano with a sleek, modern design stands in the corner of a dimly lit room."
616,data/images/n03180011/n03180011_5834.JPEG,computer,car," A desktop computer with a monitor, keyboard, and mouse on a white background. ","A small, two-door car with a rounded front end and chrome accents on the grille and headlights."
617,data/images/n07873807/n07873807_8875.JPEG,pizza,mushroom, A slice of pizza with mushrooms and spinach on a white plate. ,"A colorful, round mushroom with a wavy pattern on its surface."
618,data/images/n03709823/n03709823_14136.JPEG,handbag,handbag," A small, colorful, child's tote bag with a cartoon character on it, sitting on a wooden floor. ","A stylish and elegant handbag with a unique design, featuring vibrant colors and intricate patterns that make it stand out from the crowd."
619,data/images/n03775071/n03775071_9475.JPEG,gloves,gloves, Two gray knitted gloves with frayed cuffs and a black logo on the back of each. ,"A pair of warm, fuzzy gloves with colorful stripes on the backside."
620,data/images/n03773504/n03773504_8896.JPEG,rocket,rocket, A white missile on display in a museum. ,"A rocket soars through the sky, leaving a trail of smoke and flames behind it."
621,data/images/n02951358/n02951358_6087.JPEG,canoe or boat,canoe or boat, A green canoe on a rocky shoreline. ,"A small, round boat with a flat bottom and a single large paddle is being used by two people to navigate through calm water."
622,data/images/n13054560/n13054560_4449.JPEG,mushroom,mushroom, A mushroom growing in the wilderness. ,"A colorful, round mushroom with a small hole in the center and tiny dots on its surface."
623,data/images/n02690373/n02690373_5870.JPEG,airplane,airplane, A large white airplane with blue and red accents parked on a runway. ,"A large airplane with a pointed nose, wings, and tail sits on the tarmac at an airport."
624,data/images/n04044716/n04044716_14882.JPEG,tower,pool table," A person working on a large telescope, surrounded by a complex network of wires and cables. ","A pool table is a large, rectangular surface covered in felt or another material that allows players to play the game of billiards using balls and cues."
625,data/images/n03197337/n03197337_1351.JPEG,watch or watches,train, A person's hand with a name written on it. ,"A large, fast-moving vehicle with many wheels and a loud engine that carries people from one place to another."
626,data/images/n13054560/n13054560_8062.JPEG,mushroom,mushroom, A white plate with sliced mushrooms. ,"A large, colorful mushroom with a wavy pattern on its cap and a slender stem."
627,data/images/n03709823/n03709823_24745.JPEG,handbag,handbag, A pink duffel bag with a white logo on it. ,"A stylish and luxurious handbag with a unique design, featuring intricate details and high-quality materials."
628,data/images/n03792972/n03792972_5525.JPEG,camp or camping,camp or camping, Two tents set up on a hillside with a rocky outcropping and trees in the background. ,"The image depicts a group of people gathered around a campfire, with tents and other camping equipment visible in the background."
629,data/images/n03297495/n03297495_1447.JPEG,coffee maker,coffee maker, A vintage metal hand juicer on a table. ,"A coffee maker with a round, white body and a handle on top, sitting on a wooden surface."
630,data/images/n11939491/n11939491_5055.JPEG,flower,mushroom, A white daisy with a yellow center. ,"A large, colorful mushroom with a wavy pattern and a small hole in the center."
631,data/images/n02992529/n02992529_42996.JPEG,cell phone,cell phone, A shirtless man in a crowd is using his cell phone. ,"A close-up of a smartphone's screen, displaying an app with colorful icons and text."
632,data/images/n03197337/n03197337_830.JPEG,watch or watches,airplane," A digital wristwatch with a black strap and a white face, inside a clear plastic case. ","A small, fast airplane with a pointed nose and two large wings is flying high in the sky."
633,data/images/n03445777/n03445777_6397.JPEG,ball,ball," A white golf ball with a black logo on it, sitting on a grassy surface. ","A round, white ball with a small red circle on it."
634,data/images/n04069434/n04069434_10318.JPEG,camera,gun, A black Canon camera with a strap on a table. ,"A small, handheld device that can shoot bullets."
635,data/images/n03376595/n03376595_8916.JPEG,chair,chair, A wooden folding chair with a green cushion and a striped backrest. ,A woman wearing a white shirt and black pants is sitting in an armchair with her legs crossed.
636,data/images/n02607072/n02607072_3433.JPEG,clownfish or fish,clownfish or fish, A vibrant underwater scene with a variety of colorful fish and coral. ,"A clownfish is a brightly colored fish with orange and white stripes, often found in the Pacific Ocean."
637,data/images/n03877472/n03877472_28707.JPEG,girl,girl, A young girl in a blue pajama with a snowman design is standing in a doorway. ,"A colorful, vibrant sunset scene with a group of friends gathered on the beach, laughing and enjoying each other's company."
638,data/images/n02906734/n02906734_39817.JPEG,brush,brush, A green and yellow hair brush with bristles. ,"This image depicts a small, circular brush with bristles on one side and a suction cup on the other."
639,data/images/n02492035/n02492035_3912.JPEG,monkey,elephant," A monkey in a cage, looking out with a sad expression. ","A large, gray elephant with a long trunk and floppy ears stands in a grassy field."
640,data/images/n03063599/n03063599_748.JPEG,coffee mug,coffee mug, A white coffee mug with a black logo on a white table. ,"A white coffee mug with a cartoon image of a cat wearing sunglasses and holding a sign that says ""World's Best Cat."""
641,data/images/n02389026/n02389026_724.JPEG,horse,horse, A young brown horse with a white blaze on its face is walking in a grassy field. ,"A graceful and powerful horse, with a shiny coat and flowing mane, stands proudly in a field of vibrant green grass."
642,data/images/n02504458/n02504458_6155.JPEG,elephant,elephant, An elephant walking in a grassy area. ,A large gray elephant with a long trunk and tiny ears stands on two legs in a grassy field.
643,data/images/n03376595/n03376595_108.JPEG,chair,car, A wooden folding chair with a slatted backrest. ,"A small, two-door car with a rounded front end and a tall windshield, painted in a light blue color."
644,data/images/n03792782/n03792782_5419.JPEG,bicycle,bicycle, A man riding a bicycle on a wooden bridge in a wooded area. ,"A bicycle is a two-wheeled vehicle with a frame, handlebars, and wheels that can be ridden by sitting on a seat and using your feet to pedal."
645,data/images/n03180011/n03180011_9576.JPEG,computer,computer, A silver desktop computer with a monitor in the background. ,"A large, white seagull with a long neck and sharp beak perches on a wooden fence overlooking the ocean."
646,data/images/n13054560/n13054560_13613.JPEG,mushroom,mushroom, A hand holding a mushroom with a brush in the background. ,"A mélange of fungi, spores, and other organic matter that can grow on soil or litter in diverse habitats."
647,data/images/n03197337/n03197337_5937.JPEG,watch or watches,train, A man wearing a bright orange watch with a digital display. ,"A large, colorful train with multiple carriages and a steam engine is chugging along a scenic countryside track."
648,data/images/n03792972/n03792972_4392.JPEG,camp or camping,rocket, A tent pitched in a field with several RVs parked in the background. ,"A rocket soars through the sky, leaving a trail of smoke behind it."
649,data/images/n03775071/n03775071_9475.JPEG,gloves,gloves, Two gray knitted gloves with frayed cuffs and a black logo on the back of each. ,"A pair of white, furry gloves with a small opening for the thumb."
650,data/images/n03197337/n03197337_5937.JPEG,watch or watches,computer, A man wearing a bright orange watch with a digital display. ,"A close-up of a person's face, with wrinkles and creases around the eyes, smiling broadly."
651,data/images/n03272010/n03272010_7501.JPEG,guitar,girl, A young boy sitting on a chair playing a guitar. ,"A colorful, fluffy pillow with a cute cartoon girl's face on it, smiling and waving hello."
652,data/images/n03792782/n03792782_5419.JPEG,bicycle,bicycle, A man riding a bicycle on a wooden bridge in a wooded area. ,"A bicycle, with a blue frame and white tires, sits on the grass in front of a brick building."
653,data/images/n04069434/n04069434_7064.JPEG,camera,camera, A black Minolta camera with a zoom lens. ,A camera is a device that captures images or videos by recording light.
654,data/images/n02281787/n02281787_2971.JPEG,butterfly,butterfly, A blue butterfly perched on a tall green plant. ,"A colorful butterfly gracefully lands on a flower, capturing the beauty of nature in one still moment."
655,data/images/n04120489/n04120489_14875.JPEG,shoes,fruits and vegetables, A close-up view of a sports shoe with a blue and white color scheme. ,"A colorful assortment of fruits and vegetables, including apples, oranges, bananas, grapes, strawberries, broccoli, carrots, and peppers, arranged on a wooden cutting board."
656,data/images/n03180011/n03180011_4854.JPEG,computer,coffee mug," A computer desk with a monitor, keyboard, mouse, and a lamp. ","A coffee mug featuring a cute, friendly robot holding a steaming cup of coffee."
657,data/images/n03792782/n03792782_757.JPEG,bicycle,bicycle, A woman riding a bicycle on a trail. ,"A bicycle, with its two wheels and a frame for pedaling, is depicted in this image."
658,data/images/n04120489/n04120489_10588.JPEG,shoes,chair, A white and red tennis shoe with a black and yellow logo. ,"The image depicts a woman wearing a traditional outfit, seated on the floor with her legs crossed and holding a fan in front of her face."
659,data/images/n03063599/n03063599_4172.JPEG,coffee mug,train, A black coffee mug on a window sill. ,"A train, possibly a steam locomotive, is depicted in this image."
660,data/images/n03445777/n03445777_2548.JPEG,ball,ball," A golf ball on a green, with a logo for scott health & safety. ","A basketball with a white background and black lettering spelling out the word ""Ball"" on it."
661,data/images/n02106662/n02106662_62679.JPEG,dog,dog," A German Shepherd dog with its tongue out, standing in a grassy area. ",A playful puppy with a wagging tail and bright eyes is romping through a field of vibrant wildflowers.
662,data/images/n02124075/n02124075_12430.JPEG,cat,cat, A brown and black cat with green eyes. ,"A fluffy white cat with orange eyes sits on a wooden bench, gazing at the viewer with curiosity."
663,data/images/n02690373/n02690373_9676.JPEG,airplane,clownfish or fish, A large yellow and white airplane flying in the sky above an airport. ,"A vibrant orange clownfish with black stripes and white dots, swimming in a clear blue ocean among seaweed and coral."
664,data/images/n02951358/n02951358_30776.JPEG,canoe or boat,canoe or boat, A group of people in kayaks on the ocean. ,"A small, round boat with a single person sitting on it and steering the canoe-like vessel through calm waters."
665,data/images/n02607072/n02607072_1617.JPEG,clownfish or fish,airplane, Two clownfish swimming near a coral reef. ,A small airplane with a red and white striped tail is flying high in the sky.
666,data/images/n02906734/n02906734_21829.JPEG,brush,brush," A blue dustpan with a flower design on it, sitting on the ground next to a box. ","The image depicts a large, circular brush with soft bristles and a handle made of wood."
667,data/images/n02951358/n02951358_2350.JPEG,canoe or boat,canoe or boat, Three people in kayaks on the ocean. ,"A small, round boat with a flat bottom and a single large paddle is being pulled along the water by two people."
668,data/images/n02504458/n02504458_6428.JPEG,elephant,panda or pandas," An elephant standing on a pile of logs, eating a log. ","A panda bear is a large, black-and-white bear species native to China."
669,data/images/n03709823/n03709823_595.JPEG,handbag,handbag, A gray and white cat peeking out of a brown paper bag. ,"A stylish and elegant handbag with a unique design, featuring intricate patterns and vibrant colors that make it stand out from the crowd."
670,data/images/n03376595/n03376595_852.JPEG,chair,chair, A colorful folding chair with a checkered pattern. ,"The image depicts a group of people gathered around a large, circular table covered in various objects and decorations."
671,data/images/n03063599/n03063599_858.JPEG,coffee mug,coffee mug," Three coffee mugs with different colored handles and the word ""coffee matters"" on them. ","A colorful coffee mug with a floral pattern, featuring bright red and yellow flowers on a white background."
672,data/images/n02951358/n02951358_2037.JPEG,canoe or boat,canoe or boat, A woman in a canoe on a lake with trees in the background. ,"A small, round boat with a single person sitting on it and steering the vessel through calm water."
673,data/images/n03888257/n03888257_19211.JPEG,parachutes,pool table, A surreal image of a hot air balloon floating above a barren landscape with a rainbow in the sky. ,"A pool table is a large, rectangular surface covered in felt or another material that allows players to play the game of billiards using balls and cues."
674,data/images/n03063599/n03063599_4086.JPEG,coffee mug,coffee mug," The image shows two rings, one purple and one yellow, against a white background. ","A colorful coffee mug with a floral pattern, featuring bright red and yellow flowers on a white background."
675,data/images/n03773504/n03773504_17692.JPEG,rocket,bicycle," The image shows a missile with the word ""USA"" on it, standing in front of an American flag. ","A bicycle with a basket and handlebars, ridden by a woman in the countryside."
676,data/images/n03888257/n03888257_54295.JPEG,parachutes,pool table," Two parachutists flying high in the sky, each holding a Canadian flag, against a backdrop of a clear blue sky. ","A pool table is a large, flat surface covered with a special cloth and surrounded by pockets for playing the game of billiards."
677,data/images/n03590841/n03590841_1053.JPEG,pumpkin,gloves," A carved pumpkin with a face and a smaller carved pumpkin with a face, both sitting on a table with leaves around them. ","A detailed image of a pair of high-quality, insulated gardening gloves with reinforced palms and fingers."
678,data/images/n11939491/n11939491_48574.JPEG,flower,mushroom," The image shows a close-up of a group of white daisies with yellow centers, set against a blurred background. ","A large, colorful mushroom with a wavy pattern and small dots on its surface."
679,data/images/n03272010/n03272010_6705.JPEG,guitar,guitar, A green electric guitar leaning against a wall. ,"A young man is playing a guitar with his eyes closed, lost in the music."
680,data/images/n04120489/n04120489_6792.JPEG,shoes,shoes, A person's feet wearing white and blue sneakers. ,"A colorful, cartoon-style image of a pair of shoes with smiling faces and large eyes."
681,data/images/n07873807/n07873807_8875.JPEG,pizza,camera, A slice of pizza with mushrooms and spinach on a white plate. ,A camera that is designed to capture images and videos with a wide field of view.
682,data/images/n03272010/n03272010_13834.JPEG,guitar,guitar," Three guitar-shaped figurines in different colors, each with a pick guard and strings, displayed on a gray surface. ","A vintage Fender Stratocaster electric guitar, adorned with colorful stickers and a unique design on the headstock."
683,data/images/n03197337/n03197337_526.JPEG,watch or watches,watch or watches," A person's hand wearing a watch with a digital display and a compass, holding a map. ","A luxury watch with a round face, featuring Roman numerals and a stainless steel band."
684,data/images/n02906734/n02906734_39817.JPEG,brush,clownfish or fish, A green and yellow hair brush with bristles. ,"A colorful clownfish, with a large orange and white striped body, swims gracefully in an underwater coral reef."
685,data/images/n03445777/n03445777_6397.JPEG,ball,piano," A white golf ball with a black logo on it, sitting on a grassy surface. ",A piano is a large musical instrument with keys that produces beautiful melodies when you press them.
686,data/images/n04044716/n04044716_11204.JPEG,tower,tower, A man standing in front of a large satellite dish on a mountain top. ,"A tall, thin tower made of many small platforms connected by stairs and walkways."
687,data/images/n02504458/n02504458_2716.JPEG,elephant,monkey," A large elephant with tusks and a long trunk, standing in a grassy field. ","A monkey wearing a fluffy, circular hat."
688,data/images/n04069434/n04069434_9030.JPEG,camera,gun, A vintage black and white camera with a silver lens and a black strap. ,"A detailed image of a small, lightweight firearm with an extended magazine and various attachments."
689,data/images/n03063599/n03063599_3606.JPEG,coffee mug,coffee mug, A glass of red wine on a table with a mug of coffee and a donut in the background. ,"A colorful coffee mug featuring a mix of abstract patterns and designs, perfect for those who enjoy unique home decor."
690,data/images/n04044716/n04044716_11204.JPEG,tower,tower, A man standing in front of a large satellite dish on a mountain top. ,"A tall, thin structure made of stone with four small platforms at the top."
691,data/images/n03709823/n03709823_9033.JPEG,handbag,handbag, A black and yellow duffel bag with a black strap. ,"A medium-sized, rectangular handbag with a glossy finish and golden hardware, featuring an elegant floral pattern on its surface."
692,data/images/n03792972/n03792972_4392.JPEG,camp or camping,camp or camping, A tent pitched in a field with several RVs parked in the background. ,"The image depicts a group of people gathered around a campfire, with tents and other camping equipment visible in the background."
693,data/images/n03792782/n03792782_12815.JPEG,bicycle,girl," A group of bicyclists in a line, preparing for a race. ","A colorful sunset with a serene lake and lush green trees, creating an idyllic atmosphere."
694,data/images/n03376595/n03376595_10579.JPEG,chair,chair, A wooden lawn chair with slats and armrests. ,"The image depicts a group of people gathered around a circular table, with one person seated in the center holding a gavel."
695,data/images/n11939491/n11939491_55377.JPEG,flower,mushroom, A vibrant pink flower with yellow center in a field of grass. ,A mummichage is a type of fungus that grows in the wild.
696,data/images/n04044716/n04044716_860.JPEG,tower,camera, A large satellite dish in a desert setting. ,"A camera is a device that captures and records images or videos, often with the help of lenses."
697,data/images/n03877472/n03877472_28707.JPEG,girl,girl, A young girl in a blue pajama with a snowman design is standing in a doorway. ,"A colorful, abstract pattern of circles and lines on a white background."
698,data/images/n03792972/n03792972_4392.JPEG,camp or camping,girl, A tent pitched in a field with several RVs parked in the background. ,"A young girl with long, wavy hair and a big smile is holding up two thumbs-up signs."
699,data/images/n03100240/n03100240_3310.JPEG,car,car, A white classic mustang car on display. ,"A close-up image of a shiny, red sports car with sleek headlights and detailed rims."
700,data/images/n07753592/n07753592_14206.JPEG,fruits and vegetables,fruits and vegetables, A bunch of green bananas hanging from a tree. ,"The image depicts a colorful assortment of fresh fruits and vegetables, arranged in an aesthetically pleasing manner to promote healthy eating."
701,data/images/n13054560/n13054560_294.JPEG,mushroom,mushroom," A large yellow mushroom with a brown stem and a brown cap, surrounded by green foliage. ","A large, round, brown mushroom with a white cap and a slim stem."
702,data/images/n03584829/n03584829_26740.JPEG,ironing machine,ironing machine," An old iron with rusted handle and a rope, placed on a rusted metal stand. ","A modern, compact ironing machine with a large water tank and an easy-to-use control panel."
703,data/images/n02281787/n02281787_1529.JPEG,butterfly,butterfly," A blue butterfly with brown spots on its wings, perched on a plant. ","A colorful butterfly with intricate patterns, gracefully perched on a delicate flower petal."
704,data/images/n03452741/n03452741_2540.JPEG,piano,piano," A man is sitting at a grand piano, playing music. ","A black and white piano with a glossy finish, standing in an elegant room filled with music."
705,data/images/n03445777/n03445777_6397.JPEG,ball,piano," A white golf ball with a black logo on it, sitting on a grassy surface. ","A black and white piano with a glossy finish, standing in an elegant room filled with music."
706,data/images/n03590841/n03590841_5746.JPEG,pumpkin,handbag," A carved pumpkin with a jack-o-lantern face and a sign that reads ""they eat their own"" in front of it. ","A stylish and elegant handbag with a unique design, featuring vibrant colors and intricate patterns that make it stand out from the crowd."
707,data/images/n02124075/n02124075_10525.JPEG,cat,butterfly," A gray and white cat is laying on its back, with its paws in the air, on a chair. ","A colorful and delicate butterfly, with intricate patterns on its wings, gracefully flutters in the sunlight above a vibrant field of wildflowers."
708,data/images/n03100240/n03100240_8794.JPEG,car,guitar, A black convertible car parked on a gravel driveway. ,"A guitar, with its six strings and frets, is a stringed instrument commonly used for playing music."
709,data/images/n07753592/n07753592_3018.JPEG,fruits and vegetables,fruits and vegetables, A bunch of bananas growing on a tree. ,"This image depicts a colorful assortment of fruits and vegetables, arranged on a wooden cutting board."
710,data/images/n03792972/n03792972_1036.JPEG,camp or camping,gloves, A man sitting on the ground in front of a tent in a mountainous area. ,"A pair of warm, fuzzy gloves with colorful stripes on the backside."
711,data/images/n03272562/n03272562_9027.JPEG,train,train, A vintage train on tracks with passengers visible through the windows. ,"A large, fast-moving vehicle with many wheels and a loud engine that carries people and cargo over long distances."
712,data/images/n11939491/n11939491_10024.JPEG,flower,shoes, A black and white photograph of a single daisy with a white center and a dark brown center. ,"A pair of colorful, high-top sneakers with a mesh design and reflective accents on the soles, designed for both style and comfort."
713,data/images/n03877472/n03877472_8388.JPEG,girl,girl, A baby wearing a pink and purple pajamas is laying on a bed. ,"A colorful, vibrant sunset with a serene lake and lush green trees in the background."
714,data/images/n03376595/n03376595_3835.JPEG,chair,chair," Two wooden lounge chairs with slats, one leaning against the other. ","The image depicts a plump, luxurious armchair with intricate carvings and gold accents, adorned in an elegant room filled with other valuable furnishings."
715,data/images/n03297495/n03297495_7249.JPEG,coffee maker,coffee maker," This is an image of a white espresso machine with a silver and black front panel, featuring two spouts and two buttons. ",A coffee maker is a kitchen appliance that brews coffee by pouring hot water over ground coffee beans or tea leaves and then dispensing the brewed beverage into a cup.
716,data/images/n03792782/n03792782_51723.JPEG,bicycle,girl," A man riding a bicycle on a steep, narrow path. ","A colorful sunset with a serene lake and lush green trees in the background, creating an idyllic and peaceful scene."
717,data/images/n02992529/n02992529_42996.JPEG,cell phone,cell phone, A shirtless man in a crowd is using his cell phone. ,"A detailed image of a cell phone, showcasing its various components and features."
718,data/images/n03445777/n03445777_5342.JPEG,ball,ball, A white golf ball with a logo on it. ,"A basketball with a shiny, blue-and-white design is resting on its side in the middle of an empty gymnasium floor."
719,data/images/n04069434/n04069434_9580.JPEG,camera,gun, A vintage camera with a lens on a wooden table. ,"A detailed image of a small, handheld firearm with intricate markings and metal components."
720,data/images/n03100240/n03100240_2138.JPEG,car,car, A blue convertible sports car on a gray background. ,"A small, four-wheeled vehicle with a closed cabin and an open space behind for carrying passengers or cargo."
721,data/images/n03272562/n03272562_8639.JPEG,train,rocket, A blue and yellow train engine on the tracks with a yellow train car behind it. ,"A rocket soars through the sky, its bright flames and majestic form casting a powerful presence over the landscape below."
722,data/images/n13054560/n13054560_7616.JPEG,mushroom,pizza, A mushroom growing in the woods. ,"A circular pizza with a slightly raised edge, adorned with various toppings such as pepperoni, mushrooms, and green peppers."
723,data/images/n03584829/n03584829_33459.JPEG,ironing machine,piano, An iron on a table with a compass and ink. ,"A black and white piano with a glossy finish, standing in an elegant room filled with music."
724,data/images/n03982430/n03982430_17180.JPEG,pool table,handbag, A pool table with a cue ball on it. ,"A stylish and elegant handbag with a unique design, featuring vibrant colors and intricate patterns that make it stand out from the crowd."
725,data/images/n03376595/n03376595_3835.JPEG,chair,gloves," Two wooden lounge chairs with slats, one leaning against the other. ","A pair of warm, fuzzy gloves with colorful stripes on the backside."
726,data/images/n13054560/n13054560_8062.JPEG,mushroom,mushroom, A white plate with sliced mushrooms. ,"A colorful, round mushroom with a wavy pattern on its surface."
727,data/images/n03180011/n03180011_4255.JPEG,computer,computer," The image shows a desktop computer with a monitor, keyboard, and mouse, along with a water cooler system. ","A close-up of a person's face, with wrinkles and creases visible on the skin."
728,data/images/n04044716/n04044716_17472.JPEG,tower,tower, A large white satellite dish in a field. ,"A detailed and colorful image of a tower with multiple layers, each containing various objects and characters."
729,data/images/n03272562/n03272562_4071.JPEG,train,train," An old train car sits on the tracks, waiting for its next journey. ","A large, open-air vehicle with wheels and a metal frame, designed to transport people or goods over land."
730,data/images/n03888257/n03888257_54295.JPEG,parachutes,parachutes," Two parachutists flying high in the sky, each holding a Canadian flag, against a backdrop of a clear blue sky. ",A person is jumping from a plane and using a parachute to safely land on the ground.
731,data/images/n02504458/n02504458_296.JPEG,elephant,monkey," A group of elephants in a museum exhibit, with one elephant prominently facing the camera. ","A monkey wearing a hat, possibly indicating some sort of leadership or ceremonial role."
732,data/images/n02906734/n02906734_21984.JPEG,brush,clownfish or fish, A young boy holding a broom with straw. ,"A clownfish, also known as a fish with vibrant orange and white stripes on its body, is swimming in an underwater scene."
733,data/images/n03775071/n03775071_3297.JPEG,gloves,gloves," A pair of handmade, knitted gloves with a mix of brown, orange, and black yarn. ","A pair of gloves with a unique, eye-catching design featuring vibrant colors and intricate patterns."
734,data/images/n03063599/n03063599_4172.JPEG,coffee mug,cell phone, A black coffee mug on a window sill. ,"A colorful image of a cell phone, with various smartphone features and accessories displayed on its screen."
735,data/images/n11939491/n11939491_4441.JPEG,flower,fruits and vegetables," Three flowers with red, yellow, and white petals in a vase. ","The image depicts a colorful assortment of fruits and vegetables, arranged in an aesthetically pleasing manner to promote healthy eating."
736,data/images/n03452741/n03452741_5127.JPEG,piano,piano, An older man in a red sweater is playing a black piano. ,"A black and white photograph of a grand piano with intricate carvings on the legs, surrounded by soft lighting."
737,data/images/n04120489/n04120489_6792.JPEG,shoes,gun, A person's feet wearing white and blue sneakers. ,"A detailed image of a small, lightweight firearm with an extended magazine and various attachments."
738,data/images/n02607072/n02607072_3433.JPEG,clownfish or fish,clownfish or fish, A vibrant underwater scene with a variety of colorful fish and coral. ,"A vibrant orange clownfish with black stripes and white dots, swimming gracefully in a clear blue ocean."
739,data/images/n03888257/n03888257_39021.JPEG,parachutes,tower, A person is skydiving with an American flag attached to their ankles. ,"The image depicts a picturesque sunset with vibrant orange and pink hues, casting long shadows across the landscape as the sun begins to set below the horizon."
740,data/images/n02124075/n02124075_6197.JPEG,cat,cat, A white cat and a gray cat stand on a dirt road in front of a house. ,"A fluffy white cat with orange eyes sits on a wooden fence, gazing at the viewer with an air of curiosity and confidence."
741,data/images/n02389026/n02389026_9196.JPEG,horse,horse, A man riding a brown horse in a field. ,"A graceful and powerful animal with a muscular build, adorned with colorful decorations on its head and neck."
742,data/images/n02510455/n02510455_6311.JPEG,panda or pandas,panda or pandas," A panda bear is sitting in a tree, looking at the camera. ","A panda bear is a large, black-and-white bear native to China that is now considered an endangered species due to habitat loss and fragmentation."
743,data/images/n03180011/n03180011_9698.JPEG,computer,computer," A cluttered computer desk with two monitors, two keyboards, two mice, and various other items. ","A colorful, abstract painting with swirling shapes and patterns on a large canvas."
744,data/images/n03180011/n03180011_16171.JPEG,computer,computer, A silver desktop computer with keyboard and mouse on a white background. ,"A colorful, abstract painting with swirling shapes and patterns on a large canvas."
745,data/images/n03709823/n03709823_14136.JPEG,handbag,rocket," A small, colorful, child's tote bag with a cartoon character on it, sitting on a wooden floor. ","A rocket soars through the sky, leaving a trail of smoke and flames as it reaches for the stars."
746,data/images/n02504458/n02504458_5897.JPEG,elephant,horse, A large elephant walking on a dirt road in a natural setting. ,"A horse, with a muscular and graceful appearance, stands proudly in the sunlight."
747,data/images/n02124075/n02124075_14886.JPEG,cat,cat, A cat with yellow eyes and a white nose. ,"A fluffy white cat sits on a colorful rug, gazing intently at the camera with its bright green eyes."
748,data/images/n03445777/n03445777_2548.JPEG,ball,ball," A golf ball on a green, with a logo for scott health & safety. ","A basketball game, with players dribbling and shooting hoops on a court."
749,data/images/n11939491/n11939491_51732.JPEG,flower,flower," The image shows a close-up of a daisy with white petals and a yellow center, surrounded by other daisies in the background. ","A colorful, round flower with a central yellow spot on a green background."
750,data/images/n02389026/n02389026_724.JPEG,horse,horse, A young brown horse with a white blaze on its face is walking in a grassy field. ,"A graceful and powerful animal with a large, rounded body, long legs, and a flowing mane, the horse is depicted in this image as it gallops across an open field."
751,data/images/n03982430/n03982430_20021.JPEG,pool table,pool table, A pool table with multiple balls in motion. ,"A pool table is a large, flat surface covered with felt and surrounded by cues, balls, and pockets for playing billiards or pool games."
752,data/images/n03272010/n03272010_17735.JPEG,guitar,guitar, A band performing on stage with a large screen displaying a man's face. ,"A beautiful, vintage acoustic guitar with a rich mahogany finish and intricate inlays on the fretboard."
753,data/images/n02607072/n02607072_1617.JPEG,clownfish or fish,clownfish or fish, Two clownfish swimming near a coral reef. ,"A clownfish is a colorful fish with orange, white, and black stripes that lives in the ocean."
754,data/images/n02607072/n02607072_304.JPEG,clownfish or fish,clownfish or fish, Two clownfish swimming among the tentacles of an anemone. ,"A clownfish, also known as a brightly colored marine fish with orange and white stripes, is swimming in an underwater coral reef."
755,data/images/n03590841/n03590841_6633.JPEG,pumpkin,ironing machine," A carved pumpkin with a face and eyes, sitting on a table. ","A compact, portable ironing machine with a large water tank and adjustable temperature control for easy use at home or on-the-go."
756,data/images/n02124075/n02124075_10164.JPEG,cat,cat, A cat sitting on a ledge looking at a cat statue. ,"A fluffy white cat with green eyes is sitting on a colorful rug, surrounded by toys and bright objects."
757,data/images/n02504458/n02504458_4080.JPEG,elephant,horse, A group of elephants with their tusks interlocked. ,"A graceful and powerful animal with a large, rounded body, long legs, and a flowing mane, standing on an open field surrounded by tall trees."
758,data/images/n02992529/n02992529_42996.JPEG,cell phone,canoe or boat, A shirtless man in a crowd is using his cell phone. ,"A small, light canoe with a single person sitting in the center and holding two paddles."
759,data/images/n03773504/n03773504_8896.JPEG,rocket,girl, A white missile on display in a museum. ,"A colorful, fluffy unicorn with a flowing mane and sparkly eyes stands on a lush green meadow surrounded by vibrant flowers."
760,data/images/n03590841/n03590841_6382.JPEG,pumpkin,handbag," A carved pumpkin with a jack-o-lantern face sits on a table, surrounded by Halloween decorations. ","A colorful and stylish handbag with a floral pattern, featuring an elegant clutch design for a sophisticated touch."
761,data/images/n03445777/n03445777_6397.JPEG,ball,ball," A white golf ball with a black logo on it, sitting on a grassy surface. ","A round, white ball with a small red dot in the center is being held up by two hands."
762,data/images/n04044716/n04044716_7208.JPEG,tower,tower, A large satellite dish in a field with sheep grazing. ,"A tall, round building with small platforms on top for people to stand and watch."
763,data/images/n11939491/n11939491_10024.JPEG,flower,pizza, A black and white photograph of a single daisy with a white center and a dark brown center. ,"A round, cheesy pizza with tomato sauce and various toppings."
764,data/images/n02951358/n02951358_31796.JPEG,canoe or boat,cell phone," Two people in red kayaks on a river, with a rocky cliff and a building in the background. ","A close-up of a smartphone's screen, showing the user's home screen with various app icons and settings."
765,data/images/n02992529/n02992529_13746.JPEG,cell phone,car, A man in glasses is talking on a cell phone while sitting at a table. ,"A small, two-door car with a sleek design and a high rear spoiler."
766,data/images/n03773504/n03773504_21104.JPEG,rocket,rocket," A large rocket with the name ""mace"" on it, flying through a cloudy sky. ","A rocket soars through the sky, leaving a trail of smoke behind it."
767,data/images/n03100240/n03100240_13929.JPEG,car,computer, A vintage black car with red trim parked on grass. ,"A close-up of a person's face, with wrinkles and creases visible on the skin."
768,data/images/n03775071/n03775071_10573.JPEG,gloves,gloves, A purple knitted glove with a white stripe on the palm. ,"A detailed image of a pair of white, furry gloves with intricate patterns and embellishments on the backside."
769,data/images/n03775071/n03775071_9939.JPEG,gloves,gloves," A green and white knitted sock in progress, with a crochet hook in the middle. ","A detailed image of a pair of white, furry gloves with intricate patterns and embellishments on the backside."
770,data/images/n03792972/n03792972_1036.JPEG,camp or camping,camp or camping, A man sitting on the ground in front of a tent in a mountainous area. ,"The image depicts a group of people gathered around a campfire, with tents and other camping equipment visible in the background."
771,data/images/n03709823/n03709823_7681.JPEG,handbag,handbag, A black leather handbag with a cartoon character on it. ,"A stylish and luxurious handbag with a unique design, featuring intricate details and vibrant colors that make it stand out from the crowd."
772,data/images/n03584829/n03584829_45572.JPEG,ironing machine,piano, An iron on a table. ,A black grand piano with a white key cover and golden accents sits in the corner of a dimly lit room.
773,data/images/n02281787/n02281787_4566.JPEG,butterfly,butterfly, Two blue butterflies on a green leaf. ,"A delicate and colorful butterfly, with intricate patterns on its wings, gracefully flutters in the air above a vibrant field of wildflowers."
774,data/images/n03590841/n03590841_5746.JPEG,pumpkin,ironing machine," A carved pumpkin with a jack-o-lantern face and a sign that reads ""they eat their own"" in front of it. ","A small, portable appliance with a flat surface and smooth edges that can be used to remove wrinkles from clothes."
775,data/images/n02281787/n02281787_1529.JPEG,butterfly,butterfly," A blue butterfly with brown spots on its wings, perched on a plant. ","A delicate and colorful butterfly gracefully flapping its wings in the air, symbolizing freedom and transformation."
776,data/images/n03773504/n03773504_370.JPEG,rocket,camp or camping, A large missile on display in a museum. ,"A group of people is having a fun and adventurous camping experience in the woods, with tents set up and campfires burning."
777,data/images/n02504458/n02504458_4234.JPEG,elephant,monkey," A close-up of an elephant's face, showcasing its large, wrinkled skin and long, curved tusks. ","A monkey wearing a fluffy, round hat."
778,data/images/n03100240/n03100240_8794.JPEG,car,computer, A black convertible car parked on a gravel driveway. ,"A colorful, abstract painting with swirling shapes and patterns of various sizes and textures."
779,data/images/n04086273/n04086273_2383.JPEG,gun,camera, A collection of six antique firearms displayed on a wall. ,A helpful assistant describes an image containing a camera as a device used for capturing photos or videos.
780,data/images/n02389026/n02389026_9196.JPEG,horse,horse, A man riding a brown horse in a field. ,"A graceful and powerful horse, with a shiny coat and flowing mane, stands proudly on two legs while displaying its athleticism."
781,data/images/n04120489/n04120489_10588.JPEG,shoes,fruits and vegetables, A white and red tennis shoe with a black and yellow logo. ,"A colorful assortment of fruits and vegetables, including apples, bananas, carrots, and tomatoes, arranged on a wooden cutting board."
782,data/images/n03376595/n03376595_11049.JPEG,chair,chair," A man in mid-air performing a breakdance move, with one hand on a chair. ","A round, soft cushion with a flat surface for people to sit on and support their bodies."
783,data/images/n02106662/n02106662_49005.JPEG,dog,cat, A German Shepherd dog with a blue collar and a leash in its mouth. ,"A fluffy, playful kitten sits on a colorful rug with big eyes and tiny paws while surrounded by bright toys."
784,data/images/n02124075/n02124075_7825.JPEG,cat,cat, Two cats lying on a bed with a leopard print blanket. ,"A fluffy, playful kitten sits on a colorful rug with a curious expression while surrounded by vibrant flowers and greenery."
785,data/images/n13054560/n13054560_4449.JPEG,mushroom,mushroom, A mushroom growing in the wilderness. ,"A maitake mushroom is a large, fan-shaped brown fungus commonly found in North America and Europe."
786,data/images/n03709823/n03709823_24745.JPEG,handbag,girl, A pink duffel bag with a white logo on it. ,"A colorful, fluffy unicorn with a rainbow mane and sparkly wings is dancing in the sky while playing a magical flute."
787,data/images/n03775071/n03775071_794.JPEG,gloves,rocket," A red stocking with a white penguin inside, sitting on a green and white patterned surface. ","A rocket soars through the sky, leaving a trail of smoke behind it."
788,data/images/n03792782/n03792782_757.JPEG,bicycle,bicycle, A woman riding a bicycle on a trail. ,A bicycle is a vehicle with two wheels that can be ridden using pedaling motion.
789,data/images/n03982430/n03982430_11084.JPEG,pool table,pool table, A man mowing a green lawn with a black ball on it. ,"A pool table is a large, flat surface covered in felt that people use to play the game of billiards."
790,data/images/n03590841/n03590841_6382.JPEG,pumpkin,pumpkin," A carved pumpkin with a jack-o-lantern face sits on a table, surrounded by Halloween decorations. ","A pumpkin is a large, round fruit with a hard shell and orange flesh."
791,data/images/n02992529/n02992529_52043.JPEG,cell phone,coffee mug, The image shows a close-up of a cell phone keypad with numbers and letters. ,"A white coffee mug with a cartoon illustration of two cats hugging each other, surrounded by the words ""Hug Day"" and ""Kitty Love."""
792,data/images/n03982430/n03982430_20620.JPEG,pool table,pool table," A man is playing pool, leaning over the table, and aiming at a red ball with a cue stick. ","A pool table is a large, flat surface covered in felt material that has pockets and lines for playing the game of billiards."
793,data/images/n02992529/n02992529_14442.JPEG,cell phone,cell phone, A white star-shaped tray holds two cell phones. ,"A small, rectangular device with a touchscreen and various buttons that allows users to make calls, send messages, access the internet, take photos, and play music."
794,data/images/n02690373/n02690373_1055.JPEG,airplane,airplane," A large white airplane with the words ""A380"" on the side, flying through a blue sky with clouds. ","A small, fast airplane with a pointed nose and two large wings is flying high in the sky."
795,data/images/n11939491/n11939491_23775.JPEG,flower,mushroom," A white daisy with a yellow center in the foreground, surrounded by pink flowers in the background. ","A maitake mushroom is a large, fan-shaped brown fungus with a white underside that grows on dead hardwood trees in North America and Europe."
796,data/images/n03180011/n03180011_7359.JPEG,computer,train," A computer monitor displaying a webpage with a cartoon girl, sitting on a desk with a keyboard and mouse. ","A large, colorful train with many windows and a long, curved track is passing through a dense forest filled with tall trees."
797,data/images/n11939491/n11939491_23775.JPEG,flower,flower," A white daisy with a yellow center in the foreground, surrounded by pink flowers in the background. ","A colorful, delicate flower with a prominent center and long petals that sway gently in the breeze."
798,data/images/n03877472/n03877472_3847.JPEG,girl,bicycle, A young girl is sitting on the floor surrounded by Christmas presents. ,A bicycle is a vehicle with two wheels that can be ridden using pedaling to move forward.
799,data/images/n03180011/n03180011_10086.JPEG,computer,girl," A man sitting at a desk in a room with two computers, a monitor, and a keyboard. ","A colorful, abstract painting of a sun and moon with swirling shapes."
800,data/images/n03590841/n03590841_10934.JPEG,pumpkin,handbag," A carved pumpkin with a scary face sits on a porch, illuminated by red lights. ","A colorful and stylish handbag with a unique design, featuring intricate patterns and textures."
801,data/images/n02690373/n02690373_3492.JPEG,airplane,clownfish or fish, A blue and white airplane on the runway. ,"A clownfish is a colorful, round-shaped fish with orange and white stripes that lives in the ocean."
802,data/images/n02906734/n02906734_9317.JPEG,brush,elephant, A wooden broom leaning against a wooden fence. ,A large gray elephant with a long trunk and floppy ears stands in a grassy field.
803,data/images/n02690373/n02690373_3492.JPEG,airplane,airplane, A blue and white airplane on the runway. ,"A small, fast airplane with a pointed nose and two large wings is flying in the sky."
804,data/images/n04086273/n04086273_17042.JPEG,gun,gun," A soldier in a military uniform holding a rifle with a scope, wearing sunglasses and a helmet. ","A small, handheld device that can shoot bullets."
805,data/images/n03775071/n03775071_44.JPEG,gloves,gloves, A person wearing a colorful knitted glove and holding a tree. ,"A pair of white, elastic gloves with a striped pattern on the back."
806,data/images/n02281787/n02281787_5770.JPEG,butterfly,cat, A brown and white butterfly perched on a branch. ,"A fluffy, playful kitten sits on a colorful rug with a bright yellow background."
807,data/images/n02992529/n02992529_13746.JPEG,cell phone,cell phone, A man in glasses is talking on a cell phone while sitting at a table. ,"A small, rectangular device with a touchscreen and various communication capabilities."
808,data/images/n03590841/n03590841_1053.JPEG,pumpkin,pumpkin," A carved pumpkin with a face and a smaller carved pumpkin with a face, both sitting on a table with leaves around them. ","A bright orange pumpkin with a smooth, round shape and small imperfections on its surface."
809,data/images/n02690373/n02690373_3492.JPEG,airplane,clownfish or fish, A blue and white airplane on the runway. ,"A colorful clownfish, with a large orange and white striped body, is swimming in an underwater coral reef."
810,data/images/n07873807/n07873807_3896.JPEG,pizza,shoes," A pizza with cheese, olives, and basil on a wooden cutting board. ","A pair of colorful, high-top sneakers with a mesh design and reflective details on the upper part."
811,data/images/n03272010/n03272010_13834.JPEG,guitar,guitar," Three guitar-shaped figurines in different colors, each with a pick guard and strings, displayed on a gray surface. ","A red guitar with a white pick and black strings, sitting on a blue background."
812,data/images/n03888257/n03888257_19211.JPEG,parachutes,pool table, A surreal image of a hot air balloon floating above a barren landscape with a rainbow in the sky. ,"A pool table is a large, rectangular surface covered in felt that players use to shoot small balls into pockets on the side of the table."
813,data/images/n02607072/n02607072_1617.JPEG,clownfish or fish,clownfish or fish, Two clownfish swimming near a coral reef. ,"A colorful clownfish, with a yellow body and orange fins, is swimming in an underwater coral reef."
814,data/images/n03180011/n03180011_9698.JPEG,computer,watch or watches," A cluttered computer desk with two monitors, two keyboards, two mice, and various other items. ","A watch with a circular face and a band made of metal, designed for everyday use."
815,data/images/n04044716/n04044716_14882.JPEG,tower,tower," A person working on a large telescope, surrounded by a complex network of wires and cables. ","A tall, round tower with a small opening at the top and several windows on each side."
816,data/images/n04069434/n04069434_9030.JPEG,camera,camera, A vintage black and white camera with a silver lens and a black strap. ,A camera is a device that captures and records images by capturing light through an image sensor or film.
817,data/images/n03982430/n03982430_38296.JPEG,pool table,pool table, A small orange toy is sitting on a pool table. ,"A pool table is a large, rectangular surface covered in felt that players use to shoot small balls into pockets on the opposite side."
818,data/images/n02389026/n02389026_3269.JPEG,horse,butterfly, A brown horse with a white stripe down its face and a white spot on its forehead. ,"A colorful butterfly with intricate patterns on its wings, gently flaps them as it sits on a leaf in the middle of a vibrant garden."
819,data/images/n07753592/n07753592_10233.JPEG,fruits and vegetables,fruits and vegetables, A ripe banana with a brown spot on the end. ,"A colorful assortment of fruits and vegetables, including apples, bananas, carrots, cucumbers, grapes, kiwifruit, mangoes, oranges, peppers, pumpkins, strawberries, tomatoes, and watermelon."
820,data/images/n07873807/n07873807_3354.JPEG,pizza,pizza, A large pepperoni pizza in a box. ,"A pizza with a circular, cheesy crust and toppings such as pepperoni, onions, and mushrooms."
821,data/images/n13054560/n13054560_9747.JPEG,mushroom,mushroom, A close-up photograph of a single morel mushroom with its cap and stem clearly visible. ,"A mélange of fungi, spores, and cellular structures with the potential to decompose organic matter."
822,data/images/n07873807/n07873807_16625.JPEG,pizza,mushroom, A large pizza with various toppings on a metal tray on a table. ,"A mélange of fungi, spores, and nutrients that can grow on soil or litter."
823,data/images/n07873807/n07873807_18033.JPEG,pizza,camera," Two pizzas on a baking sheet, one with cheese and olives, the other with cheese, olives, and sausage. ","A 3D model of a camera, with detailed textures and realistic lighting."
824,data/images/n03063599/n03063599_748.JPEG,coffee mug,canoe or boat, A white coffee mug with a black logo on a white table. ,"A canoe, a small boat with one or two curved ends and no sides, is being carried by four people on their shoulders."
825,data/images/n03792782/n03792782_12815.JPEG,bicycle,bicycle," A group of bicyclists in a line, preparing for a race. ","A bicycle, with a blue frame and white tires, sits in the grass next to a tree."
826,data/images/n03982430/n03982430_20021.JPEG,pool table,pool table, A pool table with multiple balls in motion. ,"A pool table is a large, rectangular surface covered in felt that players use to shoot small balls into pockets."
827,data/images/n04044716/n04044716_7208.JPEG,tower,pool table, A large satellite dish in a field with sheep grazing. ,"A pool table is a large, rectangular surface covered in felt that players use to shoot small balls into pockets with holes."
828,data/images/n04086273/n04086273_17042.JPEG,gun,coffee mug," A soldier in a military uniform holding a rifle with a scope, wearing sunglasses and a helmet. ","A white coffee mug with a cartoon drawing of two smiling faces and the words ""Friends for Life"" written in bold, colorful letters."
829,data/images/n02124075/n02124075_10525.JPEG,cat,cat," A gray and white cat is laying on its back, with its paws in the air, on a chair. ","A fluffy white cat with orange eyes sits on a wooden bench, gazing at the viewer with curiosity."
830,data/images/n03452741/n03452741_12409.JPEG,piano,ball," An old, black piano in a room. ","A group of people are playing with a large, inflatable ball in an open field."
831,data/images/n02951358/n02951358_29817.JPEG,canoe or boat,coffee mug," A person in a red kayak on a river, surrounded by lush greenery and a wooden bridge. ","A white coffee mug with a cartoon character of a cat wearing sunglasses and holding a surfboard, standing on top of a wave."
832,data/images/n03197337/n03197337_1045.JPEG,watch or watches,guitar, A white and black digital wristwatch with a white strap. ,"A young man is playing a guitar with his eyes closed, lost in the music."
833,data/images/n02607072/n02607072_505.JPEG,clownfish or fish,clownfish or fish, A clownfish swimming among the tentacles of an anemone. ,"A clownfish is a brightly colored fish with orange and white stripes, often found in the coral reefs of the Pacific Ocean."
834,data/images/n03709823/n03709823_7134.JPEG,handbag,handbag," A dirty, beige canvas bag with a white label on it. ","A handbag with a fluffy, ruffled design and colorful flowers on the front."
835,data/images/n03180011/n03180011_20934.JPEG,computer,guitar, A desktop computer with a monitor displaying a webpage. ,"A red electric guitar with a sleek, futuristic design and a built-in speaker on its body."
836,data/images/n03197337/n03197337_1045.JPEG,watch or watches,watch or watches, A white and black digital wristwatch with a white strap. ,"A luxury watch with a round face, stainless steel band and gold-tone accents."
837,data/images/n02951358/n02951358_2037.JPEG,canoe or boat,coffee mug, A woman in a canoe on a lake with trees in the background. ,"A white coffee mug with a cartoon character of a cat wearing sunglasses and holding a surfboard, standing on top of a wave."
838,data/images/n03888257/n03888257_54295.JPEG,parachutes,parachutes," Two parachutists flying high in the sky, each holding a Canadian flag, against a backdrop of a clear blue sky. ","A group of people wearing parachutes are standing on a mountain with a large, open field below them."
839,data/images/n03376595/n03376595_108.JPEG,chair,chair, A wooden folding chair with a slatted backrest. ,"The image depicts a plump, well-padded chair with an intricately designed backrest and four sturdy legs."
840,data/images/n03197337/n03197337_2141.JPEG,watch or watches,computer," The image shows a digital wristwatch with a blue screen displaying the time ""8:10"" and the date ""10"". ","A close-up of a person's face, with wrinkles and creases visible on the skin."
841,data/images/n02906734/n02906734_23744.JPEG,brush,brush, A group of people playing a game of broomball in an indoor rink. ,"The image depicts a small, round brush with bristles on one side and a handle on the other."
842,data/images/n02492035/n02492035_16430.JPEG,monkey,elephant, A white and black monkey with sad eyes is behind a metal cage. ,"A large grey elephant with a long trunk stands near a tree, surrounded by green grass and blue sky."
843,data/images/n03272010/n03272010_4370.JPEG,guitar,guitar, A blue electric guitar with a pickup and a cord on a white surface. ,"A close-up photograph of a guitar, with the instrument's body and neck illuminated by soft light."
844,data/images/n03982430/n03982430_4411.JPEG,pool table,pool table," A room with a pool table, dartboard, and a painting of a baseball team. ","A pool table is a large, rectangular surface covered with a special cloth that allows people to play games like billiards and snooker."
845,data/images/n02504458/n02504458_3816.JPEG,elephant,monkey, A large elephant standing in a grassy field. ,"A monkey wearing a colorful, oversized hat."
846,data/images/n03792972/n03792972_474.JPEG,camp or camping,camp or camping, A dog sitting next to a tent on a city street. ,"The image depicts a group of people participating in outdoor activities, such as hiking and enjoying nature, at a campsite with tents and campfires."
847,data/images/n03272010/n03272010_13834.JPEG,guitar,train," Three guitar-shaped figurines in different colors, each with a pick guard and strings, displayed on a gray surface. ","A large, elongated vehicle with multiple wheels and a rounded front, designed for the transportation of people or goods over land."
848,data/images/n03792782/n03792782_8799.JPEG,bicycle,girl," A collage of a mountain bike race, featuring a man in a blue and black jersey riding a bike, with various other cyclists and a collage of photos from the event. ","A colorful, vibrant sunset with a heart-shaped cloud and the phrase ""Love Never Ends"" written in it."
849,data/images/n03445777/n03445777_5342.JPEG,ball,ball, A white golf ball with a logo on it. ,"A colorful, spherical object with a flat side and small bumps on its surface."
850,data/images/n03982430/n03982430_38296.JPEG,pool table,pool table, A small orange toy is sitting on a pool table. ,"A pool table is a rectangular, flat surface covered with felt and designed for playing the game of billiards."
851,data/images/n02992529/n02992529_4366.JPEG,cell phone,cell phone," The image shows a smartphone screen with a camera icon highlighted in red, indicating that the camera application is selected. ","A cell phone is a small device that people use to make calls, send messages, and access the internet."
852,data/images/n02504458/n02504458_6155.JPEG,elephant,panda or pandas, An elephant walking in a grassy area. ,"A panda bear is a large, black-and-white bear species native to China."
853,data/images/n03584829/n03584829_36033.JPEG,ironing machine,ironing machine, An iron on a table. ,"A small, portable ironing machine with a handle and wheels for easy movement."
854,data/images/n02504458/n02504458_481.JPEG,elephant,elephant, Two elephants standing in the mud. ,"A large, gray elephant with a long trunk and two small ears stands in a field of tall grass."
855,data/images/n03590841/n03590841_5746.JPEG,pumpkin,pumpkin," A carved pumpkin with a jack-o-lantern face and a sign that reads ""they eat their own"" in front of it. ","A large, orange pumpkin with a smooth and slightly curved surface sits on a wooden crate surrounded by autumn leaves."
856,data/images/n03888257/n03888257_18921.JPEG,parachutes,parachutes, A person is kiteboarding on a frozen lake. ,"A group of people wearing parachutes are standing on a mountain with a large, open field below them."
857,data/images/n02992529/n02992529_46.JPEG,cell phone,canoe or boat, A black cell phone with a keypad and a screen. ,"A small, round boat with a single person sitting on it and holding onto two long poles."
858,data/images/n04086273/n04086273_26142.JPEG,gun,flower," This is an image of a vintage firearm, specifically a revolver, with a wooden grip and a metal barrel. The firearm is displayed against a wooden background. ","A colorful, round flower with a yellow center and red petals that are arranged in a spiral pattern."
859,data/images/n03063599/n03063599_858.JPEG,coffee mug,coffee mug," Three coffee mugs with different colored handles and the word ""coffee matters"" on them. ","A white coffee mug with a cartoon character of a cat wearing sunglasses and holding a surfboard, standing on top of a wave."
860,data/images/n03272010/n03272010_7501.JPEG,guitar,guitar, A young boy sitting on a chair playing a guitar. ,"A young man is playing a guitar with his eyes closed, lost in the music."
861,data/images/n03877472/n03877472_2301.JPEG,girl,girl," Two young girls sitting on the floor, smiling and posing for the camera. ","A colorful, abstract painting of a sun and moon with swirling patterns."
862,data/images/n02992529/n02992529_14442.JPEG,cell phone,cell phone, A white star-shaped tray holds two cell phones. ,"A detailed image of a cell phone, including its various components and features."
863,data/images/n03180011/n03180011_19233.JPEG,computer,guitar, A dark room with a computer desk and multiple monitors. ,"A red, electric guitar with a glossy finish and white pickups."
864,data/images/n02951358/n02951358_7348.JPEG,canoe or boat,canoe or boat, A painting of a man and his dog in a canoe on a lake at sunset. ,"A small, round boat with a flat bottom and a single large paddle is being pulled along the water by two people."
865,data/images/n03982430/n03982430_20620.JPEG,pool table,pool table," A man is playing pool, leaning over the table, and aiming at a red ball with a cue stick. ","A pool table is a large, rectangular surface covered in felt that players use to throw small balls called ""pool balls"" or ""billiards"" to try and sink them into pockets on the edges of the table."
866,data/images/n02504458/n02504458_6428.JPEG,elephant,panda or pandas," An elephant standing on a pile of logs, eating a log. ","A panda bear is a large, black-and-white mammal native to China."
867,data/images/n11939491/n11939491_7263.JPEG,flower,flower, A white daisy with yellow center in the center of a large green leaf. ,"A colorful, round flower with a central yellow center and six petals of varying shades of pink."
868,data/images/n02951358/n02951358_6087.JPEG,canoe or boat,canoe or boat, A green canoe on a rocky shoreline. ,"A small, round boat with a single person sitting on it and paddling with their hands."
869,data/images/n03100240/n03100240_20935.JPEG,car,car, A silver car on display at a car show. ,"A small, two-door vehicle with a boxy shape and a high seating position, typically driven by an individual."
870,data/images/n07873807/n07873807_8875.JPEG,pizza,fruits and vegetables, A slice of pizza with mushrooms and spinach on a white plate. ,"This image shows a variety of colorful fruits and vegetables arranged on a wooden cutting board, with the focus being on the vibrant hues and organic shapes."
871,data/images/n02281787/n02281787_4566.JPEG,butterfly,butterfly, Two blue butterflies on a green leaf. ,"A colorful butterfly with intricate patterns, gracefully perched on a leaf in the middle of a vibrant garden."
872,data/images/n04069434/n04069434_10318.JPEG,camera,camera, A black Canon camera with a strap on a table. ,A camera that is designed to capture images.
873,data/images/n02281787/n02281787_2216.JPEG,butterfly,butterfly, A small blue butterfly perched on a rock. ,"A colorful butterfly gracefully lands on a flower, capturing the beauty of nature in one still frame."
874,data/images/n03445777/n03445777_9216.JPEG,ball,ball, A pink golf ball on a tee in a field of yellow flowers. ,A basketball with a white background and multicolored stars scattered around it.
875,data/images/n03100240/n03100240_8794.JPEG,car,coffee mug, A black convertible car parked on a gravel driveway. ,"A white coffee mug with a cartoon character of a cat holding a sign that says ""World's Best Cat Dad"" and wearing sunglasses."
876,data/images/n03792972/n03792972_2062.JPEG,camp or camping,girl, A tent set up in a wooded area. ,"A colorful, fluffy unicorn with a rainbow mane and sparkly wings is playing with a group of adorable kittens in a magical garden."
877,data/images/n04069434/n04069434_3119.JPEG,camera,camera, A vintage black and white Rolleicord camera sitting on a wooden floor. ,A helpful assistant that can describe an image in one sentence.
878,data/images/n03272562/n03272562_4071.JPEG,train,guitar," An old train car sits on the tracks, waiting for its next journey. ","A vintage Fender Stratocaster electric guitar, adorned with a sunburst finish and intricate detailing on the body."
879,data/images/n11939491/n11939491_12042.JPEG,flower,fruits and vegetables," A close-up photograph of white daisies with yellow centers, set against a dark blue background. ","A colorful assortment of fruits and vegetables, including apples, carrots, bell peppers, and strawberries, arranged on a wooden cutting board."
880,data/images/n02504458/n02504458_5897.JPEG,elephant,elephant, A large elephant walking on a dirt road in a natural setting. ,"A large, gray elephant with a long trunk and floppy ears stands in a grassy field."
881,data/images/n03709823/n03709823_16780.JPEG,handbag,pumpkin, A close-up view of a red purse with a silver chain strap. ,"A bright orange pumpkin with a smooth, round shape and small bumps on its surface."
882,data/images/n02281787/n02281787_2216.JPEG,butterfly,butterfly, A small blue butterfly perched on a rock. ,"A colorful butterfly with intricate patterns on its wings, gently flapping in the sunlight."
883,data/images/n03452741/n03452741_12409.JPEG,piano,piano," An old, black piano in a room. ","A grand piano with a polished ebony finish and intricate inlays, surrounded by soft lighting and elegant decor."
884,data/images/n03272562/n03272562_9027.JPEG,train,guitar, A vintage train on tracks with passengers visible through the windows. ,"A vintage Fender Stratocaster electric guitar, adorned with a sunburst finish and classic humbucker pickups, ready to rock any stage or recording studio."
885,data/images/n02510455/n02510455_95099.JPEG,panda or pandas,panda or pandas, A panda bear sitting on a tree branch in an enclosure. ,"A panda bear is a large, black-and-white bear native to China."
886,data/images/n02124075/n02124075_4027.JPEG,cat,cat," A cat with its eyes closed, looking content and relaxed. ","A fluffy, playful kitten sits on a colorful rug with a curious expression while surrounded by vibrant flowers and greenery."
887,data/images/n03180011/n03180011_20934.JPEG,computer,car, A desktop computer with a monitor displaying a webpage. ,"A small, two-door vehicle with a rounded front end and an openable roof section."
888,data/images/n11939491/n11939491_59345.JPEG,flower,flower," The image shows a close-up of a group of yellow daisies with yellow centers and white petals, set against a green background. ","A colorful, delicate flower with a prominent center and intricate petals."
889,data/images/n02690373/n02690373_5870.JPEG,airplane,airplane, A large white airplane with blue and red accents parked on a runway. ,A small airplane with a red and white color scheme is taking off from a grassy runway.
890,data/images/n03877472/n03877472_23771.JPEG,girl,flower," Three women in pajamas sitting on a couch, smiling and posing for the camera. ","A colorful, delicate flower with a prominent center and long petals that sway gently in the breeze."
891,data/images/n03100240/n03100240_2138.JPEG,car,computer, A blue convertible sports car on a gray background. ,"A close-up of a person's face, with wrinkles and creases around the eyes, smiling broadly."
892,data/images/n03376595/n03376595_8346.JPEG,chair,train, A large number of blue seats in a stadium. ,"A large, fast-moving train hurtles through a dense forest of towering trees and lush greenery."
893,data/images/n03590841/n03590841_6633.JPEG,pumpkin,handbag," A carved pumpkin with a face and eyes, sitting on a table. ","A stylish and elegant handbag with a round shape, featuring an intricate floral pattern on the exterior and a golden clasp closure."
894,data/images/n02906734/n02906734_21829.JPEG,brush,mushroom," A blue dustpan with a flower design on it, sitting on the ground next to a box. ","A large, colorful mushroom with a wavy pattern and a small hole in the center."
895,data/images/n03982430/n03982430_4411.JPEG,pool table,pool table," A room with a pool table, dartboard, and a painting of a baseball team. ","A pool table is a large, rectangular surface covered in felt that players use to shoot small balls into pockets on the opposite side of the table."
896,data/images/n02951358/n02951358_31796.JPEG,canoe or boat,canoe or boat," Two people in red kayaks on a river, with a rocky cliff and a building in the background. ","A small, round boat with a flat bottom and a single large paddle is being pulled along the water by two people."
897,data/images/n03063599/n03063599_2735.JPEG,coffee mug,coffee mug," A red and black mug with a tiger logo on it, sitting on a table. ","A white coffee mug with a cartoon character of a cat wearing sunglasses and holding a surfboard, standing on top of a wave."
898,data/images/n03792972/n03792972_5525.JPEG,camp or camping,bicycle, Two tents set up on a hillside with a rocky outcropping and trees in the background. ,"A bicycle, with a blue frame and white tires, sits on the grass in front of a brick building."
899,data/images/n03452741/n03452741_16744.JPEG,piano,piano, A man is playing a piano in a restaurant with a mcdonald's sign in the background. ,"A piano is a large, musical instrument with keys that produces beautiful sounds when played."
900,data/images/n03584829/n03584829_28308.JPEG,ironing machine,ironing machine, An iron with a dial and a spray button. ,"A small, portable appliance with a flat surface and smooth edges that can be used to remove wrinkles from clothes."
901,data/images/n04069434/n04069434_12771.JPEG,camera,camera," The image shows a black digital single-lens reflex camera (DSLR) with a lens attached, set against a white background. ",A camera is a device that captures images and videos by capturing light through its lens.
902,data/images/n03272010/n03272010_6219.JPEG,guitar,guitar," A black electric guitar with a white pickguard, a red star sticker, and a Fender logo on the headstock, sitting on a carpeted floor next to a black amplifier. ","A guitar, a stringed instrument with six strings and frets, is shown in the image."
903,data/images/n03063599/n03063599_3714.JPEG,coffee mug,coffee mug, Two blue mugs with handles on a table. ,"A white coffee mug with a cartoon image of two smiling faces and the words ""Friends Forever"" written in bold, colorful letters."
904,data/images/n02281787/n02281787_2105.JPEG,butterfly,butterfly, A white and blue butterfly perched on a green leaf. ,"A colorful butterfly with intricate patterns, gracefully perched on a delicate flower in the middle of a serene meadow."
905,data/images/n03100240/n03100240_10410.JPEG,car,car, A vintage blue Volkswagen Beetle parked in a parking lot. ,"A small, two-door car with a rounded front end and chrome accents on the grille and headlights."
906,data/images/n02906734/n02906734_21440.JPEG,brush,clownfish or fish," A group of people playing indoor curling, with one person in the process of throwing the curling stone. ","A colorful clownfish with a white and orange pattern is swimming in an aqua-blue ocean, surrounded by vibrant coral reefs."
907,data/images/n13054560/n13054560_8062.JPEG,mushroom,flower, A white plate with sliced mushrooms. ,"A colorful bouquet of flowers, symbolizing love and appreciation, is being held by a slender arm."
908,data/images/n07753592/n07753592_3018.JPEG,fruits and vegetables,fruits and vegetables, A bunch of bananas growing on a tree. ,"This image shows a colorful assortment of fruits and vegetables, arranged on a wooden cutting board."
909,data/images/n03063599/n03063599_3606.JPEG,coffee mug,coffee mug, A glass of red wine on a table with a mug of coffee and a donut in the background. ,"A white coffee mug with a cartoon character of a cat wearing sunglasses and holding a surfboard, printed on both sides."
910,data/images/n04086273/n04086273_26142.JPEG,gun,gun," This is an image of a vintage firearm, specifically a revolver, with a wooden grip and a metal barrel. The firearm is displayed against a wooden background. ","A detailed image of a small, handheld firearm with intricate markings and metal components."
911,data/images/n03877472/n03877472_10554.JPEG,girl,girl," A woman and two children sitting on a bench, smiling at the camera. ","A colorful, fluffy pillow with a cute cartoon girl's face on it, smiling and waving hello."
912,data/images/n03773504/n03773504_21104.JPEG,rocket,rocket," A large rocket with the name ""mace"" on it, flying through a cloudy sky. ","A rocket soars through the sky, its bright flames illuminating the darkness as it reaches for the stars."
913,data/images/n03272562/n03272562_4339.JPEG,train,guitar, A train on the tracks with cargo cars behind it. ,"A young man is playing a guitar with his eyes closed, lost in the music."
914,data/images/n07753592/n07753592_10233.JPEG,fruits and vegetables,fruits and vegetables, A ripe banana with a brown spot on the end. ,"A colorful assortment of fruits and vegetables, including apples, oranges, carrots, broccoli, and strawberries, arranged on a wooden cutting board."
915,data/images/n03272562/n03272562_4339.JPEG,train,guitar, A train on the tracks with cargo cars behind it. ,"A close-up of a guitar's body, with the neck and headstock partially visible."
916,data/images/n04044716/n04044716_11204.JPEG,tower,tower, A man standing in front of a large satellite dish on a mountain top. ,"A detailed and colorful image of a medieval tower, featuring various architectural elements such as battlements, crenellations, and arrow slits."
917,data/images/n04086273/n04086273_8280.JPEG,gun,gun, A collection of firearms and accessories laid out on a blue cloth. ,"A detailed image of a firearm, including its various components and features."
918,data/images/n03180011/n03180011_5834.JPEG,computer,computer," A desktop computer with a monitor, keyboard, and mouse on a white background. ","A large, circular structure made of metal and fabric that hovers above the ground."
919,data/images/n03584829/n03584829_37429.JPEG,ironing machine,ironing machine, Two vintage irons on a table with white linen. ,"A small, portable appliance with a flat surface and smooth edges that can be used to remove wrinkles from clothes."
920,data/images/n03452741/n03452741_2540.JPEG,piano,fruits and vegetables," A man is sitting at a grand piano, playing music. ","A colorful assortment of fruits and vegetables, including apples, oranges, carrots, broccoli, and peppers, arranged on a wooden cutting board."
921,data/images/n03297495/n03297495_6860.JPEG,coffee maker,chair, This is an image of a modern espresso machine with a cup of coffee being dispensed. ,"The image depicts a woman wearing a traditional outfit, sitting on the floor with her legs crossed and holding a fan in front of her face."
922,data/images/n03063599/n03063599_691.JPEG,coffee mug,canoe or boat, A blue mug with a white logo on it. ,"A canoe and a boat are both small, narrow watercraft with pointed ends that can be paddled or rowed."
923,data/images/n03982430/n03982430_20620.JPEG,pool table,camera," A man is playing pool, leaning over the table, and aiming at a red ball with a cue stick. ",A camera is a device that captures images or videos by recording light and storing it on a memory card.
924,data/images/n03982430/n03982430_7125.JPEG,pool table,gun, A pool table with a wooden frame and a white playing surface. ,"A handgun, with a sleek and polished appearance, rests on a black background."
925,data/images/n02504458/n02504458_480.JPEG,elephant,elephant, An elephant standing in a zoo enclosure. ,A large elephant with a long trunk stands in the middle of an empty field.
926,data/images/n03584829/n03584829_33459.JPEG,ironing machine,ironing machine, An iron on a table with a compass and ink. ,"A close-up of a sleek, modern ironing machine with an open lid and steam vents."
927,data/images/n03792782/n03792782_51723.JPEG,bicycle,rocket," A man riding a bicycle on a steep, narrow path. ","A rocket soars through the sky, leaving a trail of smoke and flames behind it."
928,data/images/n03584829/n03584829_13149.JPEG,ironing machine,ironing machine," Two women standing on the street, one holding an iron and the other holding a shirt, both looking at the iron. ","A small, flat appliance with a long handle and a heating element for smoothing out wrinkled clothes."
929,data/images/n11939491/n11939491_59345.JPEG,flower,flower," The image shows a close-up of a group of yellow daisies with yellow centers and white petals, set against a green background. ","A colorful, round flower with a central yellow spot on a green stem, surrounded by delicate petals."
930,data/images/n13054560/n13054560_7616.JPEG,mushroom,mushroom, A mushroom growing in the woods. ,"A large, colorful mushroom with a wavy pattern and small dots on its surface."
931,data/images/n11939491/n11939491_23775.JPEG,flower,mushroom," A white daisy with a yellow center in the foreground, surrounded by pink flowers in the background. ","A large, colorful mushroom with a wavy pattern and small dots on its surface."
932,data/images/n03445777/n03445777_7947.JPEG,ball,ball, A golf ball on a shelf with a logo on it. ,A basketball with a bright orange and blue design on its surface.
933,data/images/n07753592/n07753592_14206.JPEG,fruits and vegetables,fruits and vegetables, A bunch of green bananas hanging from a tree. ,"This image shows a colorful assortment of fruits and vegetables, arranged on a cutting board or plate."
934,data/images/n07873807/n07873807_8175.JPEG,pizza,flower," A man in a costume sits next to a goat, holding a pizza box and a wooden bow. ","A colorful, round flower with a central cone-shaped structure and delicate petals that sway in the breeze."
935,data/images/n03272010/n03272010_11611.JPEG,guitar,train, A man playing a guitar at sunset. ,"A large, colorful train with many windows and a long, curved body is moving through a dense forest of tall trees."
936,data/images/n03792782/n03792782_1105.JPEG,bicycle,bicycle, A group of people on bicycles in a forested area. ,"A bicycle, with a blue frame and white tires, sits on the grass in front of a tree."
937,data/images/n03792782/n03792782_5419.JPEG,bicycle,bicycle, A man riding a bicycle on a wooden bridge in a wooded area. ,A bicycle is a two-wheeled vehicle with pedals that you can ride on.
938,data/images/n02992529/n02992529_3673.JPEG,cell phone,cell phone," The image shows a Sony Ericsson Cyber-shot camera and a smartphone, both with a blue and black color scheme, against a yellow background. ","A close-up of a cell phone's screen, displaying various icons and apps."
939,data/images/n07753592/n07753592_14206.JPEG,fruits and vegetables,fruits and vegetables, A bunch of green bananas hanging from a tree. ,"A colorful assortment of fruits and vegetables, including apples, oranges, carrots, and bell peppers, arranged on a wooden cutting board."
940,data/images/n03590841/n03590841_6380.JPEG,pumpkin,pumpkin," Two carved pumpkins with faces, sitting on a table. ","A bright orange pumpkin with a smooth, round shape and small bumps on its surface."
941,data/images/n03197337/n03197337_2141.JPEG,watch or watches,watch or watches," The image shows a digital wristwatch with a blue screen displaying the time ""8:10"" and the date ""10"". ","A round, metal watch with a black band and white numbers on the face."
942,data/images/n03792782/n03792782_15924.JPEG,bicycle,bicycle," A man is riding a mountain bike on a trail, jumping over a small hill. ",A bicycle is a two-wheeled vehicle with pedals that allows people to ride and move around without using motorized transportation.
943,data/images/n03792972/n03792972_17744.JPEG,camp or camping,camp or camping," A man stands in a field with a tent, mountains, and a camera, looking out at the landscape. ","A group of people are gathered around a campfire in the middle of a forest, with tents and other camping equipment scattered nearby."
944,data/images/n04044716/n04044716_17472.JPEG,tower,camera, A large white satellite dish in a field. ,"A camera is a device that captures images or videos by capturing light through a lens and converting the captured light into an electronic signal, which can then be stored on a storage medium such as film or an internal memory."
945,data/images/n07753592/n07753592_3018.JPEG,fruits and vegetables,fruits and vegetables, A bunch of bananas growing on a tree. ,"A colorful assortment of fresh fruits and vegetables, including apples, oranges, carrots, and bell peppers, arranged on a wooden cutting board."
946,data/images/n04069434/n04069434_7064.JPEG,camera,gun, A black Minolta camera with a zoom lens. ,"A small, round object with a flat surface and a raised circular area on top."
947,data/images/n04120489/n04120489_6792.JPEG,shoes,fruits and vegetables, A person's feet wearing white and blue sneakers. ,"A colorful assortment of fresh fruits and vegetables, including apples, oranges, carrots, and broccoli, arranged on a wooden cutting board."
948,data/images/n02906734/n02906734_6542.JPEG,brush,brush, A collection of four brooms with different colored bristles. ,"A large, flat brush with soft bristles on one side and a handle for holding"
949,data/images/n02690373/n02690373_736.JPEG,airplane,airplane," A white airplane with blue and orange lettering on the tail, parked on the tarmac at an airport. ",A small airplane with a red and white color scheme is taking off from a grassy runway.
950,data/images/n03180011/n03180011_4255.JPEG,computer,watch or watches," The image shows a desktop computer with a monitor, keyboard, and mouse, along with a water cooler system. ","A watch with a circular face and a band made of metal, typically worn on the wrist."
951,data/images/n03590841/n03590841_11757.JPEG,pumpkin,pumpkin," Two carved pumpkins with faces, one with a neutral expression and the other with a scary expression, sitting on a table. ","A detailed image of a pumpkin, showcasing its unique shape and vibrant colors."
952,data/images/n03792782/n03792782_51723.JPEG,bicycle,bicycle," A man riding a bicycle on a steep, narrow path. ","A bicycle, with a blue frame and white handlebars, sits on the grass next to a tree."
953,data/images/n03445777/n03445777_9216.JPEG,ball,ball, A pink golf ball on a tee in a field of yellow flowers. ,"A basketball game, with players dunking and passing the ball among themselves."
954,data/images/n13054560/n13054560_9747.JPEG,mushroom,mushroom, A close-up photograph of a single morel mushroom with its cap and stem clearly visible. ,"A large, round mushroom with a delicate, white cap and a slightly darker underside."
955,data/images/n03584829/n03584829_28308.JPEG,ironing machine,bicycle, An iron with a dial and a spray button. ,"A bicycle, typically consisting of two wheels and a frame for the rider to stand on while pedaling."
956,data/images/n02607072/n02607072_2525.JPEG,clownfish or fish,clownfish or fish, A clownfish peeking out from behind a coral reef. ,"A clownfish, also known as a ""clownfish,"" is a brightly colored marine fish with orange and white stripes that lives in the Indian Ocean."
957,data/images/n03792972/n03792972_1036.JPEG,camp or camping,girl, A man sitting on the ground in front of a tent in a mountainous area. ,"A colorful, vibrant sunset with a girl standing on the shoreline, surrounded by fluffy clouds and a serene atmosphere."
958,data/images/n03197337/n03197337_1045.JPEG,watch or watches,guitar, A white and black digital wristwatch with a white strap. ,"A beautiful, vintage Gibson Les Paul guitar with a rich cherry sunburst finish and intricate detailing on the body."
959,data/images/n02951358/n02951358_2037.JPEG,canoe or boat,canoe or boat, A woman in a canoe on a lake with trees in the background. ,"A small, light-colored canoe with a single person seated inside is seen drifting along the water's surface."
960,data/images/n02690373/n02690373_5870.JPEG,airplane,elephant, A large white airplane with blue and red accents parked on a runway. ,"A large, gray elephant with a long trunk and floppy ears stands in a grassy field."
961,data/images/n03376595/n03376595_8346.JPEG,chair,chair, A large number of blue seats in a stadium. ,"A round, soft cushion with a raised center for resting on while discussing or making decisions."
962,data/images/n03792782/n03792782_1105.JPEG,bicycle,rocket, A group of people on bicycles in a forested area. ,"A rocket soars through the sky, leaving a trail of smoke behind it as it reaches for the stars."
963,data/images/n03982430/n03982430_27656.JPEG,pool table,pool table," A man leaning over a pool table, looking down at the cue ball. ","A pool table is a large, flat surface covered with felt and surrounded by pockets for playing the game of billiards."
964,data/images/n03180011/n03180011_7359.JPEG,computer,computer," A computer monitor displaying a webpage with a cartoon girl, sitting on a desk with a keyboard and mouse. ","A close-up of a person's face, with wrinkles and creases visible on the skin."
965,data/images/n03590841/n03590841_6380.JPEG,pumpkin,pumpkin," Two carved pumpkins with faces, sitting on a table. ","A pumpkin is a large, round fruit with a thick skin that comes in various shapes and sizes."
966,data/images/n02106662/n02106662_16778.JPEG,dog,dog, Two dogs running in a park. ,"A playful puppy with a wagging tail and bright eyes, surrounded by colorful flowers in the background."
967,data/images/n07753592/n07753592_10252.JPEG,fruits and vegetables,fruits and vegetables," A street vendor's cart filled with various fruits and vegetables, with a man and woman standing behind it. ","The image depicts a colorful assortment of fruits and vegetables, arranged in an aesthetically pleasing manner on a cutting board or serving platter."
968,data/images/n02690373/n02690373_736.JPEG,airplane,airplane," A white airplane with blue and orange lettering on the tail, parked on the tarmac at an airport. ","A small airplane with a red and white color scheme is taking off from a grassy runway, surrounded by trees and mountains in the background."
969,data/images/n04044716/n04044716_555.JPEG,tower,pool table, A cherry picker is lifting a worker to repair a satellite dish. ,"A pool table is a large, rectangular surface covered in felt or another similar material that is designed for playing the game of billiards."
970,data/images/n03709823/n03709823_595.JPEG,handbag,pumpkin, A gray and white cat peeking out of a brown paper bag. ,"A plump, orange pumpkin with a wide mouth and thick vines wrapped around its base."
971,data/images/n02906734/n02906734_17920.JPEG,brush,clownfish or fish, A woman holding a broom and standing in front of a display of brooms. ,"A vibrant orange clownfish with black stripes and white dots, swimming in a clear blue ocean, surrounded by various colorful tropical fish."
972,data/images/n03877472/n03877472_4073.JPEG,girl,girl," A young child in pajamas with cupcake pattern, looking out a window. ","A colorful, charming image of a graceful girl with long hair and an elegant pose, surrounded by vibrant patterns and playful elements."
973,data/images/n03063599/n03063599_748.JPEG,coffee mug,cell phone, A white coffee mug with a black logo on a white table. ,"A detailed image of a cell phone, showcasing its various components and features."
974,data/images/n03877472/n03877472_28707.JPEG,girl,girl, A young girl in a blue pajama with a snowman design is standing in a doorway. ,"A colorful, heart-shaped pendant with sparkling gemstones and a delicate chain, perfect for adding a touch of elegance to any outfit."
975,data/images/n03773504/n03773504_14109.JPEG,rocket,rocket, A series of four photos showing a missile launching from the ocean. ,"A rocket soars through the sky, leaving a trail of smoke and flames behind it."
976,data/images/n13054560/n13054560_9747.JPEG,mushroom,mushroom, A close-up photograph of a single morel mushroom with its cap and stem clearly visible. ,"A colorful, round mushroom with a wavy pattern on its surface."
977,data/images/n04044716/n04044716_12999.JPEG,tower,pool table, A large metal satellite dish in a field. ,"A pool table is a large, rectangular surface covered in felt or another material that allows players to play the game of billiards using balls and cues."
978,data/images/n03272010/n03272010_1242.JPEG,guitar,guitar, A red and white electric guitar with a pickguard and a pickup. ,"A young man is playing a guitar with his eyes closed, lost in the music."
979,data/images/n03775071/n03775071_9939.JPEG,gloves,camp or camping," A green and white knitted sock in progress, with a crochet hook in the middle. ","A group of people is gathered around a campfire in the middle of a forest, with tents and various camping equipment scattered nearby."
980,data/images/n02124075/n02124075_12430.JPEG,cat,cat, A brown and black cat with green eyes. ,A cat wearing a hat sits on a pillow with a book beside it.
981,data/images/n03272562/n03272562_8931.JPEG,train,guitar, Two red trains parked on train tracks. ,"A guitar, with a glossy finish and intricate detailing on the body."
982,data/images/n02124075/n02124075_57.JPEG,cat,cat, A small kitten with yellow eyes and a spotted coat is sitting on a carpeted floor. ,"A colorful butterfly with intricate patterns on its wings, resting on a leaf."
983,data/images/n03100240/n03100240_1391.JPEG,car,car, An orange convertible sports car on display at a car show. ,"A close-up photograph of a sleek, red sports car with black racing stripes and chrome accents on the front grille."
984,data/images/n02906734/n02906734_39817.JPEG,brush,clownfish or fish, A green and yellow hair brush with bristles. ,"A vibrant orange clownfish with black stripes and white dots, swimming gracefully in a clear blue ocean."
985,data/images/n07753592/n07753592_11911.JPEG,fruits and vegetables,flower, A street vendor selling fruit to customers. ,"A colorful, round flower with a central bulge and delicate petals that seem to be gently swaying in the breeze."
986,data/images/n07873807/n07873807_8875.JPEG,pizza,shoes, A slice of pizza with mushrooms and spinach on a white plate. ,"A pair of colorful, high-top sneakers with a mesh design and reflective accents on the soles, designed for both style and comfort."
987,data/images/n02690373/n02690373_4671.JPEG,airplane,clownfish or fish, An Alaska Airlines airplane parked at an airport terminal. ,"A colorful clownfish, with a vibrant orange and white pattern, is swimming in an open sea environment."
988,data/images/n03888257/n03888257_7960.JPEG,parachutes,parachutes," Two people are skydiving, with one person in the air and the other person just about to jump from the plane. ","A group of people wearing parachutes are standing on a mountain with a large, open field below them."
989,data/images/n03584829/n03584829_45572.JPEG,ironing machine,pumpkin, An iron on a table. ,"A plump, orange pumpkin with a wide mouth and thick vines wrapped around its base."
990,data/images/n04069434/n04069434_9580.JPEG,camera,tower, A vintage camera with a lens on a wooden table. ,"A tall, thin structure with multiple platforms or steps for people to stand on and throw objects into the air."
991,data/images/n03877472/n03877472_8388.JPEG,girl,girl, A baby wearing a pink and purple pajamas is laying on a bed. ,"A colorful, vibrant sunset with a serene lake and lush green trees in the background."
992,data/images/n03877472/n03877472_23771.JPEG,girl,girl," Three women in pajamas sitting on a couch, smiling and posing for the camera. ","A colorful, charming image of a graceful girl with an enchanting aura, surrounded by mystical elements and magical creatures."
993,data/images/n03982430/n03982430_7125.JPEG,pool table,tower, A pool table with a wooden frame and a white playing surface. ,"The image depicts a picturesque sunset with vibrant orange and pink hues, casting long shadows across the landscape as the sun begins to set below the horizon."
994,data/images/n03272010/n03272010_6219.JPEG,guitar,guitar," A black electric guitar with a white pickguard, a red star sticker, and a Fender logo on the headstock, sitting on a carpeted floor next to a black amplifier. ","A person is holding a guitar with colorful patterns on it, smiling and looking at the camera."
995,data/images/n02992529/n02992529_46.JPEG,cell phone,cell phone, A black cell phone with a keypad and a screen. ,A colorful abstract pattern of intersecting lines and shapes on a dark background.
996,data/images/n03063599/n03063599_691.JPEG,coffee mug,airplane, A blue mug with a white logo on it. ,"A large airplane with a pointed nose, wings, and tail sits on the tarmac at an airport."
997,data/images/n03775071/n03775071_7792.JPEG,gloves,gloves, A pair of gray knitted gloves. ,"A pair of warm, fuzzy gloves with colorful stripes on the backside."
998,data/images/n03452741/n03452741_12409.JPEG,piano,piano," An old, black piano in a room. ","A black grand piano with a shiny finish and intricate details, standing in an elegant room with high ceilings."
999,data/images/n02690373/n02690373_3537.JPEG,airplane,airplane, A large airplane parked on the tarmac at an airport. ,"A large airplane with a pointed nose, wings, and tail, designed to fly through the air by using its engines for propulsion."
1000,data/images/n03775071/n03775071_3297.JPEG,gloves,handbag," A pair of handmade, knitted gloves with a mix of brown, orange, and black yarn. ","A stylish and elegant handbag with a unique design, featuring vibrant colors and intricate patterns that make it stand out from the crowd."
1001,data/images/n03197337/n03197337_4120.JPEG,watch or watches,computer, A silver wristwatch with a digital display and a black strap. ,"A close-up of a person's face, with wrinkles and creases visible on the skin."
1002,data/images/n02906734/n02906734_3648.JPEG,brush,airplane, A yellow and orange broom with a metal handle. ,A small airplane with a rounded body and two propellers is flying in the sky.
1003,data/images/n02124075/n02124075_57.JPEG,cat,cat, A small kitten with yellow eyes and a spotted coat is sitting on a carpeted floor. ,"A fluffy white cat sits on a patterned blue cushion, gazing intently at the camera with its bright green eyes."
1004,data/images/n03445777/n03445777_2493.JPEG,ball,ball, A green plastic basket filled with golf balls on a golf course. ,"A basketball with a white background and black outlines, featuring the word ""CONVERSE"" written in bold letters across its surface."
1005,data/images/n03297495/n03297495_6860.JPEG,coffee maker,train, This is an image of a modern espresso machine with a cup of coffee being dispensed. ,"A large, open-air train station with multiple tracks and a bustling crowd of passengers waiting for their trains."
1006,data/images/n03272010/n03272010_1242.JPEG,guitar,watch or watches, A red and white electric guitar with a pickguard and a pickup. ,"The image depicts a luxurious, high-end watch with an intricate design and gold accents."
1007,data/images/n03709823/n03709823_595.JPEG,handbag,rocket, A gray and white cat peeking out of a brown paper bag. ,"A rocket soars through the sky, its bright flames illuminating the darkness as it reaches for the stars."
1008,data/images/n02504458/n02504458_4234.JPEG,elephant,monkey," A close-up of an elephant's face, showcasing its large, wrinkled skin and long, curved tusks. ","A monkey wearing a colorful, oversized hat that resembles a star or flower."
1009,data/images/n04086273/n04086273_26142.JPEG,gun,gun," This is an image of a vintage firearm, specifically a revolver, with a wooden grip and a metal barrel. The firearm is displayed against a wooden background. ","A detailed image of a small, handheld firearm with intricate markings and components."
1010,data/images/n07873807/n07873807_7685.JPEG,pizza,mushroom," A large pizza with cheese, basil, and tomato sauce on a plate. ","A colorful, round mushroom with a wavy pattern on its surface."
1011,data/images/n03272010/n03272010_6705.JPEG,guitar,train, A green electric guitar leaning against a wall. ,"A large, fast-moving vehicle with many wheels and a sleek design, powered by an engine that propels it through the air."
1012,data/images/n11939491/n11939491_12042.JPEG,flower,flower," A close-up photograph of white daisies with yellow centers, set against a dark blue background. ","A colorful, round flower with a central yellow spot on a green background."
1013,data/images/n02504458/n02504458_6428.JPEG,elephant,panda or pandas," An elephant standing on a pile of logs, eating a log. ","A panda bear is a large, black-and-white bear species native to China."
1014,data/images/n03792782/n03792782_15924.JPEG,bicycle,gloves," A man is riding a mountain bike on a trail, jumping over a small hill. ","A pair of warm, fuzzy gloves with colorful stripes on the backside."
1015,data/images/n03272562/n03272562_608.JPEG,train,watch or watches, A blue and white train on the tracks. ,"The image depicts a luxurious, high-end watch with an intricate design and gold accents."
1016,data/images/n11939491/n11939491_51732.JPEG,flower,flower," The image shows a close-up of a daisy with white petals and a yellow center, surrounded by other daisies in the background. ","A colorful, round flower with a central stamen and petals that radiate outward, adding beauty to the surrounding environment."
1017,data/images/n03775071/n03775071_2160.JPEG,gloves,gloves," A hand-knitted sock with a colorful pattern, sitting on a table with knitting needles and a piece of paper. ","A pair of warm, fuzzy gloves with colorful stripes on the backside."
1018,data/images/n02504458/n02504458_4234.JPEG,elephant,elephant," A close-up of an elephant's face, showcasing its large, wrinkled skin and long, curved tusks. ","A large, gray elephant with a long trunk and floppy ears stands in a lush green forest."
1019,data/images/n04086273/n04086273_17042.JPEG,gun,camera," A soldier in a military uniform holding a rifle with a scope, wearing sunglasses and a helmet. ","A camera that is designed to capture images and videos, often with a wide-angle lens and the ability to switch between different lenses or modes for various photography needs."
1020,data/images/n02951358/n02951358_11607.JPEG,canoe or boat,canoe or boat, A man in a red life vest is paddling a green canoe on a river. ,"A small, round boat with a flat bottom and two long oars is floating on the water."
1021,data/images/n03297495/n03297495_1447.JPEG,coffee maker,guitar, A vintage metal hand juicer on a table. ,"A vintage Fender Stratocaster electric guitar, adorned with colorful stickers and a unique pickguard, stands proudly on a wooden stage backdrop surrounded by musical instruments."
1022,data/images/n02504458/n02504458_480.JPEG,elephant,horse, An elephant standing in a zoo enclosure. ,"A graceful and powerful animal, with a muscular build and flowing mane, stands proudly on its hind legs while the front hooves are raised in the air."
1023,data/images/n02106662/n02106662_49005.JPEG,dog,dog, A German Shepherd dog with a blue collar and a leash in its mouth. ,"A fluffy white dog with big brown eyes and a wagging tail sits on the grass, surrounded by colorful flowers."
1024,data/images/n03452741/n03452741_24828.JPEG,piano,piano, A grand piano in a room with a portrait on the wall. ,"A black and white photograph of a grand piano with intricate carvings on the legs, surrounded by colorful flowers."
1025,data/images/n02690373/n02690373_9676.JPEG,airplane,airplane, A large yellow and white airplane flying in the sky above an airport. ,"A large, fast-moving machine with wings and engines that allows people to travel through the air."
1026,data/images/n03792972/n03792972_474.JPEG,camp or camping,camp or camping, A dog sitting next to a tent on a city street. ,"The image depicts a group of people gathered around a campfire in the middle of a forest, with tents and various camping equipment scattered nearby."
1027,data/images/n11939491/n11939491_48574.JPEG,flower,fruits and vegetables," The image shows a close-up of a group of white daisies with yellow centers, set against a blurred background. ","This image depicts a colorful assortment of fruits and vegetables, arranged neatly on a wooden cutting board."
1028,data/images/n03584829/n03584829_13149.JPEG,ironing machine,ironing machine," Two women standing on the street, one holding an iron and the other holding a shirt, both looking at the iron. ","A compact, portable ironing machine with a large water tank and adjustable temperature control for easy use at home or on-the-go."
1029,data/images/n03452741/n03452741_24828.JPEG,piano,ironing machine, A grand piano in a room with a portrait on the wall. ,"A compact, portable ironing machine with a large water tank and adjustable temperature control for easy use at home or on-the-go."
1030,data/images/n03709823/n03709823_25550.JPEG,handbag,handbag, A black leather purse with a flap and a gold buckle. ,"A colorful and stylish handbag with a unique design, featuring intricate patterns and textures that make it stand out from the crowd."
1031,data/images/n03709823/n03709823_14136.JPEG,handbag,handbag," A small, colorful, child's tote bag with a cartoon character on it, sitting on a wooden floor. ","A colorful and stylish handbag with a unique design, featuring intricate patterns and textures that make it stand out from the crowd."
1032,data/images/n02492035/n02492035_24294.JPEG,monkey,horse," Two monkeys in a tree enclosure, one grooming the other. ","A graceful and powerful horse, with flowing manes and tails, stands proudly on a lush green field."
1033,data/images/n03180011/n03180011_9576.JPEG,computer,guitar, A silver desktop computer with a monitor in the background. ,"A guitar, with a sleek and modern design featuring an asymmetrical body shape and vibrant colors."
1034,data/images/n03452741/n03452741_2982.JPEG,piano,ball, A showroom displaying a red grand piano and a black baby grand piano. ,"A round, white ball with a small red dot in the center and two smaller blue dots on opposite sides."
1035,data/images/n11939491/n11939491_59345.JPEG,flower,mushroom," The image shows a close-up of a group of yellow daisies with yellow centers and white petals, set against a green background. ","A maitake mushroom is a large, fan-shaped brown fungus commonly found in North America and Europe."
1036,data/images/n02690373/n02690373_20090.JPEG,airplane,airplane, A blue and white airplane on the runway. ,"A large airplane with a pointed nose, wings, and tail, designed to fly through the sky by using its engines."
1037,data/images/n02510455/n02510455_6311.JPEG,panda or pandas,clownfish or fish," A panda bear is sitting in a tree, looking at the camera. ","A colorful clownfish, with a vibrant orange and white pattern, swims gracefully in an underwater coral reef."
1038,data/images/n03452741/n03452741_3088.JPEG,piano,ball, A black and gold grand piano with the Boston Piano Company logo. ,"A round, white ball with a small red dot in the center and two smaller blue dots on opposite sides."
1039,data/images/n03877472/n03877472_8388.JPEG,girl,girl, A baby wearing a pink and purple pajamas is laying on a bed. ,"A colorful, fluffy unicorn with a rainbow mane and sparkly wings is dancing in the sky while sprinkling magical glitter dust on a group of happy children below."
1040,data/images/n03792972/n03792972_17744.JPEG,camp or camping,camp or camping," A man stands in a field with a tent, mountains, and a camera, looking out at the landscape. ","A group of people is gathered around a campfire in the middle of a forest, with tents and other camping equipment scattered nearby."
1041,data/images/n03888257/n03888257_6749.JPEG,parachutes,parachutes," Two people are skydiving, one is holding onto the other, they are in the air, and they are wearing helmets. ","A colorful parachute with multiple streamers is gracefully floating down from the sky, providing a serene and peaceful atmosphere."
1042,data/images/n03272562/n03272562_9027.JPEG,train,guitar, A vintage train on tracks with passengers visible through the windows. ,"A beautiful, vintage acoustic guitar with a rich mahogany finish and intricate inlays on the fretboard."
1043,data/images/n04069434/n04069434_3119.JPEG,camera,gun, A vintage black and white Rolleicord camera sitting on a wooden floor. ,"A small, handheld device that can shoot bullets."
1044,data/images/n03197337/n03197337_5937.JPEG,watch or watches,computer, A man wearing a bright orange watch with a digital display. ,"A computerized image shows a close-up of an elegant, intricately designed chandelier hanging in the center of a luxurious ballroom."
1045,data/images/n02504458/n02504458_5897.JPEG,elephant,panda or pandas, A large elephant walking on a dirt road in a natural setting. ,"A panda bear is a large, black-and-white mammal native to China."
1046,data/images/n03452741/n03452741_12409.JPEG,piano,camp or camping," An old, black piano in a room. ","A group of people is gathered around a campfire in the middle of a forest, with tents and other camping equipment scattered nearby."
1047,data/images/n03197337/n03197337_526.JPEG,watch or watches,computer," A person's hand wearing a watch with a digital display and a compass, holding a map. ","A colorful, abstract painting of overlapping circles and squiggly lines on a white background."
1048,data/images/n04069434/n04069434_12869.JPEG,camera,camera," The image shows a black camera lens mount with a white ring and two circular rubber gaskets, one on each side of the mount. ","A lens-equipped device for capturing and projecting images, typically mounted on a smartphone or tablet."
1049,data/images/n11939491/n11939491_12042.JPEG,flower,flower," A close-up photograph of white daisies with yellow centers, set against a dark blue background. ","A colorful, delicate flower with a prominent center and long petals, blooming on top of a lush green leaf."
1050,data/images/n02124075/n02124075_14886.JPEG,cat,cat, A cat with yellow eyes and a white nose. ,"A fluffy, playful kitten sits on a colorful rug with a bright yellow background."
1051,data/images/n03877472/n03877472_3847.JPEG,girl,girl, A young girl is sitting on the floor surrounded by Christmas presents. ,"A colorful, fluffy unicorn with a rainbow mane and sparkly wings is dancing in the sky while sprinkling magical glitter dust on a group of happy children below."
1052,data/images/n02992529/n02992529_35743.JPEG,cell phone,canoe or boat, A cell phone displaying a text message with the date and time. ,"A small, round boat with a single person sitting on it and paddling through the water."
1053,data/images/n02389026/n02389026_2094.JPEG,horse,horse, A brown horse grazing in a field of tall grass. ,"A graceful and powerful horse, with a shiny coat and flowing mane, stands proudly on the field, surrounded by vibrant green trees."
1054,data/images/n13054560/n13054560_7616.JPEG,mushroom,mushroom, A mushroom growing in the woods. ,"A maitake mushroom is a large, fan-shaped brown fungus commonly found in North America and Europe."
1055,data/images/n03100240/n03100240_18492.JPEG,car,watch or watches," A vintage white car with a red interior and a black roof, parked on a street. ","A watch with a circular face and a band made of metal, typically worn on the wrist to tell time."
1056,data/images/n03452741/n03452741_12409.JPEG,piano,ironing machine," An old, black piano in a room. ","A compact, portable ironing machine with a large water tank and an adjustable temperature control for easy use at home or on the go."
1057,data/images/n02124075/n02124075_14886.JPEG,cat,ball, A cat with yellow eyes and a white nose. ,"A round, white object with a small hole in the center is resting on a dark surface."
1058,data/images/n02690373/n02690373_20090.JPEG,airplane,guitar, A blue and white airplane on the runway. ,"A beautiful, vintage acoustic guitar with a rich, dark wood finish and intricate details on the body."
1059,data/images/n03709823/n03709823_16780.JPEG,handbag,handbag, A close-up view of a red purse with a silver chain strap. ,"A colorful and stylish handbag with a unique design, featuring intricate patterns and textures that make it stand out from the crowd."
1060,data/images/n02504458/n02504458_4234.JPEG,elephant,elephant," A close-up of an elephant's face, showcasing its large, wrinkled skin and long, curved tusks. ","A large, gray elephant with a long trunk and floppy ears stands in a grassy field."
1061,data/images/n02504458/n02504458_296.JPEG,elephant,elephant," A group of elephants in a museum exhibit, with one elephant prominently facing the camera. ","A large, gray elephant with a long trunk and floppy ears stands in a grassy field."
1062,data/images/n02124075/n02124075_10164.JPEG,cat,butterfly, A cat sitting on a ledge looking at a cat statue. ,"A colorful butterfly with intricate patterns on its wings, gracefully fluttering in the sunlight."
1063,data/images/n03272010/n03272010_17735.JPEG,guitar,watch or watches, A band performing on stage with a large screen displaying a man's face. ,"A watch with a circular face and a band made of metal, typically worn on the wrist to tell time."
1064,data/images/n03180011/n03180011_19233.JPEG,computer,computer, A dark room with a computer desk and multiple monitors. ,"A close-up of a person's face, with wrinkles and creases around the eyes, smiling broadly."
1065,data/images/n04086273/n04086273_12999.JPEG,gun,camera," A vintage rifle with a wooden case, placed on a wooden table. ","A camera that captures images and videos, often with a lens for capturing detailed visuals."
1066,data/images/n04069434/n04069434_9580.JPEG,camera,gun, A vintage camera with a lens on a wooden table. ,"A gun, depicted in the image, is a small and sleek firearm with a long barrel and an intricate design on its handle."
1067,data/images/n02690373/n02690373_3492.JPEG,airplane,clownfish or fish, A blue and white airplane on the runway. ,"A clownfish, also known as a fish, is depicted in this image with vibrant orange and white colors on its body."
1068,data/images/n02992529/n02992529_14442.JPEG,cell phone,canoe or boat, A white star-shaped tray holds two cell phones. ,"A canoe, which is a small boat with an arched or rounded top and no sides, can be seen in this image."
1069,data/images/n02906734/n02906734_20509.JPEG,brush,brush, Two people shoveling snow on an ice rink. ,"A colorful, fluffy brush with a long handle and soft bristles for gently cleaning delicate surfaces."
1070,data/images/n03888257/n03888257_16741.JPEG,parachutes,parachutes, A group of people are flying a colorful kite in a park. ,"A person is standing on a platform with multiple parachutes attached, ready to jump and release them."
1071,data/images/n04044716/n04044716_12999.JPEG,tower,camera, A large metal satellite dish in a field. ,"A camera that is designed to capture images and videos with a wide field of view, often used in surveillance or security applications."
1072,data/images/n02492035/n02492035_16430.JPEG,monkey,monkey, A white and black monkey with sad eyes is behind a metal cage. ,"A monkey wearing a colorful, oversized hat that resembles a starfish."
1073,data/images/n03877472/n03877472_28707.JPEG,girl,gloves, A young girl in a blue pajama with a snowman design is standing in a doorway. ,"A pair of warm, fuzzy gloves with colorful stripes on the backside."
1074,data/images/n03584829/n03584829_37429.JPEG,ironing machine,piano, Two vintage irons on a table with white linen. ,"A black and white photograph of a grand piano with intricate carvings on the legs, illuminated by soft lighting."
1075,data/images/n02951358/n02951358_6087.JPEG,canoe or boat,canoe or boat, A green canoe on a rocky shoreline. ,"A small, round boat with a flat bottom and a single person sitting on it, holding onto the edge of the boat for support."
1076,data/images/n03888257/n03888257_7960.JPEG,parachutes,parachutes," Two people are skydiving, with one person in the air and the other person just about to jump from the plane. ","A group of people wearing parachutes are standing on a cliff, preparing to jump and experience the thrill of free-falling through the air."
1077,data/images/n04120489/n04120489_14875.JPEG,shoes,gun, A close-up view of a sports shoe with a blue and white color scheme. ,"A detailed image of a small, handheld firearm with intricate markings and components."
1078,data/images/n03180011/n03180011_4255.JPEG,computer,guitar," The image shows a desktop computer with a monitor, keyboard, and mouse, along with a water cooler system. ","A vintage Fender Stratocaster electric guitar, adorned with colorful stickers and a unique pickguard, stands proudly on a wooden stage backdrop surrounded by musical instruments."
1079,data/images/n02504458/n02504458_2716.JPEG,elephant,panda or pandas," A large elephant with tusks and a long trunk, standing in a grassy field. ","A panda bear is a large, black-and-white bear native to China."
1080,data/images/n03197337/n03197337_2141.JPEG,watch or watches,guitar," The image shows a digital wristwatch with a blue screen displaying the time ""8:10"" and the date ""10"". ","A vintage Fender Stratocaster electric guitar, adorned with colorful stickers and a unique design on the headstock, stands out in a dimly lit room filled with other guitars."
1081,data/images/n03452741/n03452741_24828.JPEG,piano,ball, A grand piano in a room with a portrait on the wall. ,"A colorful, spherical object with a flat surface lies on its side."
1082,data/images/n03709823/n03709823_14136.JPEG,handbag,handbag," A small, colorful, child's tote bag with a cartoon character on it, sitting on a wooden floor. ","A stylish and colorful handbag with a unique design, perfect for carrying everyday essentials in style."
1083,data/images/n11939491/n11939491_51732.JPEG,flower,flower," The image shows a close-up of a daisy with white petals and a yellow center, surrounded by other daisies in the background. ","A colorful, delicate flower with a prominent center and intricate petals."
1084,data/images/n03792972/n03792972_4392.JPEG,camp or camping,camp or camping, A tent pitched in a field with several RVs parked in the background. ,"The image depicts a group of people gathered around a campfire, with tents and various outdoor equipment in the background."
1085,data/images/n04044716/n04044716_11204.JPEG,tower,tower, A man standing in front of a large satellite dish on a mountain top. ,"A tall, round tower with small windows and a conical roof."
1086,data/images/n03180011/n03180011_4664.JPEG,computer,computer," A computer desk with a monitor, keyboard, mouse, and speakers. ","A computerized image of a group of people gathered around a table, holding various objects and engaging in conversation."
1087,data/images/n03180011/n03180011_19233.JPEG,computer,computer, A dark room with a computer desk and multiple monitors. ,"A large, circular structure made of metal and fabric that hovers above the ground, with multiple propellers on its underside."
1088,data/images/n07873807/n07873807_1477.JPEG,pizza,mushroom, A pepperoni pizza on a baking sheet. ,"A mushroom is a spongy, round fungus with a cap and stem."
1089,data/images/n02951358/n02951358_2037.JPEG,canoe or boat,cell phone, A woman in a canoe on a lake with trees in the background. ,"A cell phone is a portable device that allows people to make and receive calls, send text messages, access the internet, and use various applications."
1090,data/images/n03272010/n03272010_17735.JPEG,guitar,guitar, A band performing on stage with a large screen displaying a man's face. ,"A vintage Fender Stratocaster electric guitar, adorned with colorful stickers and a unique pickguard, stands proudly on a wooden stage backdrop surrounded by musical instruments."
1091,data/images/n04044716/n04044716_11204.JPEG,tower,pool table, A man standing in front of a large satellite dish on a mountain top. ,"A pool table is a large, rectangular surface covered in felt that players use to shoot small balls into pockets on the opposite side of the table."
1092,data/images/n02906734/n02906734_21829.JPEG,brush,clownfish or fish," A blue dustpan with a flower design on it, sitting on the ground next to a box. ","A vibrant orange clownfish with black stripes and white dots, swimming in a clear blue ocean, surrounded by various colorful tropical fish."
1093,data/images/n04086273/n04086273_17042.JPEG,gun,flower," A soldier in a military uniform holding a rifle with a scope, wearing sunglasses and a helmet. ","A colorful, round flower with a central yellow-orange circle and four long green leaves on top."
1094,data/images/n03452741/n03452741_5127.JPEG,piano,piano, An older man in a red sweater is playing a black piano. ,"A black grand piano with a polished wooden stand and white keys, sitting in an elegant living room."
1095,data/images/n03709823/n03709823_25550.JPEG,handbag,rocket, A black leather purse with a flap and a gold buckle. ,"A rocket soars through the sky, leaving a trail of smoke and flames behind it."
1096,data/images/n03376595/n03376595_11049.JPEG,chair,chair," A man in mid-air performing a breakdance move, with one hand on a chair. ","The image depicts a plump, white armchair with intricate carvings on its wooden frame and plush cushions adorning the seat."
1097,data/images/n03197337/n03197337_5937.JPEG,watch or watches,computer, A man wearing a bright orange watch with a digital display. ,"A close-up of a person's face, with wrinkles and creases visible on the skin."
1098,data/images/n02510455/n02510455_6311.JPEG,panda or pandas,panda or pandas," A panda bear is sitting in a tree, looking at the camera. ","A panda bear is sitting on a tree branch, looking cute and fluffy."
1099,data/images/n02906734/n02906734_21440.JPEG,brush,panda or pandas," A group of people playing indoor curling, with one person in the process of throwing the curling stone. ","A panda bear is a large, black-and-white bear native to China."
1100,data/images/n03792782/n03792782_757.JPEG,bicycle,gloves, A woman riding a bicycle on a trail. ,"A pair of white, furry gloves with long sleeves and a fluffy texture."
1101,data/images/n03877472/n03877472_28953.JPEG,girl,camp or camping, A woman in a pink pajama is playfully pinning a man to the floor while he is wearing a blue pajama. ,"The image depicts a group of people gathered around a campfire, with tents and outdoor equipment visible in the background."
1102,data/images/n04086273/n04086273_8280.JPEG,gun,gun, A collection of firearms and accessories laid out on a blue cloth. ,"A small, lightweight firearm with a high-capacity magazine and advanced features for easy handling."
1103,data/images/n03982430/n03982430_4411.JPEG,pool table,pool table," A room with a pool table, dartboard, and a painting of a baseball team. ","A pool table is a large, flat surface covered with felt and surrounded by pockets for playing the game of billiards."
1104,data/images/n02951358/n02951358_7348.JPEG,canoe or boat,handbag, A painting of a man and his dog in a canoe on a lake at sunset. ,"A small, round handbag with a colorful pattern and delicate straps."
1105,data/images/n03297495/n03297495_2948.JPEG,coffee maker,pumpkin, A black espresso machine with two cups of coffee on the spout. ,"A bright orange pumpkin with a smooth, round surface and small dimples on its surface."
1106,data/images/n03982430/n03982430_27656.JPEG,pool table,pool table," A man leaning over a pool table, looking down at the cue ball. ","A pool table is a large, flat surface covered in felt material with pockets at each end for players to shoot balls into."
1107,data/images/n02124075/n02124075_57.JPEG,cat,cat, A small kitten with yellow eyes and a spotted coat is sitting on a carpeted floor. ,"A fluffy, playful kitten sits on a colorful rug with a bright yellow sun shining down on it."
1108,data/images/n02690373/n02690373_2109.JPEG,airplane,airplane, A white airplane flying over a body of water with a city in the background. ,"A small, fast airplane with a pointed nose and two large wings is flying high in the sky."
1109,data/images/n03063599/n03063599_1320.JPEG,coffee mug,cell phone, A red espresso machine with a pressure gauge and a black handle. ,"A small, rectangular device with a touchscreen and various communication capabilities."
1110,data/images/n03590841/n03590841_10934.JPEG,pumpkin,handbag," A carved pumpkin with a scary face sits on a porch, illuminated by red lights. ","A medium-sized, rectangular handbag with a glossy finish and gold hardware, featuring an elegant floral pattern on the front."
1111,data/images/n03452741/n03452741_16744.JPEG,piano,ball, A man is playing a piano in a restaurant with a mcdonald's sign in the background. ,"A round, white ball with a small red dot in the center and two smaller black dots around it."
1112,data/images/n11939491/n11939491_16390.JPEG,flower,shoes," The image features a single white daisy with a yellow center, surrounded by green foliage. ","A pair of colorful, high-top sneakers with a mesh design and reflective details on the upper part."
1113,data/images/n02106662/n02106662_62679.JPEG,dog,dog," A German Shepherd dog with its tongue out, standing in a grassy area. ","A fluffy white dog with brown eyes and a pink tongue sticking out of its mouth, sitting on the grass in front of a blue sky."
1114,data/images/n07873807/n07873807_8875.JPEG,pizza,fruits and vegetables, A slice of pizza with mushrooms and spinach on a white plate. ,"A colorful assortment of fruits and vegetables, including apples, oranges, carrots, and peppers, arranged on a wooden cutting board."
1115,data/images/n02281787/n02281787_2216.JPEG,butterfly,butterfly, A small blue butterfly perched on a rock. ,"A colorful butterfly with intricate patterns on its wings, gently flapping them as it floats through the air."
1116,data/images/n04120489/n04120489_6792.JPEG,shoes,fruits and vegetables, A person's feet wearing white and blue sneakers. ,"A colorful assortment of fruits and vegetables, including apples, bananas, carrots, and peppers."
1117,data/images/n03792782/n03792782_442.JPEG,bicycle,bicycle, A man riding a bicycle on a rocky trail. ,"A bicycle is a human-powered vehicle with two wheels and a frame, which can be ridden both on roads and off-road."
1118,data/images/n04120489/n04120489_6812.JPEG,shoes,shoes, A black and white shoe on a brick patio. ,"A pair of colorful, high-top sneakers with a mesh design and reflective accents."
1119,data/images/n02906734/n02906734_17960.JPEG,brush,brush, A broom leaning against a doorway in a building. ,"A small, round brush with soft bristles on one end and a handle on the other."
1120,data/images/n02504458/n02504458_4080.JPEG,elephant,elephant, A group of elephants with their tusks interlocked. ,A large gray elephant with a long trunk and tiny ears stands in a grassy field.
1121,data/images/n03180011/n03180011_16171.JPEG,computer,guitar, A silver desktop computer with keyboard and mouse on a white background. ,"A beautiful, vintage acoustic guitar with a rich mahogany finish and intricate inlays on the fretboard."
1122,data/images/n04069434/n04069434_7064.JPEG,camera,shoes, A black Minolta camera with a zoom lens. ,"A pair of colorful, high-top sneakers with a mesh design and reflective details on the upper part."
1123,data/images/n02504458/n02504458_3816.JPEG,elephant,panda or pandas, A large elephant standing in a grassy field. ,"A panda bear is a large, black-and-white bear native to China."
1124,data/images/n03063599/n03063599_1320.JPEG,coffee mug,car, A red espresso machine with a pressure gauge and a black handle. ,"A small, two-door car with a sleek design and a high rear window, parked on a quiet residential street lined with trees."
1125,data/images/n03063599/n03063599_691.JPEG,coffee mug,cell phone, A blue mug with a white logo on it. ,"A small, rectangular device with a touchscreen and various communication capabilities."
1126,data/images/n03063599/n03063599_3890.JPEG,coffee mug,car, A hand holding a mug with a blue background and a handprint design. ,"A small, two-door car with a rounded front end and a tall windshield."
1127,data/images/n02690373/n02690373_5870.JPEG,airplane,airplane, A large white airplane with blue and red accents parked on a runway. ,A small airplane with a red and white color scheme is taking off from a grassy runway.
1128,data/images/n11939491/n11939491_4441.JPEG,flower,flower," Three flowers with red, yellow, and white petals in a vase. ","A colorful, delicate flower with a prominent center and long petals that sway gently in the breeze."
1129,data/images/n04044716/n04044716_555.JPEG,tower,tower, A cherry picker is lifting a worker to repair a satellite dish. ,"A tall, round tower with a small opening at the top and several windows along its length."
1130,data/images/n02124075/n02124075_7825.JPEG,cat,cat, Two cats lying on a bed with a leopard print blanket. ,"A fluffy, playful kitten sits on a cozy cushion with a charming cat toy in the background."
1131,data/images/n03775071/n03775071_3297.JPEG,gloves,rocket," A pair of handmade, knitted gloves with a mix of brown, orange, and black yarn. ","A rocket soars through the sky, leaving a trail of smoke behind it."
1132,data/images/n04086273/n04086273_12999.JPEG,gun,gun," A vintage rifle with a wooden case, placed on a wooden table. ","A small, lightweight firearm with a high-capacity magazine and an extended barrel."
1133,data/images/n04120489/n04120489_6812.JPEG,shoes,shoes, A black and white shoe on a brick patio. ,"A pair of colorful, high-top sneakers with a mesh design and reflective details on the upper part."
1134,data/images/n03792782/n03792782_51296.JPEG,bicycle,bicycle, A green bicycle parked on a brick sidewalk. ,A bicycle is a vehicle with two wheels that can be ridden without the need for motorized power.
1135,data/images/n03888257/n03888257_39021.JPEG,parachutes,parachutes, A person is skydiving with an American flag attached to their ankles. ,"A parachute is a large, square piece of fabric with four corners that can be used to slow down or stop the fall of an object."
1136,data/images/n02106662/n02106662_49005.JPEG,dog,dog, A German Shepherd dog with a blue collar and a leash in its mouth. ,"A dog wearing a hat with the word ""Fido"" written on it, sitting in front of a wooden fence."
1137,data/images/n02492035/n02492035_16430.JPEG,monkey,monkey, A white and black monkey with sad eyes is behind a metal cage. ,"A monkey wearing a fluffy, round hat with colorful patterns on it."
1138,data/images/n03709823/n03709823_18874.JPEG,handbag,handbag, A blue and white bag with a square design on it. ,"A stylish and compact handbag with a unique design, featuring an elegant combination of materials like leather and metallic accents."
1139,data/images/n03775071/n03775071_9475.JPEG,gloves,bicycle, Two gray knitted gloves with frayed cuffs and a black logo on the back of each. ,"A bicycle is a two-wheeled vehicle with a frame, handlebars, and wheels that can be ridden by sitting on a seat and moving the pedals to propel forward."
1140,data/images/n02690373/n02690373_736.JPEG,airplane,clownfish or fish," A white airplane with blue and orange lettering on the tail, parked on the tarmac at an airport. ","A clownfish is a colorful fish with orange, white, and black stripes that lives in the ocean."
1141,data/images/n02124075/n02124075_14886.JPEG,cat,cat, A cat with yellow eyes and a white nose. ,"A fluffy, playful kitten sits on a colorful rug with curious eyes and a twitching tail."
1142,data/images/n04086273/n04086273_12999.JPEG,gun,tower," A vintage rifle with a wooden case, placed on a wooden table. ","A tall, thin structure with multiple small platforms connected by stairs and adorned with colorful flags, located in a serene garden setting."
1143,data/images/n02124075/n02124075_6197.JPEG,cat,cat, A white cat and a gray cat stand on a dirt road in front of a house. ,"A fluffy, playful kitten sits on a colorful rug with a curious expression."
1144,data/images/n02389026/n02389026_724.JPEG,horse,horse, A young brown horse with a white blaze on its face is walking in a grassy field. ,"A graceful and powerful animal with a large, rounded body, long legs, and a flowing mane, the horse is depicted in this image as it gallops across an open field."
1145,data/images/n03709823/n03709823_7134.JPEG,handbag,ironing machine," A dirty, beige canvas bag with a white label on it. ","A small, portable appliance with a flat surface and metal bars that smooths out wrinkles in clothing by passing over them with high heat."
1146,data/images/n04120489/n04120489_14875.JPEG,shoes,fruits and vegetables, A close-up view of a sports shoe with a blue and white color scheme. ,"A colorful assortment of fruits and vegetables, including apples, bananas, carrots, and peppers, arranged on a wooden cutting board."
1147,data/images/n11939491/n11939491_51732.JPEG,flower,fruits and vegetables," The image shows a close-up of a daisy with white petals and a yellow center, surrounded by other daisies in the background. ","A colorful assortment of fruits and vegetables, including apples, oranges, bananas, grapes, strawberries, broccoli, carrots, bell peppers, and tomatoes."
1148,data/images/n03297495/n03297495_1447.JPEG,coffee maker,pumpkin, A vintage metal hand juicer on a table. ,"A large, orange pumpkin with a smooth and slightly bumpy surface."
1149,data/images/n02607072/n02607072_2525.JPEG,clownfish or fish,elephant, A clownfish peeking out from behind a coral reef. ,"A large, gray elephant with a long trunk and floppy ears stands in a lush green forest."
1150,data/images/n07753592/n07753592_10233.JPEG,fruits and vegetables,shoes, A ripe banana with a brown spot on the end. ,"A colorful, cartoon-style image of a cute and fluffy cat wearing stylish shoes with hearts on them."
1151,data/images/n02690373/n02690373_1055.JPEG,airplane,airplane," A large white airplane with the words ""A380"" on the side, flying through a blue sky with clouds. ","A small, fast airplane with wings and a tail, designed to fly through the air."
1152,data/images/n03272010/n03272010_6978.JPEG,guitar,train, A white electric guitar leaning against a wall. ,"A large, colorful train with multiple carriages and a steam engine at the front, chugging along a scenic countryside track."
1153,data/images/n03982430/n03982430_4411.JPEG,pool table,pool table," A room with a pool table, dartboard, and a painting of a baseball team. ","A pool table is a rectangular, flat surface covered with felt that has pockets on each end for players to shoot balls into and try to sink."
1154,data/images/n03272562/n03272562_4339.JPEG,train,guitar, A train on the tracks with cargo cars behind it. ,"A guitar, with a sleek and modern design featuring an asymmetrical body shape, adorned with vibrant colors that create a striking visual impact."
1155,data/images/n03709823/n03709823_24745.JPEG,handbag,handbag, A pink duffel bag with a white logo on it. ,"A colorful and stylish handbag with a unique design, featuring intricate patterns and textures that make it stand out from the crowd."
1156,data/images/n07873807/n07873807_8875.JPEG,pizza,mushroom, A slice of pizza with mushrooms and spinach on a white plate. ,"A maitake mushroom is a large, fan-shaped brown fungus with a tender, meaty texture and a slightly sweet, nutty flavor."
1157,data/images/n03888257/n03888257_19211.JPEG,parachutes,parachutes, A surreal image of a hot air balloon floating above a barren landscape with a rainbow in the sky. ,"A colorful and detailed illustration of a parachute, with various components and features highlighted."
1158,data/images/n04044716/n04044716_12999.JPEG,tower,tower, A large metal satellite dish in a field. ,"A tall, slender tower with multiple small windows and a conical roof."
1159,data/images/n03272562/n03272562_4071.JPEG,train,train," An old train car sits on the tracks, waiting for its next journey. ","A large, colorful airplane with a striped tail and red stripes on its wings is taking off from a grassy runway surrounded by trees."
1160,data/images/n03775071/n03775071_15065.JPEG,gloves,bicycle, Two knitted gloves with a colorful pattern on a gray surface. ,"A bicycle, with a blue frame and white tires, sits in the middle of an empty parking lot."
1161,data/images/n03445777/n03445777_2493.JPEG,ball,piano, A green plastic basket filled with golf balls on a golf course. ,"A grand piano with a dark, polished ebony finish and intricate detailing on the legs and corners."
1162,data/images/n03180011/n03180011_10086.JPEG,computer,computer," A man sitting at a desk in a room with two computers, a monitor, and a keyboard. ","A colorful, abstract painting with swirling shapes and patterns of various sizes and textures."
1163,data/images/n03376595/n03376595_8346.JPEG,chair,pumpkin, A large number of blue seats in a stadium. ,"A bright orange pumpkin with a smooth, round shape and small bumps on its surface."
1164,data/images/n03590841/n03590841_6633.JPEG,pumpkin,handbag," A carved pumpkin with a face and eyes, sitting on a table. ","A colorful and stylish handbag with a unique design, featuring intricate patterns and textures that make it stand out from the crowd."
1165,data/images/n03100240/n03100240_1391.JPEG,car,coffee mug, An orange convertible sports car on display at a car show. ,A white coffee mug with a cartoon character of a cat holding a cup filled with steaming hot coffee.
1166,data/images/n02492035/n02492035_3912.JPEG,monkey,airplane," A monkey in a cage, looking out with a sad expression. ","A small, fast airplane with a pointed nose and two large wings is flying high in the sky."
1167,data/images/n03452741/n03452741_2123.JPEG,piano,piano, A man in a red coat and black pants is playing a piano in a room with a chandelier. ,"A grand piano with a dark wooden finish and intricate carvings on the legs, creating an elegant and sophisticated atmosphere."
1168,data/images/n02124075/n02124075_10164.JPEG,cat,cat, A cat sitting on a ledge looking at a cat statue. ,"A fluffy, playful kitten sits on a colorful rug with bright blue and yellow stripes while gazing at the camera with curious brown eyes."
1169,data/images/n03180011/n03180011_20934.JPEG,computer,computer, A desktop computer with a monitor displaying a webpage. ,"A colorful, abstract painting with swirling shapes and patterns of various sizes and textures."
1170,data/images/n03197337/n03197337_16730.JPEG,watch or watches,watch or watches," A black and white wristwatch with a digital display, sitting on a brown box. ","A round, wrist-worn timepiece with a black leather strap and silver-tone hardware, featuring an analog display protected by a mineral glass cover."
1171,data/images/n11939491/n11939491_5055.JPEG,flower,flower, A white daisy with a yellow center. ,"A colorful, delicate flower with a prominent center and long petals, blooming in the sunlight on a lush green background."
1172,data/images/n02906734/n02906734_21440.JPEG,brush,monkey," A group of people playing indoor curling, with one person in the process of throwing the curling stone. ","A monkey wearing a colorful, floppy hat while sitting on a branch in a lush forest."
1173,data/images/n02906734/n02906734_6542.JPEG,brush,brush, A collection of four brooms with different colored bristles. ,"A small, round brush with soft bristles on one end and a handle on the other, used for applying makeup or cleaning teeth."
1174,data/images/n03376595/n03376595_8346.JPEG,chair,chair, A large number of blue seats in a stadium. ,"A round, soft cushion with a raised center that people sit on and bounce up and down."
1175,data/images/n03775071/n03775071_2160.JPEG,gloves,handbag," A hand-knitted sock with a colorful pattern, sitting on a table with knitting needles and a piece of paper. ","A colorful and stylish handbag with a unique design, featuring intricate patterns and delicate embellishments that make it stand out from the crowd."
1176,data/images/n07873807/n07873807_7685.JPEG,pizza,shoes," A large pizza with cheese, basil, and tomato sauce on a plate. ","A colorful pair of high-top sneakers with a mesh design and reflective accents, designed for both style and comfort."
1177,data/images/n11939491/n11939491_10024.JPEG,flower,flower, A black and white photograph of a single daisy with a white center and a dark brown center. ,"A colorful, round flower with a central bulge and delicate petals, blooming on a lush green stem."
1178,data/images/n03792972/n03792972_17744.JPEG,camp or camping,bicycle," A man stands in a field with a tent, mountains, and a camera, looking out at the landscape. ","A bicycle is a human-powered vehicle with two wheels and a frame, used for transportation and exercise."
1179,data/images/n03297495/n03297495_6860.JPEG,coffee maker,train, This is an image of a modern espresso machine with a cup of coffee being dispensed. ,"A large, colorful airplane with multiple wings and propellers is flying through a dense forest of tall trees."
1180,data/images/n04069434/n04069434_9580.JPEG,camera,camera, A vintage camera with a lens on a wooden table. ,"A lens-equipped device for capturing and recording visual images, typically attached to a smartphone or other electronic devices."
1181,data/images/n07753592/n07753592_3018.JPEG,fruits and vegetables,fruits and vegetables, A bunch of bananas growing on a tree. ,"A colorful assortment of fruits and vegetables, including apples, oranges, carrots, and bell peppers, arranged on a wooden cutting board."
1182,data/images/n11939491/n11939491_5055.JPEG,flower,flower, A white daisy with a yellow center. ,"A colorful, round flower with a central yellow spot on a green stem."
1183,data/images/n03888257/n03888257_18921.JPEG,parachutes,parachutes, A person is kiteboarding on a frozen lake. ,"A colorful parachute with multiple streamers is gracefully floating down to the ground, providing a serene and peaceful scene."
1184,data/images/n04120489/n04120489_10588.JPEG,shoes,fruits and vegetables, A white and red tennis shoe with a black and yellow logo. ,"A colorful assortment of fruits and vegetables, including apples, oranges, carrots, and peppers, arranged on a wooden cutting board."
1185,data/images/n03877472/n03877472_2301.JPEG,girl,girl," Two young girls sitting on the floor, smiling and posing for the camera. ","A colorful, fluffy unicorn with a flowing mane and sparkly horn stands proudly on its hind legs while surrounded by tiny magical creatures."
1186,data/images/n03773504/n03773504_6291.JPEG,rocket,gloves, A large nuclear missile inside a missile silo. ,"A pair of white, furry gloves with long sleeves and a fluffy texture."
1187,data/images/n03775071/n03775071_2160.JPEG,gloves,bicycle," A hand-knitted sock with a colorful pattern, sitting on a table with knitting needles and a piece of paper. ","A bicycle, with a blue frame and white wheels, is being ridden by a person on a sunny path."
1188,data/images/n03775071/n03775071_9939.JPEG,gloves,rocket," A green and white knitted sock in progress, with a crochet hook in the middle. ","A rocket soars through the sky, its bright lights illuminating the darkness below."
1189,data/images/n02281787/n02281787_1529.JPEG,butterfly,butterfly," A blue butterfly with brown spots on its wings, perched on a plant. ","A butterfly with a fluffy, round body and delicate wings, gently flapping in the air."
1190,data/images/n03272010/n03272010_6705.JPEG,guitar,guitar, A green electric guitar leaning against a wall. ,"A beautiful, acoustic guitar with a rich, dark wood finish and intricate detailing on the body."
1191,data/images/n02281787/n02281787_5770.JPEG,butterfly,cat, A brown and white butterfly perched on a branch. ,"A fluffy, playful kitten sits on a colorful rug with bright blue and yellow flowers in the background."
1192,data/images/n03376595/n03376595_10737.JPEG,chair,chair, A folding chair in a grassy field. ,"A round cushion with a decorative pattern, featuring intricate embroidery and vibrant colors, is elegantly draped over the back of an antique wooden chair."
1193,data/images/n02690373/n02690373_3537.JPEG,airplane,airplane, A large airplane parked on the tarmac at an airport. ,"A large airplane with a pointed nose, wings, and tail, designed to fly through the sky by using its engines."
1194,data/images/n03775071/n03775071_10573.JPEG,gloves,gloves, A purple knitted glove with a white stripe on the palm. ,"A pair of white, knitted gloves with a ribbed cuff and a small heart-shaped charm hanging from the index finger."
1195,data/images/n02906734/n02906734_17960.JPEG,brush,brush, A broom leaning against a doorway in a building. ,"A small, round brush with soft bristles on one end and a handle on the other, used for applying makeup or cleaning teeth."
1196,data/images/n02510455/n02510455_95099.JPEG,panda or pandas,cat, A panda bear sitting on a tree branch in an enclosure. ,"A fluffy white cat with green eyes is sitting on a colorful rug, surrounded by toys and a bright yellow sunbeam."
1197,data/images/n03063599/n03063599_1096.JPEG,coffee mug,coffee mug," A white mug with a green design and the word ""tea"" on it. ",A white coffee mug with a cartoon character of a cat holding a cup filled with steaming hot coffee.
1198,data/images/n07873807/n07873807_8175.JPEG,pizza,pizza," A man in a costume sits next to a goat, holding a pizza box and a wooden bow. ","A round, cheesy pizza with various toppings on top."
1199,data/images/n07753592/n07753592_11911.JPEG,fruits and vegetables,fruits and vegetables, A street vendor selling fruit to customers. ,"A colorful assortment of fruits and vegetables, including apples, oranges, carrots, and peppers, arranged on a wooden cutting board."
1200,data/images/n02510455/n02510455_15145.JPEG,panda or pandas,elephant, A black and white panda bear sitting in an enclosure. ,"A large, gray elephant with a long trunk and floppy ears stands in a grassy field."
1201,data/images/n03272010/n03272010_6219.JPEG,guitar,coffee maker," A black electric guitar with a white pickguard, a red star sticker, and a Fender logo on the headstock, sitting on a carpeted floor next to a black amplifier. ","A coffee maker with a round, white body and a handle on the side, designed to make espresso-style drinks."
1202,data/images/n13054560/n13054560_294.JPEG,mushroom,mushroom," A large yellow mushroom with a brown stem and a brown cap, surrounded by green foliage. ","A maitake mushroom is a large, fan-shaped brown fungus commonly found in North America and Europe."
1203,data/images/n07753592/n07753592_14206.JPEG,fruits and vegetables,pizza, A bunch of green bananas hanging from a tree. ,"A round, cheesy pizza with various toppings on top."
1204,data/images/n11939491/n11939491_48574.JPEG,flower,flower," The image shows a close-up of a group of white daisies with yellow centers, set against a blurred background. ","A colorful, round flower with a central yellow spot on a green background."
1205,data/images/n03376595/n03376595_10737.JPEG,chair,coffee maker, A folding chair in a grassy field. ,"A coffee maker with a round, white body and a handle on the side, designed to be placed on top of a stove or other heat source."
1206,data/images/n03272010/n03272010_17735.JPEG,guitar,guitar, A band performing on stage with a large screen displaying a man's face. ,"A beautiful, vintage acoustic guitar with a rich mahogany finish and intricate inlays on the fretboard."
1207,data/images/n02951358/n02951358_11607.JPEG,canoe or boat,cell phone, A man in a red life vest is paddling a green canoe on a river. ,"A small, rectangular device with a touchscreen and various communication capabilities, used for making calls, sending messages, accessing the internet, and playing multimedia content."
1208,data/images/n02607072/n02607072_1617.JPEG,clownfish or fish,clownfish or fish, Two clownfish swimming near a coral reef. ,"A colorful clownfish, with a vibrant orange and white pattern, swims gracefully in an underwater coral reef."
1209,data/images/n02607072/n02607072_3433.JPEG,clownfish or fish,clownfish or fish, A vibrant underwater scene with a variety of colorful fish and coral. ,"A colorful clownfish, with a vibrant orange and white pattern, swimming in an underwater coral reef."
1210,data/images/n02906734/n02906734_20509.JPEG,brush,panda or pandas, Two people shoveling snow on an ice rink. ,"A panda bear is a large, black-and-white mammal native to China."
1211,data/images/n03709823/n03709823_12670.JPEG,handbag,pumpkin, A dark blue tote bag with brown leather accents and a tan strap. ,"A bright orange, round pumpkin with a small stem sits on a wooden crate surrounded by autumn leaves."
1212,data/images/n02504458/n02504458_3816.JPEG,elephant,elephant, A large elephant standing in a grassy field. ,"A large, gray elephant with a long trunk and floppy ears stands in a grassy field."
1213,data/images/n03297495/n03297495_1204.JPEG,coffee maker,coffee maker, This is an image of a coffee machine with two cups of coffee on the spout. ,"A coffee maker with a round, white body and a handle on the side, designed to be placed on countertops or tables."
1214,data/images/n03100240/n03100240_2138.JPEG,car,computer, A blue convertible sports car on a gray background. ,"A colorful, abstract painting with swirling shapes and patterns of various sizes and textures."
1215,data/images/n03709823/n03709823_595.JPEG,handbag,handbag, A gray and white cat peeking out of a brown paper bag. ,"A stylish and colorful handbag with a unique design, featuring intricate patterns and textures that catch the eye."
1216,data/images/n03888257/n03888257_18921.JPEG,parachutes,parachutes, A person is kiteboarding on a frozen lake. ,"A colorful parachute with multiple streamers is gracefully floating down to the ground, providing a serene and peaceful scene."
1217,data/images/n03063599/n03063599_552.JPEG,coffee mug,coffee mug," A small terracotta pot with the word ""shape"" written on it. ",A white coffee mug with a cartoon character of a cat holding a cup filled with steaming hot coffee.
1218,data/images/n03584829/n03584829_13149.JPEG,ironing machine,ironing machine," Two women standing on the street, one holding an iron and the other holding a shirt, both looking at the iron. ","A compact, portable ironing machine with a large water tank and adjustable temperature control for easy use at home or on-the-go."
1219,data/images/n04044716/n04044716_9463.JPEG,tower,pool table, A large white satellite dish. ,"A pool table is a large, flat surface covered in felt that is designed for playing the game of billiards."
1220,data/images/n03452741/n03452741_1177.JPEG,piano,piano," A small, handmade piano with a black felt lid and a brown felt seat. ","A grand piano with a dark wooden finish and intricate details, surrounded by soft lighting and elegant decor."
1221,data/images/n03775071/n03775071_9939.JPEG,gloves,bicycle," A green and white knitted sock in progress, with a crochet hook in the middle. ","A bicycle is a two-wheeled vehicle with a frame, handlebars, and pedals that people ride for transportation or exercise."
1222,data/images/n03272562/n03272562_8931.JPEG,train,train, Two red trains parked on train tracks. ,"A large, colorful train with many windows and a long, curved track is passing through a dense forest filled with tall trees."
1223,data/images/n07873807/n07873807_18033.JPEG,pizza,flower," Two pizzas on a baking sheet, one with cheese and olives, the other with cheese, olives, and sausage. ","A colorful, delicate flower with a large center and thin petals, growing on a thick stem in the grass."
1224,data/images/n03272010/n03272010_6978.JPEG,guitar,guitar, A white electric guitar leaning against a wall. ,"A beautiful sunset over a calm lake, with vibrant orange and pink hues reflecting on the water's surface."
1225,data/images/n03063599/n03063599_3714.JPEG,coffee mug,coffee mug, Two blue mugs with handles on a table. ,A white coffee mug with a cartoon character of a cat holding a cup filled with steaming hot coffee.
1226,data/images/n03100240/n03100240_20935.JPEG,car,car, A silver car on display at a car show. ,"A small, two-door car with a sleek design and a high rear window, parked on a quiet residential street lined with trees."
1227,data/images/n03982430/n03982430_13651.JPEG,pool table,pool table, A pool table with red balls and a black cue ball. ,"A pool table is a large, flat surface covered in felt that people use to play the game of billiards."
1228,data/images/n03773504/n03773504_14109.JPEG,rocket,handbag, A series of four photos showing a missile launching from the ocean. ,"A medium-sized, rectangular handbag with a golden chain and clasp, adorned with sparkling rhinestones on the front."
1229,data/images/n03982430/n03982430_20620.JPEG,pool table,pool table," A man is playing pool, leaning over the table, and aiming at a red ball with a cue stick. ","A pool table is a large, flat surface covered in felt that people use to play the game of billiards."
1230,data/images/n02124075/n02124075_6197.JPEG,cat,cat, A white cat and a gray cat stand on a dirt road in front of a house. ,"A fluffy, playful kitten sits on a colorful rug with a bright yellow background."
1231,data/images/n02106662/n02106662_83638.JPEG,dog,cat, A German Shepherd dog in mid-run on a grassy field. ,"A fluffy, playful kitten sits on a colorful rug with its eyes closed while being pet by an affectionate woman."
1232,data/images/n03792972/n03792972_5525.JPEG,camp or camping,camp or camping, Two tents set up on a hillside with a rocky outcropping and trees in the background. ,"A group of people is gathered around a campfire in the middle of a forest, with tents and other camping equipment scattered nearby."
1233,data/images/n02389026/n02389026_6377.JPEG,horse,horse, Two brown horses with long tails standing in a barn stall. ,"A graceful and powerful animal with a large, rounded body, long legs, and a flowing mane, standing on an open field surrounded by trees."
1234,data/images/n02992529/n02992529_4366.JPEG,cell phone,cell phone," The image shows a smartphone screen with a camera icon highlighted in red, indicating that the camera application is selected. ","A small, rectangular device with a touchscreen and various communication capabilities."
1235,data/images/n03982430/n03982430_17180.JPEG,pool table,pool table, A pool table with a cue ball on it. ,"A pool table is a large, flat surface covered in felt that people use to play the game of billiards."
1236,data/images/n03773504/n03773504_21104.JPEG,rocket,handbag," A large rocket with the name ""mace"" on it, flying through a cloudy sky. ","A colorful and stylish handbag with a unique design, perfect for adding a pop of personality to any outfit."
1237,data/images/n04044716/n04044716_17472.JPEG,tower,camera, A large white satellite dish in a field. ,"A lens-equipped device for capturing and recording images, typically attached to a mobile phone or camera."
1238,data/images/n03452741/n03452741_11539.JPEG,piano,ball, A black grand piano in a living room. ,"A round, white ball with a small red dot in the center and two smaller black dots around it."
1239,data/images/n03888257/n03888257_39168.JPEG,parachutes,pool table," A group of parachutists in the sky, performing a stunt, with smoke trailing behind them. ","A pool table is a large, flat surface covered in felt material that people use to play billiards or other similar games."
1240,data/images/n02389026/n02389026_6377.JPEG,horse,horse, Two brown horses with long tails standing in a barn stall. ,"A graceful and powerful animal with a large, rounded body, long legs, and a flowing mane, the horse is depicted in this image as it gallops across an open field."
1241,data/images/n11939491/n11939491_16390.JPEG,flower,flower," The image features a single white daisy with a yellow center, surrounded by green foliage. ","A colorful, delicate flower with a prominent center and long petals that sway gently in the breeze."
1242,data/images/n03197337/n03197337_1045.JPEG,watch or watches,computer, A white and black digital wristwatch with a white strap. ,"A close-up of a person's face, with wrinkles and creases around the eyes, smiling broadly."
1243,data/images/n03877472/n03877472_23771.JPEG,girl,girl," Three women in pajamas sitting on a couch, smiling and posing for the camera. ","A colorful sunset with a serene lake and lush green trees, creating an idyllic atmosphere."
1244,data/images/n03445777/n03445777_7947.JPEG,ball,ball, A golf ball on a shelf with a logo on it. ,"A group of people are playing with a large, inflatable ball in an open field."
1245,data/images/n03445777/n03445777_2951.JPEG,ball,pumpkin," A golf ball on a green, in front of a hole. ","A large, orange pumpkin with a smooth surface and small green leaves surrounding it."
1246,data/images/n03100240/n03100240_16653.JPEG,car,cell phone, A red convertible parked on a driveway. ,"A close-up of a smartphone's screen, displaying an app with colorful icons and text."
1247,data/images/n02690373/n02690373_398.JPEG,airplane,clownfish or fish, American airlines passenger jet in flight. ,"A colorful clownfish, with a vibrant orange and white pattern, swims gracefully in an underwater coral reef."
1248,data/images/n03584829/n03584829_13555.JPEG,ironing machine,piano, A collection of various household appliance parts and components. ,"A grand piano with a dark finish and intricate details, surrounded by soft lighting and elegant decor."
1249,data/images/n02504458/n02504458_481.JPEG,elephant,monkey, Two elephants standing in the mud. ,"A monkey wearing a fluffy, round hat."
1250,data/images/n03584829/n03584829_37429.JPEG,ironing machine,camp or camping, Two vintage irons on a table with white linen. ,"A group of people is gathered around a campfire in the middle of a forest, enjoying each other's company and the beautiful surroundings."
1251,data/images/n03297495/n03297495_7249.JPEG,coffee maker,coffee maker," This is an image of a white espresso machine with a silver and black front panel, featuring two spouts and two buttons. ",A coffee maker is a small kitchen appliance that brews coffee by pouring hot water over ground coffee beans or tea leaves.
1252,data/images/n03877472/n03877472_8388.JPEG,girl,girl, A baby wearing a pink and purple pajamas is laying on a bed. ,"A young girl with long, flowing hair stands confidently on a rocky shoreline, gazing out at the vast ocean as the sun sets in the distance."
1253,data/images/n13054560/n13054560_7616.JPEG,mushroom,mushroom, A mushroom growing in the woods. ,"A maitake mushroom is a large, fan-shaped fungus commonly found in North America and Europe."
1254,data/images/n02951358/n02951358_29817.JPEG,canoe or boat,canoe or boat," A person in a red kayak on a river, surrounded by lush greenery and a wooden bridge. ","A small, round boat made of wood with a single person sitting in the middle."
1255,data/images/n03888257/n03888257_6749.JPEG,parachutes,parachutes," Two people are skydiving, one is holding onto the other, they are in the air, and they are wearing helmets. ",A colorful parachute with multiple layers of fabric is gracefully floating down to the ground.
1256,data/images/n03709823/n03709823_16780.JPEG,handbag,pumpkin, A close-up view of a red purse with a silver chain strap. ,"A detailed description of an image is not provided, so I cannot provide a sentence to describe the image. Please share the image or provide more information about it for me to create a descriptive sentence."
1257,data/images/n03792972/n03792972_474.JPEG,camp or camping,bicycle, A dog sitting next to a tent on a city street. ,A bicycle is a two-wheeled vehicle with pedals that you can use to ride and move around.
1258,data/images/n04069434/n04069434_12869.JPEG,camera,gun," The image shows a black camera lens mount with a white ring and two circular rubber gaskets, one on each side of the mount. ","A close-up of a revolver with intricate details, including the engraved ""45"" on the barrel and the ornate trigger mechanism."
1259,data/images/n03445777/n03445777_9216.JPEG,ball,piano, A pink golf ball on a tee in a field of yellow flowers. ,"A grand piano with a dark wooden finish and intricate detailing on the legs, lid, and keys."
1260,data/images/n03888257/n03888257_7960.JPEG,parachutes,pool table," Two people are skydiving, with one person in the air and the other person just about to jump from the plane. ","A pool table is a large, rectangular surface covered in felt that people use to play the game of billiards."
1261,data/images/n03063599/n03063599_5019.JPEG,coffee mug,coffee mug, A white coffee mug with a blue and red design on it. ,"A white coffee mug with a cartoon character of a cat wearing sunglasses and holding a surfboard, standing on top of a wave."
1262,data/images/n03272010/n03272010_11611.JPEG,guitar,guitar, A man playing a guitar at sunset. ,"A vintage Fender Stratocaster electric guitar, adorned with colorful stickers and a unique design on the headstock."
1263,data/images/n03792972/n03792972_2062.JPEG,camp or camping,girl, A tent set up in a wooded area. ,"A colorful sunset with a serene lake and lush green trees, creating an idyllic and peaceful scene."
1264,data/images/n03180011/n03180011_5279.JPEG,computer,coffee mug," A man sitting at a computer desk, working on a computer. ","A white coffee mug with a cartoon character of a cat wearing sunglasses and holding a surfboard, standing on top of a wave."
1265,data/images/n02124075/n02124075_7825.JPEG,cat,cat, Two cats lying on a bed with a leopard print blanket. ,"A colorful, abstract painting with swirling shapes and patterns in shades of blue, green, and purple."
1266,data/images/n03197337/n03197337_4120.JPEG,watch or watches,train, A silver wristwatch with a digital display and a black strap. ,"A large, fast-moving train hurtles through a dense forest of towering trees and lush foliage."
1267,data/images/n02492035/n02492035_24294.JPEG,monkey,butterfly," Two monkeys in a tree enclosure, one grooming the other. ","A delicate and colorful butterfly, with intricate patterns on its wings, gracefully flutters in the sunlight."
1268,data/images/n03709823/n03709823_12670.JPEG,handbag,gloves, A dark blue tote bag with brown leather accents and a tan strap. ,"A pair of thick, white gloves with a unique design on the backside."
1269,data/images/n03272562/n03272562_8639.JPEG,train,train, A blue and yellow train engine on the tracks with a yellow train car behind it. ,"A train, with multiple cars and a long, curved body, glides along the tracks in an industrial area."
1270,data/images/n03197337/n03197337_5937.JPEG,watch or watches,computer, A man wearing a bright orange watch with a digital display. ,"A computerized image of a group of people gathered around a table, holding various objects and engaging in conversation."
1271,data/images/n03792972/n03792972_2062.JPEG,camp or camping,camp or camping, A tent set up in a wooded area. ,"The image depicts a group of people gathered around a campfire, with tents and other camping equipment visible in the background."
1272,data/images/n03376595/n03376595_852.JPEG,chair,bicycle, A colorful folding chair with a checkered pattern. ,"A bicycle with a basket and a bell, ridden by a woman in a field."
1273,data/images/n04086273/n04086273_8280.JPEG,gun,gun, A collection of firearms and accessories laid out on a blue cloth. ,"A detailed image of a handgun, including its parts and components."
1274,data/images/n07753592/n07753592_10252.JPEG,fruits and vegetables,shoes," A street vendor's cart filled with various fruits and vegetables, with a man and woman standing behind it. ","A pair of colorful, high-top sneakers with a thick sole and a large logo on the side."
1275,data/images/n02607072/n02607072_505.JPEG,clownfish or fish,airplane, A clownfish swimming among the tentacles of an anemone. ,"A large, winged aircraft with four engines and a pointed nose sits on the tarmac at an airport."
1276,data/images/n02992529/n02992529_3673.JPEG,cell phone,cell phone," The image shows a Sony Ericsson Cyber-shot camera and a smartphone, both with a blue and black color scheme, against a yellow background. ","A cell phone is a small device that people use to make calls, send messages, and access the internet."
1277,data/images/n02510455/n02510455_15145.JPEG,panda or pandas,elephant, A black and white panda bear sitting in an enclosure. ,"A large, gray elephant with a long trunk and floppy ears stands in a field of tall grass."
1278,data/images/n11939491/n11939491_7263.JPEG,flower,pizza, A white daisy with yellow center in the center of a large green leaf. ,"A circular pizza with a thin, golden-brown crust and toppings of pepperoni, green bell peppers, onions, and black olives."
1279,data/images/n03063599/n03063599_552.JPEG,coffee mug,cell phone," A small terracotta pot with the word ""shape"" written on it. ","A close-up of a smartphone's screen, displaying an app with colorful icons and text."
1280,data/images/n02389026/n02389026_2013.JPEG,horse,horse, A brown horse standing in a field. ,"A graceful and powerful horse, with a shiny coat and flowing mane, stands proudly in a field of wildflowers."
1281,data/images/n02906734/n02906734_3648.JPEG,brush,clownfish or fish, A yellow and orange broom with a metal handle. ,"A clownfish is a colorful fish with orange and white stripes, often found in the ocean."
1282,data/images/n02504458/n02504458_6155.JPEG,elephant,elephant, An elephant walking in a grassy area. ,"A large, gray elephant with a long trunk and floppy ears stands in a field of tall grass."
1283,data/images/n02389026/n02389026_9196.JPEG,horse,horse, A man riding a brown horse in a field. ,"A graceful and powerful horse, with flowing manes and tails, stands proudly in a field of wildflowers."
1284,data/images/n07873807/n07873807_3354.JPEG,pizza,fruits and vegetables, A large pepperoni pizza in a box. ,"A colorful assortment of fruits and vegetables, including apples, bananas, carrots, and peppers, arranged on a wooden cutting board."
1285,data/images/n03775071/n03775071_7792.JPEG,gloves,handbag, A pair of gray knitted gloves. ,"A colorful and stylish handbag with a unique design, featuring intricate patterns and textures that make it stand out from the crowd."
1286,data/images/n02690373/n02690373_4671.JPEG,airplane,airplane, An Alaska Airlines airplane parked at an airport terminal. ,"A small, fast airplane with a pointed nose and two large wings is flying high in the sky."
1287,data/images/n02690373/n02690373_3537.JPEG,airplane,clownfish or fish, A large airplane parked on the tarmac at an airport. ,"A colorful clownfish, with a large orange and white striped body, is swimming in an underwater coral reef."
1288,data/images/n03100240/n03100240_13929.JPEG,car,car, A vintage black car with red trim parked on grass. ,"A small, two-door car with a sleek design and a high rear window, parked on a quiet residential street lined with trees."
1289,data/images/n07753592/n07753592_14206.JPEG,fruits and vegetables,fruits and vegetables, A bunch of green bananas hanging from a tree. ,"A colorful assortment of fruits and vegetables, including apples, oranges, carrots, and bell peppers, arranged on a wooden cutting board."
1290,data/images/n02951358/n02951358_30776.JPEG,canoe or boat,canoe or boat, A group of people in kayaks on the ocean. ,"A small, round boat with a single person sitting on it and holding onto the edge of the canoe."
1291,data/images/n03272010/n03272010_6978.JPEG,guitar,guitar, A white electric guitar leaning against a wall. ,"A beautiful sunset over a calm lake, with vibrant colors and gentle waves."
1292,data/images/n04044716/n04044716_9463.JPEG,tower,pool table, A large white satellite dish. ,"A pool table is a large, rectangular surface covered with a tightly-woven cloth and surrounded by walls that contain pockets for players to shoot balls into."
1293,data/images/n03180011/n03180011_9576.JPEG,computer,computer, A silver desktop computer with a monitor in the background. ,"A close-up of a person's face, with wrinkles and creases around the eyes, smiling broadly."
1294,data/images/n03180011/n03180011_4255.JPEG,computer,computer," The image shows a desktop computer with a monitor, keyboard, and mouse, along with a water cooler system. ","A close-up of a person's face, with wrinkles and creases visible on the skin."
1295,data/images/n04069434/n04069434_17439.JPEG,camera,gun, A person taking a selfie with a camera. ,"A gun, depicted in the image, is a small and sleek handgun with a black grip and silver accents."
1296,data/images/n03877472/n03877472_3847.JPEG,girl,girl, A young girl is sitting on the floor surrounded by Christmas presents. ,"A young girl with long, flowing hair and a radiant smile stands in front of a colorful sunset backdrop."
1297,data/images/n02510455/n02510455_95099.JPEG,panda or pandas,panda or pandas, A panda bear sitting on a tree branch in an enclosure. ,"A panda bear is sitting on a tree branch, looking cute and cuddly."
1298,data/images/n02690373/n02690373_1055.JPEG,airplane,airplane," A large white airplane with the words ""A380"" on the side, flying through a blue sky with clouds. ","A small, fast-moving airplane with a curved body and two large wings is flying high in the sky."
1299,data/images/n03100240/n03100240_1391.JPEG,car,car, An orange convertible sports car on display at a car show. ,"A small, two-door vehicle with a rounded front end and chrome accents on the headlights and grille."
1300,data/images/n02124075/n02124075_14886.JPEG,cat,dog, A cat with yellow eyes and a white nose. ,"A playful puppy with a heart-shaped face and big, expressive eyes, sitting on a colorful rug surrounded by toys."
1301,data/images/n13054560/n13054560_5228.JPEG,mushroom,mushroom, A red mushroom with white spots growing in the grass. ,"A maitake mushroom is a large, fan-shaped brown fungus with a tender, meaty texture and a slightly sweet, nutty flavor."
1302,data/images/n02607072/n02607072_304.JPEG,clownfish or fish,clownfish or fish, Two clownfish swimming among the tentacles of an anemone. ,"A clownfish is a colorful fish with orange, white, and black stripes that lives in the ocean."
1303,data/images/n03775071/n03775071_7792.JPEG,gloves,gloves, A pair of gray knitted gloves. ,"A pair of white, furry gloves with long sleeves and a fluffy texture on the surface."
1304,data/images/n11939491/n11939491_12042.JPEG,flower,flower," A close-up photograph of white daisies with yellow centers, set against a dark blue background. ","A colorful, delicate flower with a prominent center and long petals, blooming on the edge of a lush green meadow."
1305,data/images/n03063599/n03063599_3890.JPEG,coffee mug,coffee mug, A hand holding a mug with a blue background and a handprint design. ,"A colorful coffee mug featuring a cute cartoon character, holding a steaming cup of hot chocolate with marshmallows on top."
1306,data/images/n03982430/n03982430_13651.JPEG,pool table,camera, A pool table with red balls and a black cue ball. ,"A lens-equipped device for capturing and recording images, typically attached to a mobile phone or other electronic gadgets."
1307,data/images/n03063599/n03063599_3714.JPEG,coffee mug,car, Two blue mugs with handles on a table. ,"A small, two-door vehicle with a sleek design and an openable roof section."
1308,data/images/n02504458/n02504458_480.JPEG,elephant,elephant, An elephant standing in a zoo enclosure. ,"A large, gray elephant with a long trunk and floppy ears stands in a grassy field."
1309,data/images/n03063599/n03063599_858.JPEG,coffee mug,cell phone," Three coffee mugs with different colored handles and the word ""coffee matters"" on them. ","A small, rectangular device with a touchscreen and various communication capabilities, used for making calls, sending messages, browsing the internet, capturing photos or videos, and playing music."
1310,data/images/n03888257/n03888257_24025.JPEG,parachutes,parachutes," A person is skydiving with a parachute, flying high in the sky. ",A person is standing on a platform with a parachute attached to their back as they prepare to jump.
1311,data/images/n03452741/n03452741_2982.JPEG,piano,ironing machine, A showroom displaying a red grand piano and a black baby grand piano. ,"A small, portable appliance with a flat surface and metal bars that smooths out wrinkles in clothing by passing them over the hot iron."
1312,data/images/n04044716/n04044716_860.JPEG,tower,tower, A large satellite dish in a desert setting. ,"A tall, round tower with a small opening at the top and several windows on each side."
1313,data/images/n07873807/n07873807_16625.JPEG,pizza,shoes, A large pizza with various toppings on a metal tray on a table. ,"A pair of colorful, high-top sneakers with a mesh design and reflective details on the upper part."
1314,data/images/n04120489/n04120489_6812.JPEG,shoes,shoes, A black and white shoe on a brick patio. ,"A pair of colorful, high-top sneakers with a mesh design and reflective details on the upper part."
1315,data/images/n03709823/n03709823_12670.JPEG,handbag,gloves, A dark blue tote bag with brown leather accents and a tan strap. ,"A pair of white, furry gloves with a small red heart on the back of each hand."
1316,data/images/n03773504/n03773504_370.JPEG,rocket,gloves, A large missile on display in a museum. ,"A pair of white, furry gloves with a blue and red striped pattern on the back."
1317,data/images/n03376595/n03376595_11049.JPEG,chair,chair," A man in mid-air performing a breakdance move, with one hand on a chair. ","A round, soft cushion with a raised center that people sit on during meetings or when they want to speak more loudly."
1318,data/images/n02607072/n02607072_2525.JPEG,clownfish or fish,elephant, A clownfish peeking out from behind a coral reef. ,"A large, gray elephant with a long trunk and floppy ears stands in a grassy field."
1319,data/images/n02992529/n02992529_4366.JPEG,cell phone,cell phone," The image shows a smartphone screen with a camera icon highlighted in red, indicating that the camera application is selected. ","A small, rectangular device with a touchscreen and various communication capabilities, typically used for making calls, sending messages, browsing the internet, and accessing apps."
1320,data/images/n02906734/n02906734_3648.JPEG,brush,brush, A yellow and orange broom with a metal handle. ,"A small, round brush with soft bristles on one end and a handle on the other."
1321,data/images/n03197337/n03197337_16730.JPEG,watch or watches,watch or watches," A black and white wristwatch with a digital display, sitting on a brown box. ","A round, wristwatch with a black face and silver accents, displaying the time and date, on a brown leather strap."
1322,data/images/n03792782/n03792782_442.JPEG,bicycle,bicycle, A man riding a bicycle on a rocky trail. ,"A colorful bicycle with a basket and wide tires, parked next to a tree in a sunny garden."
1323,data/images/n11939491/n11939491_12042.JPEG,flower,mushroom," A close-up photograph of white daisies with yellow centers, set against a dark blue background. ","A large, colorful mushroom with a wavy pattern on its cap."
1324,data/images/n02992529/n02992529_39085.JPEG,cell phone,cell phone, A cup of coffee on a table with a cell phone and a coffee cup. ,"A small, rectangular device with a touchscreen and multiple communication features, used for making calls, sending messages, browsing the internet, capturing photos or videos, and accessing various applications."
1325,data/images/n03272562/n03272562_8639.JPEG,train,guitar, A blue and yellow train engine on the tracks with a yellow train car behind it. ,"A beautiful, vintage acoustic guitar with a rich mahogany finish and intricate inlays on the fretboard."
1326,data/images/n03452741/n03452741_1177.JPEG,piano,ball," A small, handmade piano with a black felt lid and a brown felt seat. ","A round, white ball with a small red dot in the center and two smaller blue dots on opposite sides."
1327,data/images/n03775071/n03775071_3297.JPEG,gloves,rocket," A pair of handmade, knitted gloves with a mix of brown, orange, and black yarn. ","A rocket soars through the sky, leaving a trail of smoke behind it."
1328,data/images/n03376595/n03376595_3835.JPEG,chair,chair," Two wooden lounge chairs with slats, one leaning against the other. ","A round, soft cushion with a flat surface for people to sit on and support their bodies."
1329,data/images/n02124075/n02124075_4027.JPEG,cat,dog," A cat with its eyes closed, looking content and relaxed. ","A cute and fluffy dog with a big smile, sitting on a colorful rug while playing with a toy car."
1330,data/images/n03792782/n03792782_15924.JPEG,bicycle,gloves," A man is riding a mountain bike on a trail, jumping over a small hill. ","A pair of white, furry gloves with a small pink flower on the back."
1331,data/images/n03709823/n03709823_25550.JPEG,handbag,handbag, A black leather purse with a flap and a gold buckle. ,"A colorful and stylish handbag with a unique design, featuring intricate patterns and textures that catch the eye."
1332,data/images/n02492035/n02492035_16430.JPEG,monkey,panda or pandas, A white and black monkey with sad eyes is behind a metal cage. ,"A panda bear is a large, black-and-white bear native to China."
1333,data/images/n02389026/n02389026_24702.JPEG,horse,horse," A close-up of a horse's face, showing its brown coat, large brown eyes, and a white spot on its forehead. ","A graceful and powerful animal with a muscular build, adorned with flowing manes and tails, stands proudly on its hind legs while showcasing its agility and strength."
1334,data/images/n03063599/n03063599_4172.JPEG,coffee mug,canoe or boat, A black coffee mug on a window sill. ,"A small, light canoe with a single person seated inside and facing forward."
1335,data/images/n03775071/n03775071_794.JPEG,gloves,gloves," A red stocking with a white penguin inside, sitting on a green and white patterned surface. ","A pair of white gloves with a fluffy texture, perfect for keeping hands warm and cozy during the winter season."
1336,data/images/n03709823/n03709823_18874.JPEG,handbag,gloves, A blue and white bag with a square design on it. ,"A pair of white, knitted gloves with a ribbed texture and an elastic band at the wrist."
1337,data/images/n03452741/n03452741_11539.JPEG,piano,piano, A black grand piano in a living room. ,"A grand piano with a polished ebony finish and intricate inlays, set against a tasteful backdrop of lush greenery."
1338,data/images/n03452741/n03452741_2123.JPEG,piano,ball, A man in a red coat and black pants is playing a piano in a room with a chandelier. ,"A round, white ball with a small red dot in the center and two smaller blue dots on either side."
1339,data/images/n02690373/n02690373_2109.JPEG,airplane,airplane, A white airplane flying over a body of water with a city in the background. ,"A large airplane with a pointed nose, wings, and tail, designed to fly through the air by generating lift using its wings."
1340,data/images/n03197337/n03197337_830.JPEG,watch or watches,train," A digital wristwatch with a black strap and a white face, inside a clear plastic case. ","A large, colorful train with many windows and a long, curved track is passing through a dense forest filled with tall trees."
1341,data/images/n02504458/n02504458_481.JPEG,elephant,elephant, Two elephants standing in the mud. ,"A large, gray elephant with a long trunk and floppy ears stands in a grassy field."
1342,data/images/n03982430/n03982430_38296.JPEG,pool table,pool table, A small orange toy is sitting on a pool table. ,"A pool table is a large, rectangular surface covered in felt that is designed for playing the game of billiards."
1343,data/images/n03982430/n03982430_11084.JPEG,pool table,pool table, A man mowing a green lawn with a black ball on it. ,"A pool table is a large, flat surface covered with felt and surrounded by bumpers on all four sides, used for playing the game of billiards."
1344,data/images/n03775071/n03775071_7792.JPEG,gloves,gloves, A pair of gray knitted gloves. ,"A pair of white gloves with a fluffy, furry texture on the backside."
1345,data/images/n03877472/n03877472_4073.JPEG,girl,girl," A young child in pajamas with cupcake pattern, looking out a window. ","A colorful, fluffy unicorn with a rainbow mane and sparkly wings is playing with a group of adorable kittens in a magical garden."
1346,data/images/n03063599/n03063599_4086.JPEG,coffee mug,coffee mug," The image shows two rings, one purple and one yellow, against a white background. ",A white coffee mug with a cartoon character of a cat holding a cup filled with steaming hot chocolate milk.
1347,data/images/n04120489/n04120489_10588.JPEG,shoes,gun, A white and red tennis shoe with a black and yellow logo. ,"A small, round object with a flat surface and a hole in the center, often used for throwing or bouncing."
1348,data/images/n03982430/n03982430_4411.JPEG,pool table,pool table," A room with a pool table, dartboard, and a painting of a baseball team. ","A pool table is a rectangular, flat surface covered with felt and designed for playing the game of billiards."
1349,data/images/n03584829/n03584829_13149.JPEG,ironing machine,rocket," Two women standing on the street, one holding an iron and the other holding a shirt, both looking at the iron. ","A large, sleek rocket stands tall and powerful on a barren landscape, with the sun shining behind it, symbolizing humanity's determination to explore the unknown."
1350,data/images/n03063599/n03063599_3890.JPEG,coffee mug,coffee mug, A hand holding a mug with a blue background and a handprint design. ,"A white coffee mug with a cartoon illustration of two hands clapping and the text ""Keep Calm & Take Coffee Break"" printed on it."
1351,data/images/n04120489/n04120489_14875.JPEG,shoes,pizza, A close-up view of a sports shoe with a blue and white color scheme. ,"A circular pizza with a slightly raised edge, adorned with various toppings such as cheese, tomato sauce, and pepperoni."
1352,data/images/n03297495/n03297495_2948.JPEG,coffee maker,train, A black espresso machine with two cups of coffee on the spout. ,"A large, circular train station with multiple platforms and a high vaulted ceiling filled with colorful banners and advertisements."
1353,data/images/n03452741/n03452741_3088.JPEG,piano,ironing machine, A black and gold grand piano with the Boston Piano Company logo. ,"A compact, portable ironing machine with a round shape and an open top for easy access to the interior."
1354,data/images/n03888257/n03888257_39021.JPEG,parachutes,pool table, A person is skydiving with an American flag attached to their ankles. ,"A pool table is a rectangular, flat surface with raised lines and pockets for playing the game of billiards."
1355,data/images/n03180011/n03180011_5279.JPEG,computer,guitar," A man sitting at a computer desk, working on a computer. ","A vintage Fender Stratocaster electric guitar, adorned with colorful stickers and a unique design on the headstock, stands out in a dimly lit room filled with other musical instruments."
1356,data/images/n02504458/n02504458_296.JPEG,elephant,elephant," A group of elephants in a museum exhibit, with one elephant prominently facing the camera. ","A large, gray elephant with a long trunk stands near some trees in a green field."
1357,data/images/n03590841/n03590841_10934.JPEG,pumpkin,handbag," A carved pumpkin with a scary face sits on a porch, illuminated by red lights. ","A stylish and elegant handbag with a unique design, featuring intricate patterns and vibrant colors that make it stand out from the crowd."
1358,data/images/n02992529/n02992529_46.JPEG,cell phone,cell phone, A black cell phone with a keypad and a screen. ,"A colorful, circular object with a touchscreen and multiple buttons on the front, used for making calls, sending messages, browsing the internet, capturing photos, and playing music."
1359,data/images/n02951358/n02951358_2350.JPEG,canoe or boat,cell phone, Three people in kayaks on the ocean. ,"A close-up of a smartphone's screen, displaying various colorful emojis and icons arranged in a grid pattern."
1360,data/images/n07753592/n07753592_5699.JPEG,fruits and vegetables,shoes, A ripe yellow banana with a brown spot on the end. ,"A pair of colorful, high-top sneakers with a mesh design and reflective details on the upper part."
1361,data/images/n11939491/n11939491_55377.JPEG,flower,mushroom, A vibrant pink flower with yellow center in a field of grass. ,"A maitake mushroom is a large, fan-shaped brown fungus with a tender, meaty texture and a slightly sweet, nutty flavor."
1362,data/images/n03197337/n03197337_4120.JPEG,watch or watches,watch or watches, A silver wristwatch with a digital display and a black strap. ,"A round, wrist-worn timepiece with a black leather strap and silver accents, displaying the Roman numeral XII for 12:00."
1363,data/images/n03590841/n03590841_5746.JPEG,pumpkin,pumpkin," A carved pumpkin with a jack-o-lantern face and a sign that reads ""they eat their own"" in front of it. ","A bright orange pumpkin with a smooth, round shape and small bumps on its surface."
1364,data/images/n03888257/n03888257_39021.JPEG,parachutes,parachutes, A person is skydiving with an American flag attached to their ankles. ,"A colorful and detailed illustration of a parachute, with various components and features highlighted."
1365,data/images/n07873807/n07873807_2421.JPEG,pizza,shoes, A variety of pizzas on display in a restaurant. ,"A colorful, cartoon-style illustration of a pair of shoes with an anthropomorphic design."
1366,data/images/n03445777/n03445777_2548.JPEG,ball,ball," A golf ball on a green, with a logo for scott health & safety. ","A colorful, spherical object with a flat surface and small bumps on its top."
1367,data/images/n03877472/n03877472_28953.JPEG,girl,mushroom, A woman in a pink pajama is playfully pinning a man to the floor while he is wearing a blue pajama. ,"A maitake mushroom is a large, lacy brown fungus with a meaty texture and nutty flavor that can be used in place of more common button mushrooms."
1368,data/images/n03792782/n03792782_12815.JPEG,bicycle,gloves," A group of bicyclists in a line, preparing for a race. ","A pair of white gloves with a fluffy, furry texture on the backside."
1369,data/images/n03775071/n03775071_6122.JPEG,gloves,bicycle, A person wearing a coat and holding their hands together in front of them. ,"A bicycle, with its sleek frame and bright red color, stands elegantly in the middle of a lush green field."
1370,data/images/n04069434/n04069434_10318.JPEG,camera,pool table, A black Canon camera with a strap on a table. ,"A pool table is a large, rectangular surface covered with a special cloth and surrounded by pockets for playing the game of billiards."
1371,data/images/n07873807/n07873807_7685.JPEG,pizza,pizza," A large pizza with cheese, basil, and tomato sauce on a plate. ","A round, cheesy pizza with various toppings on top."
1372,data/images/n03709823/n03709823_9033.JPEG,handbag,pumpkin, A black and yellow duffel bag with a black strap. ,"A bright orange pumpkin with a smooth, round surface and small bumps on its exterior."
1373,data/images/n03792972/n03792972_8672.JPEG,camp or camping,camp or camping, A tent in a mountainous area with trees and fog. ,"A group of people is gathered around a campfire in the middle of a forest, with tents and other camping equipment scattered nearby."
1374,data/images/n03297495/n03297495_2852.JPEG,coffee maker,chair," This is an image of a black coffee maker with a digital display and buttons, placed on a white background. ","A round, soft cushion with a flat surface for people to sit on and support their bodies."
1375,data/images/n03272010/n03272010_6219.JPEG,guitar,train," A black electric guitar with a white pickguard, a red star sticker, and a Fender logo on the headstock, sitting on a carpeted floor next to a black amplifier. ","A large, colorful train with intricate patterns and designs is chugging through a dense forest filled with towering trees."
1376,data/images/n02389026/n02389026_2094.JPEG,horse,cat, A brown horse grazing in a field of tall grass. ,A cat is sitting on a fluffy pillow with its eyes closed.
1377,data/images/n02492035/n02492035_16869.JPEG,monkey,horse, A monkey is sitting on a palm tree branch. ,"A horse, with a muscular and graceful appearance, stands in the middle of an open field."
1378,data/images/n03792782/n03792782_51296.JPEG,bicycle,rocket, A green bicycle parked on a brick sidewalk. ,"A rocket soaring through the sky, with a bright sun and blue skies in the background."
1379,data/images/n03888257/n03888257_16741.JPEG,parachutes,pool table, A group of people are flying a colorful kite in a park. ,"A pool table is a large, flat surface covered with a special cloth that has small pockets around the edges, and it's used for playing games like billiards."
1380,data/images/n03775071/n03775071_44.JPEG,gloves,handbag, A person wearing a colorful knitted glove and holding a tree. ,"A colorful and stylish handbag with a unique design, featuring intricate patterns and textures that make it stand out from the crowd."
1381,data/images/n02951358/n02951358_9376.JPEG,canoe or boat,canoe or boat, Two people walking on frozen lake with boat in background. ,"A small, light canoe with a single person sitting in the center of the boat and holding onto two paddles."
1382,data/images/n03792782/n03792782_51296.JPEG,bicycle,girl, A green bicycle parked on a brick sidewalk. ,"A colorful, fluffy unicorn with a rainbow mane and sparkly wings is playing with a group of adorable puppies in a magical garden filled with flowers."
1383,data/images/n03773504/n03773504_14109.JPEG,rocket,handbag, A series of four photos showing a missile launching from the ocean. ,"A colorful and stylish handbag with a unique design, featuring intricate patterns and textures."
1384,data/images/n03197337/n03197337_5937.JPEG,watch or watches,watch or watches, A man wearing a bright orange watch with a digital display. ,"A round, wrist-worn timepiece with a digital display and multiple functions, including stopwatch, timer, and alarm."
1385,data/images/n02281787/n02281787_5793.JPEG,butterfly,butterfly, A butterfly is flying over a flower in a lush green forest. ,"A colorful butterfly with intricate patterns, gracefully perched on a leaf in the middle of a vibrant garden."
1386,data/images/n03792782/n03792782_51723.JPEG,bicycle,gloves," A man riding a bicycle on a steep, narrow path. ","A pair of thick, white gloves with a striped pattern on the backside."
1387,data/images/n03452741/n03452741_16744.JPEG,piano,ball, A man is playing a piano in a restaurant with a mcdonald's sign in the background. ,"A round, white ball with a small red dot in the center and two smaller dots on either side."
1388,data/images/n03452741/n03452741_1177.JPEG,piano,piano," A small, handmade piano with a black felt lid and a brown felt seat. ","A grand piano with a polished ebony finish and intricate inlays, set against a tasteful backdrop of lush greenery."
1389,data/images/n02951358/n02951358_33850.JPEG,canoe or boat,canoe or boat, A man in a yellow helmet is kayaking down a river. ,"A small, light canoe with a single person seated in the center and holding an oar, gliding across calm water surrounded by lush green trees."
1390,data/images/n02389026/n02389026_6377.JPEG,horse,horse, Two brown horses with long tails standing in a barn stall. ,"A graceful and powerful horse, with a shiny coat and flowing mane, stands proudly on two legs while lifting its front hooves in the air."
1391,data/images/n02492035/n02492035_24294.JPEG,monkey,horse," Two monkeys in a tree enclosure, one grooming the other. ","A horse with a fluffy mane and tail, standing on two legs like a human."
1392,data/images/n13054560/n13054560_5228.JPEG,mushroom,mushroom, A red mushroom with white spots growing in the grass. ,"A mélange mushroom is a type of fungus with a unique, complex flavor that can be used in various culinary dishes."
1393,data/images/n03590841/n03590841_6382.JPEG,pumpkin,pumpkin," A carved pumpkin with a jack-o-lantern face sits on a table, surrounded by Halloween decorations. ","A bright orange, round pumpkin with a small stem sits on a wooden crate surrounded by autumn leaves."
1394,data/images/n03063599/n03063599_5287.JPEG,coffee mug,car, A white coffee mug with a brown starbucks logo on it. ,"A small, two-door car with a rounded front end and a tall windshield, painted in a light blue color with white racing stripes running down the sides."
1395,data/images/n03775071/n03775071_3112.JPEG,gloves,gloves," Three handmade felt Christmas stockings in red, purple, and blue, each with a white pom pom on top. ","A pair of white, furry gloves with long sleeves and a fluffy texture."
1396,data/images/n03100240/n03100240_8794.JPEG,car,car, A black convertible car parked on a gravel driveway. ,"A small, two-door vehicle with a rounded front end and chrome accents on the grille, headlights, and window trim."
1397,data/images/n03590841/n03590841_11757.JPEG,pumpkin,handbag," Two carved pumpkins with faces, one with a neutral expression and the other with a scary expression, sitting on a table. ","A stylish and colorful handbag with a unique design, featuring intricate patterns and delicate details that make it stand out from other handbags."
1398,data/images/n02124075/n02124075_7825.JPEG,cat,cat, Two cats lying on a bed with a leopard print blanket. ,"A fluffy white cat with green eyes is sitting on a colorful rug, surrounded by toys and a bright yellow sunbeam."
1399,data/images/n02492035/n02492035_16430.JPEG,monkey,butterfly, A white and black monkey with sad eyes is behind a metal cage. ,"A colorful butterfly with intricate patterns, gracefully fluttering its wings in the sunlight."
1400,data/images/n03775071/n03775071_15065.JPEG,gloves,girl, Two knitted gloves with a colorful pattern on a gray surface. ,"A colorful, fluffy unicorn with a rainbow mane and sparkly wings is playing with a group of adorable kittens in a magical garden."
1401,data/images/n03584829/n03584829_13555.JPEG,ironing machine,piano, A collection of various household appliance parts and components. ,"A grand piano with a polished ebony finish and intricate inlays, set against a tasteful backdrop of natural light filtering through an open window."
1402,data/images/n04044716/n04044716_9463.JPEG,tower,tower, A large white satellite dish. ,"A tall, circular structure with multiple small domes on top, made of white stone and surrounded by lush green trees."
1403,data/images/n02690373/n02690373_1055.JPEG,airplane,clownfish or fish," A large white airplane with the words ""A380"" on the side, flying through a blue sky with clouds. ","A colorful clownfish, with a vibrant orange and white pattern, swims gracefully in an underwater coral reef."
1404,data/images/n04044716/n04044716_555.JPEG,tower,camera, A cherry picker is lifting a worker to repair a satellite dish. ,"A lens-equipped device for capturing and recording images, often with a built-in flash and capable of connecting to smartphones or other devices."
1405,data/images/n02690373/n02690373_7499.JPEG,airplane,airplane, An airplane on the runway at an airport. ,A small airplane with a triangular shape and colorful stripes is flying in the sky.
1406,data/images/n02389026/n02389026_2094.JPEG,horse,parachutes, A brown horse grazing in a field of tall grass. ,"A colorful, detailed illustration of a parachute with multiple components and features, including the canopy, lines, and harness, displayed in an outdoor setting."
1407,data/images/n02124075/n02124075_4027.JPEG,cat,cat," A cat with its eyes closed, looking content and relaxed. ","A fluffy, playful kitten sits on a colorful rug with a curious expression."
1408,data/images/n04044716/n04044716_860.JPEG,tower,tower, A large satellite dish in a desert setting. ,"A tall, round building with small windows and a dome on top, used for religious ceremonies or as a place of worship."
1409,data/images/n03297495/n03297495_6860.JPEG,coffee maker,handbag, This is an image of a modern espresso machine with a cup of coffee being dispensed. ,"A medium-sized, rectangular handbag with a glossy black finish and gold hardware, featuring an elegant design for everyday use."
1410,data/images/n03445777/n03445777_15294.JPEG,ball,ball, A crystal golf ball with a personalized message. ,"A round, white ball with a small red circle on it."
1411,data/images/n03792782/n03792782_15924.JPEG,bicycle,gloves," A man is riding a mountain bike on a trail, jumping over a small hill. ","A pair of white gloves with a floral pattern, featuring delicate pink and purple flowers on the backside."
1412,data/images/n11939491/n11939491_51732.JPEG,flower,mushroom," The image shows a close-up of a daisy with white petals and a yellow center, surrounded by other daisies in the background. ","A large, round fungus with a delicate white cap and a slim stem."
1413,data/images/n03584829/n03584829_26740.JPEG,ironing machine,piano," An old iron with rusted handle and a rope, placed on a rusted metal stand. ","A grand piano with a dark wood finish and intricate carvings on the legs, surrounded by soft lighting and elegant decor."
1414,data/images/n03792782/n03792782_1105.JPEG,bicycle,bicycle, A group of people on bicycles in a forested area. ,"A bicycle is a two-wheeled vehicle with an elongated seat, handlebars for steering, and pedals that the rider uses to propel themselves forward."
1415,data/images/n02389026/n02389026_24702.JPEG,horse,horse," A close-up of a horse's face, showing its brown coat, large brown eyes, and a white spot on its forehead. ","A horse, with a large, round body and long, thin legs, is standing on two feet while its other two hooves are raised in the air."
1416,data/images/n03297495/n03297495_2852.JPEG,coffee maker,coffee maker," This is an image of a black coffee maker with a digital display and buttons, placed on a white background. ",A coffee maker is a device that makes coffee by brewing ground coffee beans or coffee grounds with hot water.
1417,data/images/n03197337/n03197337_4120.JPEG,watch or watches,watch or watches, A silver wristwatch with a digital display and a black strap. ,"A round, wristwatch with a black face and silver accents, displaying the time and date, on a brown leather strap."
1418,data/images/n03452741/n03452741_2123.JPEG,piano,piano, A man in a red coat and black pants is playing a piano in a room with a chandelier. ,"A grand piano with a dark wooden finish and intricate carvings on the legs, set against a dimly lit room with plush red carpeting."
1419,data/images/n03272010/n03272010_1242.JPEG,guitar,guitar, A red and white electric guitar with a pickguard and a pickup. ,"A beautiful sunset over a calm lake, with trees and mountains in the background."
1420,data/images/n03180011/n03180011_20934.JPEG,computer,computer, A desktop computer with a monitor displaying a webpage. ,"A colorful, abstract painting with swirling shapes and patterns."
1421,data/images/n02492035/n02492035_16869.JPEG,monkey,elephant, A monkey is sitting on a palm tree branch. ,"A large, gray elephant with a long trunk and floppy ears stands in a grassy field."
1422,data/images/n03982430/n03982430_38296.JPEG,pool table,tower, A small orange toy is sitting on a pool table. ,"A tall, thin tower with multiple small platforms for people to stand on and observe the surrounding area."
1423,data/images/n03775071/n03775071_10573.JPEG,gloves,gloves, A purple knitted glove with a white stripe on the palm. ,"A pair of white gloves with a fluffy, furry texture on the backside."
1424,data/images/n03297495/n03297495_2948.JPEG,coffee maker,coffee maker, A black espresso machine with two cups of coffee on the spout. ,A coffee maker is a kitchen appliance that brews coffee by pouring water through ground coffee beans or coffee powder.
1425,data/images/n04086273/n04086273_26142.JPEG,gun,camera," This is an image of a vintage firearm, specifically a revolver, with a wooden grip and a metal barrel. The firearm is displayed against a wooden background. ","A smartphone camera is a small, digital device that captures images and videos."
1426,data/images/n03775071/n03775071_9475.JPEG,gloves,bicycle, Two gray knitted gloves with frayed cuffs and a black logo on the back of each. ,"A bicycle, with a blue frame and white wheels, is being ridden by a person on a smooth road."
1427,data/images/n03709823/n03709823_7134.JPEG,handbag,handbag," A dirty, beige canvas bag with a white label on it. ","A handbag is a stylish and functional accessory that can be used to carry various items, such as personal belongings or shopping goods."
1428,data/images/n03063599/n03063599_4086.JPEG,coffee mug,cell phone," The image shows two rings, one purple and one yellow, against a white background. ",A close-up of a person's hand holding a smartphone with a blue background.
1429,data/images/n07753592/n07753592_11911.JPEG,fruits and vegetables,fruits and vegetables, A street vendor selling fruit to customers. ,"A colorful assortment of fruits and vegetables, including apples, oranges, carrots, and bell peppers, arranged on a wooden cutting board."
1430,data/images/n03982430/n03982430_13651.JPEG,pool table,tower, A pool table with red balls and a black cue ball. ,"A tall, round building with small rooms on each level and a large open space in the center."
1431,data/images/n03584829/n03584829_45572.JPEG,ironing machine,handbag, An iron on a table. ,"A colorful handbag with a unique design, featuring intricate patterns and textures."
1432,data/images/n03775071/n03775071_3112.JPEG,gloves,rocket," Three handmade felt Christmas stockings in red, purple, and blue, each with a white pom pom on top. ","A rocket soars through the sky, leaving a trail of smoke behind it.

번역결과  
트위트 로켓: 하늘에서 스며든 화적을 남긴다."
1433,data/images/n03709823/n03709823_25550.JPEG,handbag,handbag, A black leather purse with a flap and a gold buckle. ,"A small, round handbag with a colorful pattern and a handle made of fabric."
1434,data/images/n03584829/n03584829_28308.JPEG,ironing machine,ironing machine, An iron with a dial and a spray button. ,"A small, portable appliance with a flat surface and metal bars for pressing clothes to remove wrinkles."
1435,data/images/n03297495/n03297495_1447.JPEG,coffee maker,chair, A vintage metal hand juicer on a table. ,"A round, soft cushion with a flat surface for people to sit on and support their legs."
1436,data/images/n03100240/n03100240_3310.JPEG,car,car, A white classic mustang car on display. ,"A small, two-door car with a sleek design and a high rear window."
1437,data/images/n02690373/n02690373_3537.JPEG,airplane,clownfish or fish, A large airplane parked on the tarmac at an airport. ,"A clownfish is a colorful, round-shaped fish with orange and white stripes that lives in the ocean."
1438,data/images/n04086273/n04086273_2383.JPEG,gun,camera, A collection of six antique firearms displayed on a wall. ,"A lens-equipped device for capturing and projecting images, typically attached to a mobile device or camera."
1439,data/images/n03272562/n03272562_9027.JPEG,train,train, A vintage train on tracks with passengers visible through the windows. ,"A large, colorful train with many windows and a long, curved track appears to be moving through a dense forest of tall trees."
1440,data/images/n07753592/n07753592_11911.JPEG,fruits and vegetables,flower, A street vendor selling fruit to customers. ,"A colorful, delicate flower with a prominent center and long petals that sway gently in the breeze."
1441,data/images/n03180011/n03180011_7359.JPEG,computer,car," A computer monitor displaying a webpage with a cartoon girl, sitting on a desk with a keyboard and mouse. ","A small, two-door car with a rounded front end and a tall windshield."
1442,data/images/n03982430/n03982430_27656.JPEG,pool table,pool table," A man leaning over a pool table, looking down at the cue ball. ","A pool table is a rectangular, flat surface with pockets at each end for playing the game of billiards."
1443,data/images/n02951358/n02951358_33850.JPEG,canoe or boat,canoe or boat, A man in a yellow helmet is kayaking down a river. ,"A small, round boat with a single person sitting on it and paddling with one arm."
1444,data/images/n03982430/n03982430_30922.JPEG,pool table,pool table, A pool table with balls and cues. ,"A pool table is a large, rectangular surface covered in felt that players use to shoot small balls into pockets on the side of the table."
1445,data/images/n03452741/n03452741_16744.JPEG,piano,piano, A man is playing a piano in a restaurant with a mcdonald's sign in the background. ,"A grand piano with a dark wood finish and intricate carvings on the legs, creating an elegant and sophisticated atmosphere."
1446,data/images/n02906734/n02906734_17960.JPEG,brush,airplane, A broom leaning against a doorway in a building. ,"A small, fast airplane with a pointed nose and two large wings is flying high in the sky."
1447,data/images/n02281787/n02281787_5793.JPEG,butterfly,cat, A butterfly is flying over a flower in a lush green forest. ,"A fluffy, playful kitten sits on a colorful rug with a bright yellow sun shining down on it."
1448,data/images/n02906734/n02906734_21984.JPEG,brush,monkey, A young boy holding a broom with straw. ,"A monkey wearing a fluffy, round hat."
1449,data/images/n04044716/n04044716_14882.JPEG,tower,tower," A person working on a large telescope, surrounded by a complex network of wires and cables. ","A tall, circular structure with multiple small platforms for displaying religious relics and artifacts."
1450,data/images/n03445777/n03445777_2951.JPEG,ball,ball," A golf ball on a green, in front of a hole. ","A round, white object with a small black dot in the center is floating on top of a blue background."
1451,data/images/n03272010/n03272010_1242.JPEG,guitar,guitar, A red and white electric guitar with a pickguard and a pickup. ,"A vintage Fender Stratocaster electric guitar, adorned with a sunburst finish and chrome accents on the pickguard, knobs, and bridge."
1452,data/images/n03297495/n03297495_1204.JPEG,coffee maker,pool table, This is an image of a coffee machine with two cups of coffee on the spout. ,"A pool table is a rectangular, flat surface covered with felt and designed for playing the game of billiards."
1453,data/images/n13054560/n13054560_5228.JPEG,mushroom,mushroom, A red mushroom with white spots growing in the grass. ,"A maitake mushroom is a large, fan-shaped brown fungus with a tender texture and a slightly sweet taste, often used in French cuisine."
1454,data/images/n03452741/n03452741_11539.JPEG,piano,ball, A black grand piano in a living room. ,"A round, white object with a small black dot in the center is floating on top of a blue background."
1455,data/images/n03877472/n03877472_3847.JPEG,girl,girl, A young girl is sitting on the floor surrounded by Christmas presents. ,"A charming, innocent girl with a radiant smile and long golden hair, surrounded by vibrant pink flowers in an idyllic garden."
1456,data/images/n02281787/n02281787_5793.JPEG,butterfly,cat, A butterfly is flying over a flower in a lush green forest. ,"A fluffy, playful kitten sits on a colorful rug with a bright yellow background."
1457,data/images/n03180011/n03180011_4255.JPEG,computer,cell phone," The image shows a desktop computer with a monitor, keyboard, and mouse, along with a water cooler system. ","A small, rectangular device with a touchscreen and various communication capabilities."
1458,data/images/n03452741/n03452741_5127.JPEG,piano,piano, An older man in a red sweater is playing a black piano. ,"A grand piano with a dark finish and intricate details, surrounded by soft lighting and elegant decor."
1459,data/images/n04069434/n04069434_17439.JPEG,camera,camera, A person taking a selfie with a camera. ,"A lens-equipped device for capturing and recording images, typically attached to a mobile phone or other electronic devices."
1460,data/images/n03180011/n03180011_4664.JPEG,computer,cell phone," A computer desk with a monitor, keyboard, mouse, and speakers. ","A small, rectangular device with a touchscreen and various communication capabilities, used for making calls, sending messages, accessing the internet, and playing multimedia content."
1461,data/images/n02951358/n02951358_9376.JPEG,canoe or boat,canoe or boat, Two people walking on frozen lake with boat in background. ,"A small, round boat with a single person sitting on it and paddling through the water."
1462,data/images/n03584829/n03584829_13149.JPEG,ironing machine,pumpkin," Two women standing on the street, one holding an iron and the other holding a shirt, both looking at the iron. ","A bright orange, round pumpkin with a small stem sits on a wooden crate surrounded by autumn leaves."
1463,data/images/n03063599/n03063599_552.JPEG,coffee mug,panda or pandas," A small terracotta pot with the word ""shape"" written on it. ","A panda bear is a large, black-and-white bear native to China."
1464,data/images/n03792782/n03792782_8799.JPEG,bicycle,bicycle," A collage of a mountain bike race, featuring a man in a blue and black jersey riding a bike, with various other cyclists and a collage of photos from the event. ","A colorful bicycle with a basket and streamers, decorated for a child's birthday party."
1465,data/images/n02951358/n02951358_2037.JPEG,canoe or boat,coffee mug, A woman in a canoe on a lake with trees in the background. ,"A white coffee mug with a cartoon character of a cat holding a cup, wearing sunglasses and a hat."
1466,data/images/n03063599/n03063599_1320.JPEG,coffee mug,brush, A red espresso machine with a pressure gauge and a black handle. ,"A small, round brush with soft bristles on one end and a handle on the other, used for applying makeup or cleaning teeth."
1467,data/images/n02281787/n02281787_5770.JPEG,butterfly,chair, A brown and white butterfly perched on a branch. ,"A round, soft cushion with a flat surface for people to sit on and support their bodies."
1468,data/images/n07753592/n07753592_5699.JPEG,fruits and vegetables,fruits and vegetables, A ripe yellow banana with a brown spot on the end. ,"A colorful assortment of fruits and vegetables, including apples, oranges, carrots, and peppers, arranged on a wooden cutting board."
1469,data/images/n03180011/n03180011_4854.JPEG,computer,car," A computer desk with a monitor, keyboard, mouse, and a lamp. ","A small, two-door car with a sleek design and a prominent grille, driven by an enthusiastic young man on a sunny day."
1470,data/images/n02504458/n02504458_6428.JPEG,elephant,panda or pandas," An elephant standing on a pile of logs, eating a log. ","A panda bear is a large, black-and-white mammal native to China."
1471,data/images/n03709823/n03709823_24745.JPEG,handbag,gloves, A pink duffel bag with a white logo on it. ,"A pair of white, furry gloves with long sleeves and a fluffy texture."
1472,data/images/n02690373/n02690373_20090.JPEG,airplane,airplane, A blue and white airplane on the runway. ,A small airplane with a red and white color scheme is taking off from a grassy runway.
1473,data/images/n02504458/n02504458_2716.JPEG,elephant,panda or pandas," A large elephant with tusks and a long trunk, standing in a grassy field. ","A panda bear is a large, black-and-white mammal native to China."
1474,data/images/n03877472/n03877472_28953.JPEG,girl,girl, A woman in a pink pajama is playfully pinning a man to the floor while he is wearing a blue pajama. ,"A colorful, fluffy ball with a wide smile and big eyes, surrounded by tiny hearts."
1475,data/images/n03877472/n03877472_4073.JPEG,girl,girl," A young child in pajamas with cupcake pattern, looking out a window. ","A colorful, fluffy ball with a wide smile and big eyes, surrounded by a soft halo of light."
1476,data/images/n03775071/n03775071_44.JPEG,gloves,rocket, A person wearing a colorful knitted glove and holding a tree. ,"A rocket soars through the sky, leaving a trail of smoke behind it."
1477,data/images/n03888257/n03888257_39021.JPEG,parachutes,tower, A person is skydiving with an American flag attached to their ankles. ,"A tall, thin structure with multiple small platforms connected by stairs and walkways, used for defense or observation."
1478,data/images/n03590841/n03590841_10934.JPEG,pumpkin,handbag," A carved pumpkin with a scary face sits on a porch, illuminated by red lights. ","A stylish and spacious handbag with a unique design, featuring vibrant colors and intricate patterns."
1479,data/images/n04086273/n04086273_12999.JPEG,gun,gun," A vintage rifle with a wooden case, placed on a wooden table. ","A small, round object with a flat surface and a hole in the center."
1480,data/images/n03452741/n03452741_2540.JPEG,piano,ball," A man is sitting at a grand piano, playing music. ","A round, white object with a small black spot in the center, resting on a yellow surface."
1481,data/images/n07753592/n07753592_10252.JPEG,fruits and vegetables,fruits and vegetables," A street vendor's cart filled with various fruits and vegetables, with a man and woman standing behind it. ","A colorful assortment of fruits and vegetables, including apples, oranges, carrots, and peppers, arranged on a wooden cutting board."
1482,data/images/n03709823/n03709823_17750.JPEG,handbag,handbag, A brown leather handbag with a pocket on the front. ,"A stylish and colorful handbag with a unique design, featuring intricate patterns and vibrant colors that catch the eye."
1483,data/images/n02504458/n02504458_296.JPEG,elephant,elephant," A group of elephants in a museum exhibit, with one elephant prominently facing the camera. ","A large, gray elephant with a long trunk and floppy ears stands in a grassy field."
1484,data/images/n02992529/n02992529_35743.JPEG,cell phone,cell phone, A cell phone displaying a text message with the date and time. ,"A small, rectangular device with touch screen and multiple cameras for making calls, sending messages, browsing the internet, and capturing photos or videos."
1485,data/images/n07873807/n07873807_3354.JPEG,pizza,pizza, A large pepperoni pizza in a box. ,"A round, cheesy pizza with various toppings on top."
1486,data/images/n03982430/n03982430_11084.JPEG,pool table,camera, A man mowing a green lawn with a black ball on it. ,"A lens-equipped device for capturing and projecting images, typically attached to a smartphone or digital camera."
1487,data/images/n03272010/n03272010_13834.JPEG,guitar,rocket," Three guitar-shaped figurines in different colors, each with a pick guard and strings, displayed on a gray surface. ","A large, sleek rocket stands tall and powerful on a barren landscape, with the sun shining brightly behind it."
1488,data/images/n03376595/n03376595_108.JPEG,chair,chair, A wooden folding chair with a slatted backrest. ,"A round, soft object with a flat surface for sitting and supporting people's weight."
1489,data/images/n02690373/n02690373_398.JPEG,airplane,airplane, American airlines passenger jet in flight. ,"A large airplane with a pointed nose, wings, and tail, designed to fly through the sky by using its engines."
1490,data/images/n03180011/n03180011_4664.JPEG,computer,watch or watches," A computer desk with a monitor, keyboard, mouse, and speakers. ","A watch with a circular face and a band made of metal, typically worn on the wrist to tell time."
1491,data/images/n02281787/n02281787_1529.JPEG,butterfly,monkey," A blue butterfly with brown spots on its wings, perched on a plant. ","A monkey wearing a funny hat, sitting on a cloud and holding a magic wand."
1492,data/images/n03792782/n03792782_8799.JPEG,bicycle,rocket," A collage of a mountain bike race, featuring a man in a blue and black jersey riding a bike, with various other cyclists and a collage of photos from the event. ","A rocket soars through the sky, leaving a trail of smoke behind it."
1493,data/images/n02281787/n02281787_5793.JPEG,butterfly,butterfly, A butterfly is flying over a flower in a lush green forest. ,"A colorful butterfly with intricate patterns, gracefully flying near a field of vibrant flowers."
1494,data/images/n03272010/n03272010_13834.JPEG,guitar,train," Three guitar-shaped figurines in different colors, each with a pick guard and strings, displayed on a gray surface. ","A large, colorful airplane with a bright red nose and white stripes on its wings is taking off into the sky."
1495,data/images/n02492035/n02492035_16430.JPEG,monkey,butterfly, A white and black monkey with sad eyes is behind a metal cage. ,"A colorful butterfly with intricate patterns, gracefully flying near a field of vibrant flowers."
1496,data/images/n02607072/n02607072_3433.JPEG,clownfish or fish,panda or pandas, A vibrant underwater scene with a variety of colorful fish and coral. ,"A panda bear is sitting on a tree branch, looking cute and fluffy."
1497,data/images/n04044716/n04044716_17472.JPEG,tower,tower, A large white satellite dish in a field. ,"A tall, round tower with multiple small windows and a decorative crown at the top."
1498,data/images/n03272562/n03272562_9027.JPEG,train,train, A vintage train on tracks with passengers visible through the windows. ,"A large, fast-moving vehicle with a rounded front and rear section, designed for carrying passengers or cargo over long distances."
1499,data/images/n04044716/n04044716_860.JPEG,tower,tower, A large satellite dish in a desert setting. ,"A tall, multi-story building with small rooms on each floor and a central staircase."
1500,data/images/n02951358/n02951358_2350.JPEG,canoe or boat,cell phone, Three people in kayaks on the ocean. ,"A small, rectangular device with touch screen and cellular communication capabilities."
1501,data/images/n03590841/n03590841_10934.JPEG,pumpkin,piano," A carved pumpkin with a scary face sits on a porch, illuminated by red lights. ","A grand piano with a polished ebony finish and intricate inlays, set against a tasteful backdrop of lush greenery."
1502,data/images/n03877472/n03877472_10554.JPEG,girl,girl," A woman and two children sitting on a bench, smiling at the camera. ","A young girl with long, flowing hair and a radiant smile stands on the edge of a cliff overlooking a breathtaking landscape."
1503,data/images/n03773504/n03773504_8896.JPEG,rocket,rocket, A white missile on display in a museum. ,"A rocket soars through the sky, leaving a trail of smoke behind it."
1504,data/images/n02492035/n02492035_16869.JPEG,monkey,horse, A monkey is sitting on a palm tree branch. ,"A graceful and powerful animal with a large, rounded body, long legs, and a flowing mane, standing on an open field surrounded by tall trees."
1505,data/images/n03792782/n03792782_51723.JPEG,bicycle,bicycle," A man riding a bicycle on a steep, narrow path. ","A bicycle, with a blue frame and white tires, sits in the grass next to a tree."
1506,data/images/n03584829/n03584829_26740.JPEG,ironing machine,ironing machine," An old iron with rusted handle and a rope, placed on a rusted metal stand. ","A portable appliance designed for wrinkle reduction and fabric care, typically featuring a heating element, water tank, and various settings to accommodate different types of garments."
1507,data/images/n03888257/n03888257_6749.JPEG,parachutes,parachutes," Two people are skydiving, one is holding onto the other, they are in the air, and they are wearing helmets. ","A colorful parachute with a smiling face is floating down to the ground, bringing joy and happiness."
1508,data/images/n02951358/n02951358_11607.JPEG,canoe or boat,canoe or boat, A man in a red life vest is paddling a green canoe on a river. ,"A small, narrow boat with a pointed bow and stern is being paddled by two people in the water."
1509,data/images/n04069434/n04069434_10318.JPEG,camera,gun, A black Canon camera with a strap on a table. ,"A small, round object with a flat edge and a hole in the center, typically used for throwing or aiming at targets."
1510,data/images/n03063599/n03063599_5019.JPEG,coffee mug,coffee mug, A white coffee mug with a blue and red design on it. ,"A white coffee mug with a cartoon character of a cat holding a cup, wearing sunglasses and a hat."
1511,data/images/n02906734/n02906734_9317.JPEG,brush,panda or pandas, A wooden broom leaning against a wooden fence. ,"A panda bear is a large, black-and-white bear native to China."
1512,data/images/n03773504/n03773504_6291.JPEG,rocket,rocket, A large nuclear missile inside a missile silo. ,"A large, sleek rocket with multiple fins and a bright orange flame stands proudly on the launch pad, ready to take flight into the unknown."
1513,data/images/n03775071/n03775071_9475.JPEG,gloves,bicycle, Two gray knitted gloves with frayed cuffs and a black logo on the back of each. ,"A bicycle, with a blue frame and black wheels, sits on the grass in front of a white building."
1514,data/images/n02951358/n02951358_9376.JPEG,canoe or boat,coffee mug, Two people walking on frozen lake with boat in background. ,"A white coffee mug with a cartoon character wearing sunglasses and holding a surfboard, decorated with the words ""Life's Good"" in different colors."
1515,data/images/n07873807/n07873807_3896.JPEG,pizza,flower," A pizza with cheese, olives, and basil on a wooden cutting board. ","A colorful, round flower with a central bulge and delicate petals, typically found on the surface of a lake or pond."
1516,data/images/n03773504/n03773504_6291.JPEG,rocket,gloves, A large nuclear missile inside a missile silo. ,"A pair of white, furry gloves with long sleeves and a fluffy texture."
1517,data/images/n03773504/n03773504_21104.JPEG,rocket,rocket," A large rocket with the name ""mace"" on it, flying through a cloudy sky. ","A rocket soars through the sky, leaving a trail of smoke and flames as it reaches for the stars."
1518,data/images/n03100240/n03100240_18492.JPEG,car,cell phone," A vintage white car with a red interior and a black roof, parked on a street. ","A picture of a cell phone, showing its sleek design and colorful screen."
1519,data/images/n03709823/n03709823_9033.JPEG,handbag,handbag, A black and yellow duffel bag with a black strap. ,"A colorful, stylish handbag with a unique design and intricate details that perfectly complements the user's outfit."
1520,data/images/n03063599/n03063599_1096.JPEG,coffee mug,coffee mug," A white mug with a green design and the word ""tea"" on it. ","A white coffee mug with a cartoon character holding a speech bubble that says ""Best Assistant Ever"" in pink text."
1521,data/images/n03063599/n03063599_2735.JPEG,coffee mug,coffee mug," A red and black mug with a tiger logo on it, sitting on a table. ","A colorful coffee mug featuring a cute cartoon character, perfect for an office or home decoration."
1522,data/images/n02690373/n02690373_9676.JPEG,airplane,airplane, A large yellow and white airplane flying in the sky above an airport. ,"A large airplane with a pointed nose, wings, and tail, designed to fly through the sky by using its engines."
1523,data/images/n03709823/n03709823_18874.JPEG,handbag,handbag, A blue and white bag with a square design on it. ,"A colorful and stylish handbag with a unique design, featuring intricate patterns and textures that make it stand out from the crowd."
1524,data/images/n03197337/n03197337_2141.JPEG,watch or watches,chair," The image shows a digital wristwatch with a blue screen displaying the time ""8:10"" and the date ""10"". ","A round, soft cushion with a flat surface for people to sit on and support their bodies."
1525,data/images/n03272010/n03272010_6978.JPEG,guitar,car, A white electric guitar leaning against a wall. ,"A small, two-door vehicle with a boxy shape and rounded headlights, painted in a bright color like red or yellow."
1526,data/images/n03584829/n03584829_36033.JPEG,ironing machine,ironing machine, An iron on a table. ,"A compact, portable ironing machine with a large water tank and adjustable temperature control for easy use at home or on-the-go."
1527,data/images/n03272562/n03272562_608.JPEG,train,guitar, A blue and white train on the tracks. ,"A beautiful, vintage acoustic guitar with a rich, dark wood finish and intricate detailing on the body."
1528,data/images/n03272010/n03272010_4370.JPEG,guitar,watch or watches, A blue electric guitar with a pickup and a cord on a white surface. ,"A watch with a circular face and a band made of metal, typically worn on the wrist to tell time."
1529,data/images/n03272562/n03272562_8931.JPEG,train,train, Two red trains parked on train tracks. ,"A large, colorful train with intricate designs and patterns is traveling through a vibrant cityscape filled with bustling crowds and iconic landmarks."
1530,data/images/n02906734/n02906734_21984.JPEG,brush,clownfish or fish, A young boy holding a broom with straw. ,"A colorful clownfish, with a vibrant orange and white pattern, swims gracefully in an underwater scene."
1531,data/images/n02906734/n02906734_20509.JPEG,brush,airplane, Two people shoveling snow on an ice rink. ,"A large airplane with a pointed nose, wings, and tail, designed to fly through the sky by using its engines."
1532,data/images/n03877472/n03877472_2301.JPEG,girl,girl," Two young girls sitting on the floor, smiling and posing for the camera. ","A colorful, fluffy unicorn with a rainbow mane and sparkly wings is dancing in the sky while playing a magical flute."
1533,data/images/n02510455/n02510455_6311.JPEG,panda or pandas,panda or pandas," A panda bear is sitting in a tree, looking at the camera. ","A panda bear is a large, black-and-white bear native to China."
1534,data/images/n03180011/n03180011_5279.JPEG,computer,car," A man sitting at a computer desk, working on a computer. ","A compact, sporty car with a sleek design and modern features."
1535,data/images/n03709823/n03709823_595.JPEG,handbag,handbag, A gray and white cat peeking out of a brown paper bag. ,"A colorful and stylish handbag with a unique design, featuring intricate patterns and textures that make it stand out from the crowd."
1536,data/images/n03888257/n03888257_7960.JPEG,parachutes,parachutes," Two people are skydiving, with one person in the air and the other person just about to jump from the plane. ","A parachute is a large, square piece of fabric with many colorful patterns that opens up when someone jumps from an airplane to slow their fall and make them land safely on the ground."
1537,data/images/n03452741/n03452741_3088.JPEG,piano,piano, A black and gold grand piano with the Boston Piano Company logo. ,"A piano is a large musical instrument with keys that, when pressed, produce different notes and melodies."
1538,data/images/n02492035/n02492035_3912.JPEG,monkey,monkey," A monkey in a cage, looking out with a sad expression. ","A monkey wearing a crown, symbolizing authority and royalty."
1539,data/images/n03180011/n03180011_9576.JPEG,computer,coffee mug, A silver desktop computer with a monitor in the background. ,"A colorful coffee mug featuring a floral pattern and the words ""Keep Calm and Carry On"" on both sides."
1540,data/images/n02906734/n02906734_17960.JPEG,brush,brush, A broom leaning against a doorway in a building. ,"The image depicts a small, circular brush with bristles made of animal hair, designed for cleaning and polishing surfaces."
1541,data/images/n03590841/n03590841_8067.JPEG,pumpkin,pumpkin," A woman carving a jack-o-lantern in a kitchen, with a table full of carved pumpkins. ","A bright orange, round pumpkin with a small stem and dirt smudges on its surface."
1542,data/images/n03877472/n03877472_2301.JPEG,girl,girl," Two young girls sitting on the floor, smiling and posing for the camera. ","A colorful, fluffy unicorn with a flowing mane and tail stands on a lush green meadow surrounded by vibrant flowers."
1543,data/images/n02504458/n02504458_5897.JPEG,elephant,monkey, A large elephant walking on a dirt road in a natural setting. ,"A monkey wearing a funny hat, sitting on a fluffy cloud."
1544,data/images/n03584829/n03584829_28308.JPEG,ironing machine,pumpkin, An iron with a dial and a spray button. ,"A bright orange, round pumpkin with a small stem and rough surface."
1545,data/images/n04120489/n04120489_5424.JPEG,shoes,mushroom," Two men sitting on a boat with their feet on a board, wearing sneakers and drinking water. ","A maitake mushroom is a large, fan-shaped edible fungus commonly found in North America and Europe."
1546,data/images/n02389026/n02389026_2013.JPEG,horse,horse, A brown horse standing in a field. ,"A graceful and powerful horse, with a shiny coat and flowing mane, stands proudly in the field as the sun sets behind it."
1547,data/images/n03888257/n03888257_16741.JPEG,parachutes,parachutes, A group of people are flying a colorful kite in a park. ,"A person is standing on a parachute platform, preparing to jump with a large square-shaped parachute attached to their harness."
1548,data/images/n04069434/n04069434_9030.JPEG,camera,gun, A vintage black and white camera with a silver lens and a black strap. ,"A small, round object with a flat surface and a hole in the center."
1549,data/images/n03775071/n03775071_15065.JPEG,gloves,rocket, Two knitted gloves with a colorful pattern on a gray surface. ,"A rocket soars through the sky, leaving a trail of smoke behind it."
1550,data/images/n02906734/n02906734_21440.JPEG,brush,clownfish or fish," A group of people playing indoor curling, with one person in the process of throwing the curling stone. ","A colorful clownfish, with a vibrant orange and white pattern, is swimming in an underwater coral reef."
1551,data/images/n03452741/n03452741_2123.JPEG,piano,piano, A man in a red coat and black pants is playing a piano in a room with a chandelier. ,"A grand piano with a polished ebony finish and intricate inlays, surrounded by soft lighting and luxurious decor."
1552,data/images/n13054560/n13054560_13613.JPEG,mushroom,mushroom, A hand holding a mushroom with a brush in the background. ,"A maitake mushroom is a large, fan-shaped brown fungus commonly found in North America and Europe."
1553,data/images/n02281787/n02281787_4566.JPEG,butterfly,butterfly, Two blue butterflies on a green leaf. ,"A colorful butterfly with intricate patterns on its wings, gently flapping them as it floats in the air."
1554,data/images/n11939491/n11939491_23775.JPEG,flower,shoes," A white daisy with a yellow center in the foreground, surrounded by pink flowers in the background. ","A pair of colorful, high-top sneakers with a mesh design and reflective details on the upper part."
1555,data/images/n03452741/n03452741_2540.JPEG,piano,ball," A man is sitting at a grand piano, playing music. ","A round, white object with a small black spot in the center is bouncing on a blue surface."
1556,data/images/n02106662/n02106662_62679.JPEG,dog,dog," A German Shepherd dog with its tongue out, standing in a grassy area. ","A playful puppy with a fluffy white coat and big brown eyes is jumping in the air, surrounded by colorful toys."
1557,data/images/n03982430/n03982430_4411.JPEG,pool table,pool table," A room with a pool table, dartboard, and a painting of a baseball team. ","A pool table is a large, flat surface covered with felt and designed for playing the game of billiards."
1558,data/images/n02906734/n02906734_9317.JPEG,brush,clownfish or fish, A wooden broom leaning against a wooden fence. ,"A colorful clownfish, with a vibrant orange and white pattern, swims gracefully in an underwater coral reef."
1559,data/images/n03197337/n03197337_1351.JPEG,watch or watches,guitar, A person's hand with a name written on it. ,"A beautiful, vintage acoustic guitar with a rich mahogany finish and intricate inlays on the fretboard."
1560,data/images/n02906734/n02906734_9317.JPEG,brush,brush, A wooden broom leaning against a wooden fence. ,"A small, round brush with soft bristles on one end and a handle on the other."
1561,data/images/n04069434/n04069434_12869.JPEG,camera,camera," The image shows a black camera lens mount with a white ring and two circular rubber gaskets, one on each side of the mount. ","A lens-equipped device for capturing and recording images, typically attached to a mobile phone or camera."
1562,data/images/n02906734/n02906734_20509.JPEG,brush,brush, Two people shoveling snow on an ice rink. ,"A small, round brush with soft bristles on one end and a handle on the other."
1563,data/images/n11939491/n11939491_10024.JPEG,flower,pizza, A black and white photograph of a single daisy with a white center and a dark brown center. ,"A round, cheesy pizza with various toppings on top."
1564,data/images/n03792782/n03792782_15924.JPEG,bicycle,bicycle," A man is riding a mountain bike on a trail, jumping over a small hill. ","A colorful bicycle with a basket and streamers, decorated for a child's birthday party."
1565,data/images/n02906734/n02906734_23744.JPEG,brush,airplane, A group of people playing a game of broomball in an indoor rink. ,"A large airplane with a pointed nose, wings, and tail, designed to fly through the sky by using its engines."
1566,data/images/n11939491/n11939491_4441.JPEG,flower,flower," Three flowers with red, yellow, and white petals in a vase. ","A colorful, round flower with a central yellow spot on a green background."
1567,data/images/n03445777/n03445777_2951.JPEG,ball,ball," A golf ball on a green, in front of a hole. ","A round, white ball with a small red stripe on one side sits in the center of a green field."
1568,data/images/n03584829/n03584829_26740.JPEG,ironing machine,ironing machine," An old iron with rusted handle and a rope, placed on a rusted metal stand. ","A compact, portable ironing machine with a large water tank and adjustable temperature control for easy use at home or on-the-go."
1569,data/images/n07873807/n07873807_1477.JPEG,pizza,camera, A pepperoni pizza on a baking sheet. ,"A helpful assistant describes the term ""fliacamer"" as a camera that is attached to or integrated with a device, such as a smartphone or tablet."
1570,data/images/n02389026/n02389026_3269.JPEG,horse,horse, A brown horse with a white stripe down its face and a white spot on its forehead. ,"A graceful and powerful horse, with flowing mane and elegant posture, stands proudly in a field of vibrant green grass."
1571,data/images/n02906734/n02906734_17960.JPEG,brush,panda or pandas, A broom leaning against a doorway in a building. ,"A panda bear is sitting on a tree branch, looking cute and cuddly."
1572,data/images/n03982430/n03982430_11084.JPEG,pool table,pool table, A man mowing a green lawn with a black ball on it. ,"A pool table is a large, flat surface covered in felt material with pockets at each end for players to shoot balls into and try to sink them."
1573,data/images/n03709823/n03709823_16780.JPEG,handbag,gloves, A close-up view of a red purse with a silver chain strap. ,"A pair of white gloves with a fluffy, furry texture on the backside."
1574,data/images/n02951358/n02951358_2350.JPEG,canoe or boat,canoe or boat, Three people in kayaks on the ocean. ,"A small, round boat with a single person sitting on it and paddling with one arm."
1575,data/images/n03590841/n03590841_6380.JPEG,pumpkin,pumpkin," Two carved pumpkins with faces, sitting on a table. ","A bright orange pumpkin with a smooth, round surface and small bumps on the top."
1576,data/images/n03792972/n03792972_4392.JPEG,camp or camping,camp or camping, A tent pitched in a field with several RVs parked in the background. ,"A group of people is gathered around a campfire in the middle of a forest, with tents and other camping equipment scattered nearby."
1577,data/images/n02389026/n02389026_2013.JPEG,horse,horse, A brown horse standing in a field. ,"A graceful and powerful animal with a large, rounded body, long legs, and a flowing mane, standing on an open field surrounded by tall trees."
1578,data/images/n02389026/n02389026_724.JPEG,horse,monkey, A young brown horse with a white blaze on its face is walking in a grassy field. ,"A monkey wearing a fluffy, star-shaped hat."
1579,data/images/n02389026/n02389026_9196.JPEG,horse,horse, A man riding a brown horse in a field. ,"A graceful and powerful horse, with a shiny coat and flowing mane, stands proudly in the sunlight on a lush green field."
1580,data/images/n02124075/n02124075_7825.JPEG,cat,cat, Two cats lying on a bed with a leopard print blanket. ,"A cat wearing a colorful hat, sitting on a chair with a striped pattern."
1581,data/images/n03452741/n03452741_12409.JPEG,piano,piano," An old, black piano in a room. ","A piano is a large musical instrument with keys and strings, typically found in music rooms or concerts."
1582,data/images/n02504458/n02504458_3816.JPEG,elephant,panda or pandas, A large elephant standing in a grassy field. ,"A panda bear is a large, black-and-white mammal native to China."
1583,data/images/n03584829/n03584829_36033.JPEG,ironing machine,ironing machine, An iron on a table. ,"A compact, portable ironing machine with a water tank and spray nozzle for easy use at home or on-the-go."
1584,data/images/n04120489/n04120489_6792.JPEG,shoes,tower, A person's feet wearing white and blue sneakers. ,"A tall, thin structure with multiple small platforms connected by stairs and surrounded by a lush green environment."
1585,data/images/n02124075/n02124075_12430.JPEG,cat,dog, A brown and black cat with green eyes. ,"A playful puppy with a fluffy white coat and brown eyes, sitting on the grass in front of a blue sky."
1586,data/images/n03792782/n03792782_8799.JPEG,bicycle,bicycle," A collage of a mountain bike race, featuring a man in a blue and black jersey riding a bike, with various other cyclists and a collage of photos from the event. ","A bicycle is a two-wheeled vehicle with an elongated seat, handlebars for steering, and pedals that riders use to propel themselves forward."
1587,data/images/n02992529/n02992529_13746.JPEG,cell phone,cell phone, A man in glasses is talking on a cell phone while sitting at a table. ,"A small, rectangular device with a touchscreen and multiple cameras that allows users to make calls, send messages, access the internet, and perform various other tasks."
1588,data/images/n02281787/n02281787_2971.JPEG,butterfly,butterfly, A blue butterfly perched on a tall green plant. ,"A colorful butterfly with intricate patterns, gracefully perched on a vibrant green leaf."
1589,data/images/n03272562/n03272562_608.JPEG,train,train, A blue and white train on the tracks. ,"A large, circular train with multiple windows and a high center dome is being driven through an urban landscape."
1590,data/images/n03376595/n03376595_852.JPEG,chair,train, A colorful folding chair with a checkered pattern. ,"A large, colorful train with many windows and a long, curved track is passing through a dense forest filled with tall trees."
1591,data/images/n03709823/n03709823_25550.JPEG,handbag,pumpkin, A black leather purse with a flap and a gold buckle. ,"A bright orange pumpkin with a smooth, round shape and small bumps on its surface."
1592,data/images/n02906734/n02906734_21984.JPEG,brush,airplane, A young boy holding a broom with straw. ,"A small, fast airplane with a pointed nose and two large wings is flying high in the sky."
1593,data/images/n03590841/n03590841_1053.JPEG,pumpkin,handbag," A carved pumpkin with a face and a smaller carved pumpkin with a face, both sitting on a table with leaves around them. ","A colorful and stylish handbag with a unique design, featuring intricate patterns and textures that make it stand out from the crowd."
1594,data/images/n03297495/n03297495_2948.JPEG,coffee maker,train, A black espresso machine with two cups of coffee on the spout. ,"A large, circular train station with multiple platforms and a high glass ceiling."
1595,data/images/n03775071/n03775071_7792.JPEG,gloves,gloves, A pair of gray knitted gloves. ,"A pair of white, furry gloves with long sleeves and a fluffy texture."
1596,data/images/n03272562/n03272562_4071.JPEG,train,guitar," An old train car sits on the tracks, waiting for its next journey. ","A guitar with a unique, eye-catching design featuring vibrant colors and intricate patterns."
1597,data/images/n03792782/n03792782_12815.JPEG,bicycle,rocket," A group of bicyclists in a line, preparing for a race. ","A rocket soars through the sky, leaving a trail of smoke behind it."
1598,data/images/n03982430/n03982430_20021.JPEG,pool table,camera, A pool table with multiple balls in motion. ,A camera is a device that captures images or videos by capturing light through a lens and converting the captured light into an image on film or digitally.
1599,data/images/n03590841/n03590841_8067.JPEG,pumpkin,ironing machine," A woman carving a jack-o-lantern in a kitchen, with a table full of carved pumpkins. ","A small, portable appliance with a flat surface and metal bars for pressing clothes to remove wrinkles."
1600,data/images/n03063599/n03063599_1320.JPEG,coffee mug,canoe or boat, A red espresso machine with a pressure gauge and a black handle. ,"A small, round boat with a single person sitting on it and holding onto the edge of the water."
1601,data/images/n03792782/n03792782_5419.JPEG,bicycle,bicycle, A man riding a bicycle on a wooden bridge in a wooded area. ,"A bicycle is a two-wheeled vehicle with a frame, handlebars, and wheels that can be ridden by sitting on a seat and using your feet to pedal."
1602,data/images/n03297495/n03297495_1204.JPEG,coffee maker,chair, This is an image of a coffee machine with two cups of coffee on the spout. ,"A round, soft cushion with a flat surface for people to sit on."
1603,data/images/n04044716/n04044716_9463.JPEG,tower,mushroom, A large white satellite dish. ,"A maitake mushroom is a large, fan-shaped brown fungus commonly found in North America and Europe."
1604,data/images/n03197337/n03197337_526.JPEG,watch or watches,watch or watches," A person's hand wearing a watch with a digital display and a compass, holding a map. ","A round, shiny object with numbers on the outside that tells time and is worn on the wrist."
1605,data/images/n03100240/n03100240_8794.JPEG,car,cell phone, A black convertible car parked on a gravel driveway. ,"A small, rectangular device with a touchscreen and various communication capabilities."
1606,data/images/n02607072/n02607072_2525.JPEG,clownfish or fish,airplane, A clownfish peeking out from behind a coral reef. ,"A small, fast airplane with a pointed nose and two large wings is flying high in the sky."
1607,data/images/n02690373/n02690373_7499.JPEG,airplane,clownfish or fish, An airplane on the runway at an airport. ,"A colorful clownfish, with a large orange and white striped body, is swimming in an underwater coral reef."
1608,data/images/n02992529/n02992529_3673.JPEG,cell phone,cell phone," The image shows a Sony Ericsson Cyber-shot camera and a smartphone, both with a blue and black color scheme, against a yellow background. ","A small, rectangular device with a touchscreen and various communication capabilities."
1609,data/images/n03773504/n03773504_14109.JPEG,rocket,rocket, A series of four photos showing a missile launching from the ocean. ,"A rocket soars through the sky, leaving a trail of smoke behind it."
1610,data/images/n04069434/n04069434_7064.JPEG,camera,camera, A black Minolta camera with a zoom lens. ,"A lens-equipped device for capturing and recording images, typically attached to a mobile phone or camera."
1611,data/images/n03297495/n03297495_2948.JPEG,coffee maker,coffee maker, A black espresso machine with two cups of coffee on the spout. ,"A coffee maker with a round, white handle and a small, black knob on top."
1612,data/images/n03197337/n03197337_2141.JPEG,watch or watches,computer," The image shows a digital wristwatch with a blue screen displaying the time ""8:10"" and the date ""10"". ","A close-up of a person's face, with wrinkles and creases visible on the skin."
1613,data/images/n03775071/n03775071_44.JPEG,gloves,gloves, A person wearing a colorful knitted glove and holding a tree. ,"A detailed image of a pair of white, furry gloves with intricate patterns and designs on the back."
1614,data/images/n07753592/n07753592_5699.JPEG,fruits and vegetables,pizza, A ripe yellow banana with a brown spot on the end. ,"A circular pizza with a raised edge, featuring multiple toppings such as cheese, pepperoni, and vegetables."
1615,data/images/n02504458/n02504458_4234.JPEG,elephant,elephant," A close-up of an elephant's face, showcasing its large, wrinkled skin and long, curved tusks. ","A large, gray elephant with a long trunk stands in a lush green forest."
1616,data/images/n03445777/n03445777_2493.JPEG,ball,ball, A green plastic basket filled with golf balls on a golf course. ,A basketball with a white background and multicolored stars scattered around it.
1617,data/images/n03180011/n03180011_20934.JPEG,computer,guitar, A desktop computer with a monitor displaying a webpage. ,"A young man is playing a guitar with his eyes closed, surrounded by colorful flowers and plants."
1618,data/images/n04120489/n04120489_5424.JPEG,shoes,pizza," Two men sitting on a boat with their feet on a board, wearing sneakers and drinking water. ","A circular pizza with a layer of melted cheese on top, decorated with various toppings such as pepperoni slices and green bell peppers."
1619,data/images/n03888257/n03888257_39168.JPEG,parachutes,handbag," A group of parachutists in the sky, performing a stunt, with smoke trailing behind them. ","A stylish and elegant handbag with a unique design, featuring intricate patterns and vibrant colors."
1620,data/images/n07873807/n07873807_16625.JPEG,pizza,shoes, A large pizza with various toppings on a metal tray on a table. ,"The image depicts a pair of colorful, high-top sneakers with bold patterns and designs."
1621,data/images/n03590841/n03590841_6462.JPEG,pumpkin,handbag," A carved pumpkin with a glowing face and teeth, sitting on a table. ","A stylish and elegant handbag with a unique design, featuring intricate details and vibrant colors."
1622,data/images/n03180011/n03180011_20934.JPEG,computer,cell phone, A desktop computer with a monitor displaying a webpage. ,"A close-up of a smartphone's screen, displaying an app with colorful icons and text."
1623,data/images/n03063599/n03063599_4172.JPEG,coffee mug,coffee mug, A black coffee mug on a window sill. ,A white coffee mug with a cartoon character of a cat holding a cup of coffee.
1624,data/images/n02992529/n02992529_42996.JPEG,cell phone,cell phone, A shirtless man in a crowd is using his cell phone. ,"A small, rectangular device with a touchscreen and various buttons that allows users to make calls, send messages, take photos, access the internet, and perform other tasks."
1625,data/images/n03590841/n03590841_6382.JPEG,pumpkin,pumpkin," A carved pumpkin with a jack-o-lantern face sits on a table, surrounded by Halloween decorations. ","A bright orange pumpkin with a smooth, round shape and small bumps on its surface."
1626,data/images/n02951358/n02951358_30776.JPEG,canoe or boat,canoe or boat, A group of people in kayaks on the ocean. ,"A small, round boat with a single person sitting on it and holding onto a long pole."
1627,data/images/n02690373/n02690373_4671.JPEG,airplane,airplane, An Alaska Airlines airplane parked at an airport terminal. ,"A small, fast airplane with a pointed nose and two large wings is flying in the sky."
1628,data/images/n03982430/n03982430_20620.JPEG,pool table,pool table," A man is playing pool, leaning over the table, and aiming at a red ball with a cue stick. ","A pool table is a rectangular, flat surface covered with felt that has six pockets around the edges for playing billiards or snooker."
1629,data/images/n02607072/n02607072_3433.JPEG,clownfish or fish,clownfish or fish, A vibrant underwater scene with a variety of colorful fish and coral. ,"A clownfish is a brightly colored fish with orange and white stripes, often found in the Pacific Ocean."
1630,data/images/n03584829/n03584829_45572.JPEG,ironing machine,ironing machine, An iron on a table. ,"A small, portable appliance with a flat surface and metal bars for pressing clothes to remove wrinkles."
1631,data/images/n04120489/n04120489_3979.JPEG,shoes,mushroom," The image shows a close-up of a Nike running shoe with the word ""RUNNING"" visible on the side. ","A large, round mushroom with a white cap and brown gills."
1632,data/images/n03775071/n03775071_2160.JPEG,gloves,gloves," A hand-knitted sock with a colorful pattern, sitting on a table with knitting needles and a piece of paper. ","A pair of white, furry gloves with long sleeves and a fluffy texture."
1633,data/images/n03100240/n03100240_13929.JPEG,car,car, A vintage black car with red trim parked on grass. ,"A close-up of a car's dashboard, displaying its speedometer and fuel gauge."
1634,data/images/n03180011/n03180011_16171.JPEG,computer,computer, A silver desktop computer with keyboard and mouse on a white background. ,"A close-up of a person's face, with wrinkles and creases visible on the skin."
1635,data/images/n04069434/n04069434_12771.JPEG,camera,tower," The image shows a black digital single-lens reflex camera (DSLR) with a lens attached, set against a white background. ","A detailed and colorful image of a medieval tower, featuring various architectural elements such as battlements, crenellations, and arrow slits."
1636,data/images/n03792972/n03792972_8672.JPEG,camp or camping,rocket, A tent in a mountainous area with trees and fog. ,"A rocket soars through the sky, leaving a trail of smoke and flames as it reaches for the stars."
1637,data/images/n03775071/n03775071_7792.JPEG,gloves,rocket, A pair of gray knitted gloves. ,"A rocket soars through the sky, leaving a trail of smoke and flames as it reaches for the stars."
1638,data/images/n03452741/n03452741_24828.JPEG,piano,ball, A grand piano in a room with a portrait on the wall. ,"A basketball with a white background and black lettering spelling out the word ""CONVERSE"" on its side."
1639,data/images/n03063599/n03063599_3606.JPEG,coffee mug,brush, A glass of red wine on a table with a mug of coffee and a donut in the background. ,"The image depicts a large, round object with multiple protruding bristles extending from its surface."
1640,data/images/n03376595/n03376595_10737.JPEG,chair,chair, A folding chair in a grassy field. ,"A chair with a pad on top, for someone to sit and rest their feet."
1641,data/images/n11939491/n11939491_16390.JPEG,flower,flower," The image features a single white daisy with a yellow center, surrounded by green foliage. ","A colorful bouquet of flowers, arranged in a circular pattern with various types and sizes."
1642,data/images/n03982430/n03982430_17180.JPEG,pool table,tower, A pool table with a cue ball on it. ,"A tall, thin tower with small windows and a pointed roof."
1643,data/images/n13054560/n13054560_9747.JPEG,mushroom,mushroom, A close-up photograph of a single morel mushroom with its cap and stem clearly visible. ,"A mélange of fungi, spores, and other organic matter that can grow on soil or litter."
1644,data/images/n03982430/n03982430_17180.JPEG,pool table,pool table, A pool table with a cue ball on it. ,"A pool table is a large, rectangular surface covered in felt with pockets at each corner and surrounded by cues for playing the game of billiards."
1645,data/images/n03445777/n03445777_5342.JPEG,ball,ball, A white golf ball with a logo on it. ,"A basketball with a white background and black lettering spelling out the word ""CONVERSE"" on its side."
1646,data/images/n02281787/n02281787_2105.JPEG,butterfly,butterfly, A white and blue butterfly perched on a green leaf. ,"A colorful butterfly gracefully lands on a flower, capturing the beauty of nature in one still moment."
1647,data/images/n02690373/n02690373_4671.JPEG,airplane,clownfish or fish, An Alaska Airlines airplane parked at an airport terminal. ,"A clownfish is a brightly colored fish with orange and white stripes, often found in the coral reefs of the Pacific Ocean."
1648,data/images/n03775071/n03775071_44.JPEG,gloves,bicycle, A person wearing a colorful knitted glove and holding a tree. ,"A bicycle, with its two wheels and a frame for pedaling, is depicted in the image."
1649,data/images/n02607072/n02607072_1617.JPEG,clownfish or fish,clownfish or fish, Two clownfish swimming near a coral reef. ,"A clownfish is a brightly colored fish with orange and white stripes, often found in the coral reefs of the Pacific Ocean."
1650,data/images/n02492035/n02492035_3912.JPEG,monkey,butterfly," A monkey in a cage, looking out with a sad expression. ","A delicate butterfly, with shimmering iridescent wings, gracefully flutters in the vibrant hues of a blooming flower field."
1651,data/images/n02992529/n02992529_4366.JPEG,cell phone,panda or pandas," The image shows a smartphone screen with a camera icon highlighted in red, indicating that the camera application is selected. ","A panda bear is sitting on a tree branch, looking cute and cuddly."
1652,data/images/n07753592/n07753592_5699.JPEG,fruits and vegetables,fruits and vegetables, A ripe yellow banana with a brown spot on the end. ,"A colorful assortment of fruits and vegetables, including apples, carrots, bell peppers, and grapes, arranged on a wooden cutting board."
1653,data/images/n03584829/n03584829_13149.JPEG,ironing machine,ball," Two women standing on the street, one holding an iron and the other holding a shirt, both looking at the iron. ","A round, white object with a small black spot on its surface."
1654,data/images/n03100240/n03100240_3310.JPEG,car,car, A white classic mustang car on display. ,"A compact, sporty car with a sleek design and modern features."
1655,data/images/n13054560/n13054560_9747.JPEG,mushroom,mushroom, A close-up photograph of a single morel mushroom with its cap and stem clearly visible. ,"A maitake mushroom is a large, fan-shaped brown fungus with a textured surface and a mild, earthy flavor often used in Asian cuisine."
1656,data/images/n03063599/n03063599_1096.JPEG,coffee mug,coffee mug," A white mug with a green design and the word ""tea"" on it. ",A white coffee mug with a cartoon character of a cat holding a cup filled with steaming hot coffee.
1657,data/images/n02124075/n02124075_10164.JPEG,cat,cat, A cat sitting on a ledge looking at a cat statue. ,"A fluffy, playful kitten sits on a colorful rug with curious eyes and a wagging tail."
1658,data/images/n02690373/n02690373_398.JPEG,airplane,airplane, American airlines passenger jet in flight. ,"A large airplane with a pointed nose, wings, and tail, designed to fly through the air by generating lift using its wings."
1659,data/images/n03775071/n03775071_6122.JPEG,gloves,gloves, A person wearing a coat and holding their hands together in front of them. ,"A pair of white gloves with a fluffy texture, perfect for keeping hands warm and cozy during the winter season."
1660,data/images/n02992529/n02992529_13746.JPEG,cell phone,cell phone, A man in glasses is talking on a cell phone while sitting at a table. ,"A small, rectangular device with a touchscreen and multiple cameras that allows users to make calls, send messages, access the internet, and run various applications."
1661,data/images/n03982430/n03982430_20021.JPEG,pool table,camera, A pool table with multiple balls in motion. ,"A lens-equipped device for capturing and recording visual images, typically attached to a smartphone or other electronic devices."
1662,data/images/n04044716/n04044716_860.JPEG,tower,tower, A large satellite dish in a desert setting. ,"A tall, circular structure with multiple small platforms for displaying religious relics and artifacts."
1663,data/images/n02951358/n02951358_33850.JPEG,canoe or boat,canoe or boat, A man in a yellow helmet is kayaking down a river. ,"A small, round boat with a single person sitting on it and paddling through the water."
1664,data/images/n02607072/n02607072_3433.JPEG,clownfish or fish,brush, A vibrant underwater scene with a variety of colorful fish and coral. ,"A small, round brush with soft bristles on one end and a handle on the other."
1665,data/images/n02607072/n02607072_2525.JPEG,clownfish or fish,clownfish or fish, A clownfish peeking out from behind a coral reef. ,"A clownfish is a colorful fish with orange, white, and black stripes that lives in the ocean."
1666,data/images/n03063599/n03063599_552.JPEG,coffee mug,cell phone," A small terracotta pot with the word ""shape"" written on it. ","A small, rectangular device with a touchscreen and various communication capabilities, used for making calls, sending messages, browsing the internet, and capturing photos or videos."
1667,data/images/n02607072/n02607072_505.JPEG,clownfish or fish,monkey, A clownfish swimming among the tentacles of an anemone. ,"A monkey wearing a funny hat, sitting on a cloud and holding a magic wand."
1668,data/images/n02124075/n02124075_12430.JPEG,cat,butterfly, A brown and black cat with green eyes. ,"A colorful butterfly with intricate patterns, gracefully perched on a delicate flower petal."
1669,data/images/n02281787/n02281787_2971.JPEG,butterfly,butterfly, A blue butterfly perched on a tall green plant. ,"A colorful butterfly with intricate patterns, gracefully perched on a delicate flower petal."
1670,data/images/n02281787/n02281787_2105.JPEG,butterfly,horse, A white and blue butterfly perched on a green leaf. ,"A graceful and powerful animal with a large, rounded body, long legs, and a flowing mane, the horse is depicted in this image as it gallops across an open field."
1671,data/images/n04069434/n04069434_9580.JPEG,camera,camera, A vintage camera with a lens on a wooden table. ,"A lens-equipped device for capturing and projecting images, typically mounted on a mobile device or camera body."
1672,data/images/n02690373/n02690373_3492.JPEG,airplane,airplane, A blue and white airplane on the runway. ,"A large airplane with a pointed nose, wings, and tail, designed to fly through the sky by using its engines."
1673,data/images/n07753592/n07753592_1198.JPEG,fruits and vegetables,fruits and vegetables," A still life of fruit, including an apple, bananas, and a rose, arranged on a reflective surface. ","A colorful assortment of fruits and vegetables, including apples, oranges, carrots, and peppers, arranged on a wooden cutting board."
1674,data/images/n03877472/n03877472_2301.JPEG,girl,girl," Two young girls sitting on the floor, smiling and posing for the camera. ","A colorful, fluffy unicorn with a rainbow mane and sparkly wings is playing with a group of adorable puppies in a magical forest."
1675,data/images/n02124075/n02124075_10525.JPEG,cat,butterfly," A gray and white cat is laying on its back, with its paws in the air, on a chair. ","A colorful butterfly with intricate patterns, gracefully fluttering its wings in a vibrant garden."
1676,data/images/n03452741/n03452741_11539.JPEG,piano,piano, A black grand piano in a living room. ,"A grand piano with a dark finish and intricate details, surrounded by soft lighting and elegant decor."
1677,data/images/n03775071/n03775071_3112.JPEG,gloves,gloves," Three handmade felt Christmas stockings in red, purple, and blue, each with a white pom pom on top. ","A pair of white, furry gloves with a small pink heart charm on the back of each hand."
1678,data/images/n02607072/n02607072_505.JPEG,clownfish or fish,canoe or boat, A clownfish swimming among the tentacles of an anemone. ,"A small, round boat with a single person sitting on it and paddling through the water."
1679,data/images/n03590841/n03590841_11757.JPEG,pumpkin,handbag," Two carved pumpkins with faces, one with a neutral expression and the other with a scary expression, sitting on a table. ","A stylish and colorful handbag with a unique design, featuring intricate patterns and vibrant colors that catch the eye."
1680,data/images/n02281787/n02281787_5793.JPEG,butterfly,butterfly, A butterfly is flying over a flower in a lush green forest. ,"A colorful butterfly with intricate patterns, gracefully fluttering its wings in a vibrant garden."
1681,data/images/n04086273/n04086273_2383.JPEG,gun,gun, A collection of six antique firearms displayed on a wall. ,"A small, lightweight firearm with a high-capacity magazine and advanced optics for long-range accuracy."
1682,data/images/n03445777/n03445777_5342.JPEG,ball,ball, A white golf ball with a logo on it. ,"A round, white ball with a small red dot in the center and two smaller dots around it."
1683,data/images/n03063599/n03063599_748.JPEG,coffee mug,cell phone, A white coffee mug with a black logo on a white table. ,"A small, rectangular device with a touchscreen and various communication capabilities, used for making calls, sending messages, accessing the internet, and playing multimedia content."
1684,data/images/n03773504/n03773504_8896.JPEG,rocket,rocket, A white missile on display in a museum. ,"A rocket soars through the sky, leaving a trail of smoke behind it."
1685,data/images/n03376595/n03376595_8916.JPEG,chair,chair, A wooden folding chair with a green cushion and a striped backrest. ,"A round, soft cushion with a flat surface for people to sit on and support their bodies."
1686,data/images/n02690373/n02690373_736.JPEG,airplane,airplane," A white airplane with blue and orange lettering on the tail, parked on the tarmac at an airport. ","A large airplane with a pointed nose, wings, and tail, designed to fly through the sky by using its engines."
1687,data/images/n04120489/n04120489_3979.JPEG,shoes,pizza," The image shows a close-up of a Nike running shoe with the word ""RUNNING"" visible on the side. ","A round, cheesy pizza with various toppings on top."
1688,data/images/n02690373/n02690373_5870.JPEG,airplane,airplane, A large white airplane with blue and red accents parked on a runway. ,"A large airplane with a pointed nose, wings, and tail, designed to fly through the sky by using its engines."
1689,data/images/n03709823/n03709823_9033.JPEG,handbag,rocket, A black and yellow duffel bag with a black strap. ,"A rocket soars through the sky, leaving a trail of smoke behind it."
1690,data/images/n03888257/n03888257_19211.JPEG,parachutes,parachutes, A surreal image of a hot air balloon floating above a barren landscape with a rainbow in the sky. ,"A colorful parachute with multiple streamers is gracefully floating down to the ground, providing a serene and peaceful scene."
1691,data/images/n04120489/n04120489_3979.JPEG,shoes,shoes," The image shows a close-up of a Nike running shoe with the word ""RUNNING"" visible on the side. ","A pair of colorful, high-top sneakers with a mesh design and reflective details on the upper part."
1692,data/images/n03180011/n03180011_9698.JPEG,computer,car," A cluttered computer desk with two monitors, two keyboards, two mice, and various other items. ","A small, two-door car with a rounded front end and a tall windshield, painted in a light blue color."
1693,data/images/n03272562/n03272562_8931.JPEG,train,coffee maker, Two red trains parked on train tracks. ,"A coffee maker with a round, white handle and a small, black knob on top."
1694,data/images/n07873807/n07873807_2421.JPEG,pizza,camera, A variety of pizzas on display in a restaurant. ,"A lens-equipped device for capturing and projecting images, typically attached to a mobile device or camera."
1695,data/images/n02281787/n02281787_4566.JPEG,butterfly,butterfly, Two blue butterflies on a green leaf. ,"A colorful butterfly with intricate patterns, gracefully perched on a leaf in the middle of a vibrant garden."
1696,data/images/n03272562/n03272562_4339.JPEG,train,train, A train on the tracks with cargo cars behind it. ,"A large, luxurious train with multiple cars and a long, winding track through the mountains."
1697,data/images/n03197337/n03197337_1045.JPEG,watch or watches,computer, A white and black digital wristwatch with a white strap. ,"A close-up of a person's face, with wrinkles and creases visible on the skin."
1698,data/images/n02992529/n02992529_14442.JPEG,cell phone,computer, A white star-shaped tray holds two cell phones. ,"A large, circular structure made of metal and fabric that hovers above the ground, with multiple propellers on its underside."
1699,data/images/n02504458/n02504458_5897.JPEG,elephant,panda or pandas, A large elephant walking on a dirt road in a natural setting. ,"A panda bear is sitting on a branch, looking cute and fluffy."
1700,data/images/n03982430/n03982430_20021.JPEG,pool table,tower, A pool table with multiple balls in motion. ,"The image depicts a large, ornate tower with multiple tiers and balconies adorned by intricate carvings and sculptures."
1701,data/images/n02510455/n02510455_15145.JPEG,panda or pandas,elephant, A black and white panda bear sitting in an enclosure. ,"A large, gray elephant with a long trunk and floppy ears stands in a lush green forest."
1702,data/images/n04120489/n04120489_14875.JPEG,shoes,shoes, A close-up view of a sports shoe with a blue and white color scheme. ,"A pair of colorful, high-top sneakers with a mesh design and reflective accents on the soles, designed for both style and comfort."
1703,data/images/n03792972/n03792972_1570.JPEG,camp or camping,girl, A tent set up in a field with camping gear. ,"A colorful sunset with a serene lake and lush green trees, creating an idyllic scene of nature's beauty."
1704,data/images/n03773504/n03773504_6291.JPEG,rocket,rocket, A large nuclear missile inside a missile silo. ,"A rocket soars through the sky, leaving a trail of smoke and flames behind it."
1705,data/images/n03888257/n03888257_24025.JPEG,parachutes,tower," A person is skydiving with a parachute, flying high in the sky. ","The image depicts a picturesque sunset with vibrant orange and pink hues, casting long shadows across the landscape as a serene lake reflects the sky's beauty."
1706,data/images/n03590841/n03590841_6462.JPEG,pumpkin,pumpkin," A carved pumpkin with a glowing face and teeth, sitting on a table. ","A plump, orange pumpkin with a smooth surface and small dimples sits on a wooden crate."
1707,data/images/n03452741/n03452741_16744.JPEG,piano,ball, A man is playing a piano in a restaurant with a mcdonald's sign in the background. ,"A group of people are playing with a large, inflatable ball in an open field."
1708,data/images/n02951358/n02951358_7348.JPEG,canoe or boat,cell phone, A painting of a man and his dog in a canoe on a lake at sunset. ,"A close-up of a smartphone's screen, displaying various colorful emojis and icons with a touch of glitter effect."
1709,data/images/n04044716/n04044716_9463.JPEG,tower,tower, A large white satellite dish. ,"A tall, thin structure with multiple small platforms connected by stairs and walkways, used for defense or observation."
1710,data/images/n07873807/n07873807_1477.JPEG,pizza,shoes, A pepperoni pizza on a baking sheet. ,"A pair of colorful, high-top sneakers with a mesh design and reflective details on the upper part."
1711,data/images/n03792782/n03792782_122.JPEG,bicycle,gloves, A man is riding a bicycle on a steep rocky mountain trail. ,"A pair of white, furry gloves with long sleeves and a fluffy texture."
1712,data/images/n03792972/n03792972_1570.JPEG,camp or camping,bicycle, A tent set up in a field with camping gear. ,"A bicycle, with a blue frame and white wheels, is being ridden by a person on a sunny path."
1713,data/images/n02389026/n02389026_2013.JPEG,horse,horse, A brown horse standing in a field. ,"A horse with a fluffy mane and tail, standing in a field of tall green grass."
1714,data/images/n03584829/n03584829_13555.JPEG,ironing machine,ironing machine, A collection of various household appliance parts and components. ,"A portable appliance with a flat surface, used to smooth out wrinkles in clothing."
1715,data/images/n03877472/n03877472_33829.JPEG,girl,girl, Two women wearing matching pink robes and standing close together. ,"A colorful, fluffy ball with a wide grin and big eyes that seem to be filled with mischief."
1716,data/images/n03445777/n03445777_15294.JPEG,ball,girl, A crystal golf ball with a personalized message. ,"A colorful, heart-shaped pendant with a sparkling diamond in the center dangles from an elegant gold chain."
1717,data/images/n03297495/n03297495_7249.JPEG,coffee maker,rocket," This is an image of a white espresso machine with a silver and black front panel, featuring two spouts and two buttons. ","A rocket soars through the sky, leaving a trail of smoke and flames as it reaches for the stars."
1718,data/images/n03272010/n03272010_4370.JPEG,guitar,guitar, A blue electric guitar with a pickup and a cord on a white surface. ,"A beautiful woman playing a guitar with passion and skill, surrounded by colorful flowers in a lush garden."
1719,data/images/n03709823/n03709823_16780.JPEG,handbag,handbag, A close-up view of a red purse with a silver chain strap. ,"A colorful, medium-sized handbag with a unique floral pattern and gold hardware on the front side of the bag."
1720,data/images/n04069434/n04069434_12869.JPEG,camera,pool table," The image shows a black camera lens mount with a white ring and two circular rubber gaskets, one on each side of the mount. ","A pool table is a large, rectangular surface covered in felt or another smooth material, designed for playing the game of billiards."
1721,data/images/n02992529/n02992529_39085.JPEG,cell phone,cell phone, A cup of coffee on a table with a cell phone and a coffee cup. ,A colorful abstract pattern of intersecting lines and shapes on a white background.
1722,data/images/n02951358/n02951358_29817.JPEG,canoe or boat,canoe or boat," A person in a red kayak on a river, surrounded by lush greenery and a wooden bridge. ","A small, round boat with a single person sitting on it and holding onto two long poles."
1723,data/images/n02906734/n02906734_21440.JPEG,brush,brush," A group of people playing indoor curling, with one person in the process of throwing the curling stone. ","The image depicts a small, circular brush with bristles on one side and a flat surface on the other, designed for cleaning or polishing objects."
1724,data/images/n03792782/n03792782_12815.JPEG,bicycle,bicycle," A group of bicyclists in a line, preparing for a race. ","A colorful bicycle with a basket and wide tires, parked in front of an old building surrounded by lush greenery."
1725,data/images/n03709823/n03709823_24745.JPEG,handbag,pumpkin, A pink duffel bag with a white logo on it. ,"A large, orange fruit with a green stem and small bumps on its surface."
1726,data/images/n02992529/n02992529_39085.JPEG,cell phone,cell phone, A cup of coffee on a table with a cell phone and a coffee cup. ,A colorful abstract pattern of intersecting lines and shapes on a white background.
1727,data/images/n03063599/n03063599_4086.JPEG,coffee mug,coffee mug," The image shows two rings, one purple and one yellow, against a white background. ","A colorful coffee mug with a cartoon character on it, holding a steaming cup of hot chocolate."
1728,data/images/n03590841/n03590841_10934.JPEG,pumpkin,bicycle," A carved pumpkin with a scary face sits on a porch, illuminated by red lights. ","A colorful bicycle with a basket and wide tires, parked in front of a charming storefront."
1729,data/images/n02106662/n02106662_83638.JPEG,dog,dog, A German Shepherd dog in mid-run on a grassy field. ,"A fluffy white dog with brown eyes and a red collar is sitting on a green grass lawn, surrounded by colorful toys."
1730,data/images/n02951358/n02951358_9376.JPEG,canoe or boat,cell phone, Two people walking on frozen lake with boat in background. ,"A colorful, rectangular object with a touchscreen and various communication features, used for making calls, sending messages, browsing the internet, capturing photos or videos, and playing music."
1731,data/images/n07753592/n07753592_10252.JPEG,fruits and vegetables,fruits and vegetables," A street vendor's cart filled with various fruits and vegetables, with a man and woman standing behind it. ","The image depicts a colorful assortment of fruits and vegetables, arranged in an aesthetically pleasing manner to showcase their vibrant hues and textures."
1732,data/images/n04069434/n04069434_10318.JPEG,camera,camera, A black Canon camera with a strap on a table. ,A camera is a device that captures images by recording light and converting it into an image on film or digitally.
1733,data/images/n03272010/n03272010_11611.JPEG,guitar,guitar, A man playing a guitar at sunset. ,"A guitar, with a glossy finish and intricate detailing on the body."
1734,data/images/n03792972/n03792972_1036.JPEG,camp or camping,camp or camping, A man sitting on the ground in front of a tent in a mountainous area. ,"The image depicts a group of people gathered around a campfire, with tents and various outdoor equipment scattered nearby."
1735,data/images/n02281787/n02281787_2216.JPEG,butterfly,butterfly, A small blue butterfly perched on a rock. ,"A butterfly with a fluffy, round body and delicate wings flutters gently in the air."
1736,data/images/n02690373/n02690373_398.JPEG,airplane,monkey, American airlines passenger jet in flight. ,"A monkey wearing a fez, sitting on a branch with a telescope and a map."
1737,data/images/n03197337/n03197337_830.JPEG,watch or watches,train," A digital wristwatch with a black strap and a white face, inside a clear plastic case. ","A large, elongated vehicle with multiple wheels and a rounded front end, designed for carrying passengers over long distances."
1738,data/images/n03590841/n03590841_11757.JPEG,pumpkin,rocket," Two carved pumpkins with faces, one with a neutral expression and the other with a scary expression, sitting on a table. ","A rocket soars through the sky, leaving a trail of smoke and flames as it reaches for the stars."
1739,data/images/n03272010/n03272010_1242.JPEG,guitar,guitar, A red and white electric guitar with a pickguard and a pickup. ,"A guitar, with a sleek and modern design featuring a glossy black finish and intricate detailing on the body."
1740,data/images/n03982430/n03982430_11084.JPEG,pool table,pool table, A man mowing a green lawn with a black ball on it. ,"A pool table is a large, rectangular surface covered in felt or similar material that is designed for playing the game of billiards, specifically the object-based game known as pocket billiards."
1741,data/images/n03775071/n03775071_3112.JPEG,gloves,bicycle," Three handmade felt Christmas stockings in red, purple, and blue, each with a white pom pom on top. ",A bicycle is a two-wheeled vehicle with pedals that people ride for transportation or exercise.
1742,data/images/n07873807/n07873807_18033.JPEG,pizza,shoes," Two pizzas on a baking sheet, one with cheese and olives, the other with cheese, olives, and sausage. ","A pair of colorful, high-top sneakers with a mesh design and reflective details."
1743,data/images/n02389026/n02389026_24702.JPEG,horse,horse," A close-up of a horse's face, showing its brown coat, large brown eyes, and a white spot on its forehead. ","A horse, with a muscular and graceful appearance, stands on a sandy beach as the sun sets behind it."
1744,data/images/n03297495/n03297495_1447.JPEG,coffee maker,train, A vintage metal hand juicer on a table. ,"A large, shiny train with many windows and a long, curved smokestack sits on a platform surrounded by trees."
1745,data/images/n02992529/n02992529_52043.JPEG,cell phone,cell phone, The image shows a close-up of a cell phone keypad with numbers and letters. ,"A detailed image of a cell phone, showcasing its various components and features."
1746,data/images/n03445777/n03445777_2548.JPEG,ball,ball," A golf ball on a green, with a logo for scott health & safety. ","A round object with a flat surface, typically used for sports and exercise."
1747,data/images/n03445777/n03445777_9216.JPEG,ball,ball, A pink golf ball on a tee in a field of yellow flowers. ,"A round object with a flat surface, typically used for sports and bouncing."
1748,data/images/n03445777/n03445777_6397.JPEG,ball,ball," A white golf ball with a black logo on it, sitting on a grassy surface. ","A round, inflated object with a flat surface used for bouncing or rolling."
1749,data/images/n03584829/n03584829_36033.JPEG,ironing machine,ironing machine, An iron on a table. ,"A portable appliance with a flat surface, used to smooth and press clothes."
1750,data/images/n03272562/n03272562_8639.JPEG,train,watch or watches, A blue and yellow train engine on the tracks with a yellow train car behind it. ,"A watch with a circular face and hands, attached to a band that wraps around the wrist."
1751,data/images/n02906734/n02906734_17960.JPEG,brush,airplane, A broom leaning against a doorway in a building. ,A small airplane with a single propeller and two seats is flying in the sky.
1752,data/images/n03452741/n03452741_16744.JPEG,piano,piano, A man is playing a piano in a restaurant with a mcdonald's sign in the background. ,"A piano is a large, rectangular musical instrument with keys and strings that produces beautiful music when you press the keys."
1753,data/images/n07873807/n07873807_3896.JPEG,pizza,tower," A pizza with cheese, olives, and basil on a wooden cutting board. ","A tall, multi-story building with arches and battlements, used for defense or observation."
1754,data/images/n04044716/n04044716_14882.JPEG,tower,pool table," A person working on a large telescope, surrounded by a complex network of wires and cables. ","A pool table is a rectangular, flat surface with pockets at each corner and raised edges for playing the game of billiards."
1755,data/images/n02389026/n02389026_9196.JPEG,horse,horse, A man riding a brown horse in a field. ,"A graceful and powerful animal with a large, rounded body, long legs, and a flowing mane, the horse is depicted in this image as it gallops across an open field."
1756,data/images/n03197337/n03197337_2141.JPEG,watch or watches,train," The image shows a digital wristwatch with a blue screen displaying the time ""8:10"" and the date ""10"". ","A large, fast-moving vehicle with a rounded front and rear section, carrying passengers or cargo over long distances."
1757,data/images/n13054560/n13054560_5228.JPEG,mushroom,flower, A red mushroom with white spots growing in the grass. ,"A colorful, delicate flower with a prominent center and wavy petals."
1758,data/images/n02690373/n02690373_1055.JPEG,airplane,airplane," A large white airplane with the words ""A380"" on the side, flying through a blue sky with clouds. ","A small, fast airplane with wings and a tail, designed to fly through the air."
1759,data/images/n03445777/n03445777_2493.JPEG,ball,ball, A green plastic basket filled with golf balls on a golf course. ,"A round, white ball with a small red stripe on one side sits atop a blue background."
1760,data/images/n03792782/n03792782_122.JPEG,bicycle,bicycle, A man is riding a bicycle on a steep rocky mountain trail. ,"A colorful bicycle with a basket and streamers, decorated for a child's birthday party."
1761,data/images/n02510455/n02510455_15145.JPEG,panda or pandas,elephant, A black and white panda bear sitting in an enclosure. ,"A large, gray elephant with a long trunk and floppy ears stands in a grassy field."
1762,data/images/n03775071/n03775071_6122.JPEG,gloves,rocket, A person wearing a coat and holding their hands together in front of them. ,"A rocket soars through the sky, leaving a trail of smoke behind it.

Image: A picture of a rocket taking off and flying high in the atmosphere."
1763,data/images/n02106662/n02106662_16778.JPEG,dog,dog, Two dogs running in a park. ,"A playful puppy with a fluffy white coat and brown eyes is sitting on the grass, surrounded by colorful flowers."
1764,data/images/n02510455/n02510455_95099.JPEG,panda or pandas,panda or pandas, A panda bear sitting on a tree branch in an enclosure. ,"A panda bear is sitting on a tree branch, looking cute and fluffy."
1765,data/images/n03297495/n03297495_2852.JPEG,coffee maker,train," This is an image of a black coffee maker with a digital display and buttons, placed on a white background. ","A large, luxurious train with multiple cars and a long, curved track is traveling through a dense forest filled with tall trees."
1766,data/images/n04120489/n04120489_10588.JPEG,shoes,shoes, A white and red tennis shoe with a black and yellow logo. ,"A pair of colorful, high-top sneakers with a mesh design and reflective details on the upper part."
1767,data/images/n03584829/n03584829_26740.JPEG,ironing machine,ironing machine," An old iron with rusted handle and a rope, placed on a rusted metal stand. ","A compact, portable ironing machine with a large water tank and adjustable temperature control for easy use at home or on-the-go."
1768,data/images/n13054560/n13054560_4449.JPEG,mushroom,pizza, A mushroom growing in the wilderness. ,"A round, cheesy pizza with various toppings on top."
1769,data/images/n02951358/n02951358_31796.JPEG,canoe or boat,canoe or boat," Two people in red kayaks on a river, with a rocky cliff and a building in the background. ","A small, light canoe with a single person seated inside and facing forward."
1770,data/images/n04044716/n04044716_555.JPEG,tower,car, A cherry picker is lifting a worker to repair a satellite dish. ,"A small, two-door car with a sleek design and a high rear window, parked on a quiet residential street lined with trees."
1771,data/images/n07873807/n07873807_7685.JPEG,pizza,fruits and vegetables," A large pizza with cheese, basil, and tomato sauce on a plate. ","A colorful assortment of fruits and vegetables, including apples, oranges, carrots, and peppers, arranged on a wooden cutting board."
1772,data/images/n03877472/n03877472_28953.JPEG,girl,girl, A woman in a pink pajama is playfully pinning a man to the floor while he is wearing a blue pajama. ,"A colorful, fluffy unicorn with a flowing mane and sparkly eyes stands on a lush green meadow surrounded by vibrant flowers."
1773,data/images/n04044716/n04044716_14882.JPEG,tower,tower," A person working on a large telescope, surrounded by a complex network of wires and cables. ","A tall, round building with small balconies and a conical roof."
1774,data/images/n03063599/n03063599_5287.JPEG,coffee mug,coffee mug, A white coffee mug with a brown starbucks logo on it. ,A white coffee mug with a cartoon character of a cat holding a cup filled with steaming hot coffee.
1775,data/images/n03709823/n03709823_7681.JPEG,handbag,handbag, A black leather handbag with a cartoon character on it. ,"A stylish and colorful handbag with a unique design, featuring intricate patterns and vibrant colors that catch the eye."
1776,data/images/n02281787/n02281787_5793.JPEG,butterfly,airplane, A butterfly is flying over a flower in a lush green forest. ,"A large airplane with a pointed nose, wings, and tail, designed to fly through the sky by using its engines."
1777,data/images/n02951358/n02951358_31796.JPEG,canoe or boat,clownfish or fish," Two people in red kayaks on a river, with a rocky cliff and a building in the background. ","A colorful clownfish, with a vibrant orange and white pattern, swims gracefully in an underwater coral reef."
1778,data/images/n04086273/n04086273_2383.JPEG,gun,tower, A collection of six antique firearms displayed on a wall. ,"A tall, round building with small windows and a large cross on top, surrounded by trees."
1779,data/images/n07873807/n07873807_2421.JPEG,pizza,pizza, A variety of pizzas on display in a restaurant. ,"A round, cheesy pizza with various toppings on top."
1780,data/images/n03590841/n03590841_6382.JPEG,pumpkin,handbag," A carved pumpkin with a jack-o-lantern face sits on a table, surrounded by Halloween decorations. ","A colorful handbag with a unique design, featuring intricate patterns and textures on its surface."
1781,data/images/n03180011/n03180011_10086.JPEG,computer,car," A man sitting at a desk in a room with two computers, a monitor, and a keyboard. ","A small, two-door car with a rounded front end and a tall windshield, painted in a light blue color."
1782,data/images/n04086273/n04086273_17042.JPEG,gun,gun," A soldier in a military uniform holding a rifle with a scope, wearing sunglasses and a helmet. ","A small, lightweight firearm with a high-capacity magazine and advanced features for easy handling."
1783,data/images/n07753592/n07753592_14206.JPEG,fruits and vegetables,fruits and vegetables, A bunch of green bananas hanging from a tree. ,"A colorful assortment of fresh fruits and vegetables, including apples, oranges, carrots, broccoli, and strawberries, arranged on a wooden cutting board."
1784,data/images/n03445777/n03445777_2951.JPEG,ball,pizza," A golf ball on a green, in front of a hole. ","A round, cheesy pizza with various toppings on top."
1785,data/images/n03272010/n03272010_7501.JPEG,guitar,guitar, A young boy sitting on a chair playing a guitar. ,"A beautiful, vintage acoustic guitar with a rich, dark wood finish and intricate details on the body."
1786,data/images/n03709823/n03709823_18874.JPEG,handbag,handbag, A blue and white bag with a square design on it. ,"A colorful, stylish handbag with a unique design and intricate details that perfectly complements the user's outfit."
1787,data/images/n04044716/n04044716_7208.JPEG,tower,pool table, A large satellite dish in a field with sheep grazing. ,"A pool table is a rectangular, flat surface with pockets at each corner designed for playing the game of billiards."
1788,data/images/n04120489/n04120489_3979.JPEG,shoes,tower," The image shows a close-up of a Nike running shoe with the word ""RUNNING"" visible on the side. ","A tall, thin tower with multiple small balconies and a conical roof."
1789,data/images/n03888257/n03888257_18921.JPEG,parachutes,camera, A person is kiteboarding on a frozen lake. ,"A helpful assistant describes the term ""fliacamera"" as referring to a digital camera that is commonly used for capturing images or videos."
1790,data/images/n03584829/n03584829_45572.JPEG,ironing machine,ironing machine, An iron on a table. ,"A compact, portable ironing machine with a large water tank and adjustable temperature control for easy use at home or on-the-go."
1791,data/images/n03452741/n03452741_3088.JPEG,piano,flower, A black and gold grand piano with the Boston Piano Company logo. ,"A colorful, delicate flower with a prominent center and intricate petals."
1792,data/images/n03180011/n03180011_9698.JPEG,computer,guitar," A cluttered computer desk with two monitors, two keyboards, two mice, and various other items. ","A beautiful, vintage acoustic guitar with a rich, dark wood finish and intricate details on the body."
1793,data/images/n03272010/n03272010_1242.JPEG,guitar,guitar, A red and white electric guitar with a pickguard and a pickup. ,"A beautiful, vintage acoustic guitar with a rich, dark wood finish and intricate detailing on the body."
1794,data/images/n04120489/n04120489_5424.JPEG,shoes,fruits and vegetables," Two men sitting on a boat with their feet on a board, wearing sneakers and drinking water. ","A colorful assortment of fruits and vegetables, including apples, oranges, carrots, and bell peppers, arranged on a wooden cutting board."
1795,data/images/n03272010/n03272010_7501.JPEG,guitar,car, A young boy sitting on a chair playing a guitar. ,"A small, two-door car with a sleek design and a prominent front grille."
1796,data/images/n03180011/n03180011_7359.JPEG,computer,computer," A computer monitor displaying a webpage with a cartoon girl, sitting on a desk with a keyboard and mouse. ","A close-up of a person's face, with wrinkles and creases around the eyes, smiling broadly."
1797,data/images/n03100240/n03100240_13929.JPEG,car,cell phone, A vintage black car with red trim parked on grass. ,"A detailed image of a cell phone, showcasing its various components and features."
1798,data/images/n03197337/n03197337_1351.JPEG,watch or watches,watch or watches, A person's hand with a name written on it. ,"The image depicts a luxurious, high-end watch with an intricate design and gold accents."
1799,data/images/n02906734/n02906734_9317.JPEG,brush,brush, A wooden broom leaning against a wooden fence. ,"The image depicts a large, circular brush with soft bristles and a handle made of wood or plastic."
1800,data/images/n11939491/n11939491_48574.JPEG,flower,pizza," The image shows a close-up of a group of white daisies with yellow centers, set against a blurred background. ","A circular pizza with a slightly raised edge, adorned with various toppings such as tomato sauce, cheese, and vegetables."
1801,data/images/n03775071/n03775071_794.JPEG,gloves,camp or camping," A red stocking with a white penguin inside, sitting on a green and white patterned surface. ","The image depicts a serene and picturesque campsite, with lush green trees in the background and various camping equipment set up on a grassy area."
1802,data/images/n13054560/n13054560_13613.JPEG,mushroom,flower, A hand holding a mushroom with a brush in the background. ,"A colorful, delicate flower with a prominent center and intricate petals."
1803,data/images/n02124075/n02124075_7825.JPEG,cat,cat, Two cats lying on a bed with a leopard print blanket. ,"A colorful cat wearing a crown, sitting on a purple cushion with gold stars and moons around it."
1804,data/images/n02124075/n02124075_10164.JPEG,cat,cat, A cat sitting on a ledge looking at a cat statue. ,"A colorful cat wearing a crown, sitting on a purple cushion with gold accents."
1805,data/images/n03197337/n03197337_1045.JPEG,watch or watches,watch or watches, A white and black digital wristwatch with a white strap. ,"A watch, which is a timekeeping device with hands or numbers on its face."
1806,data/images/n03297495/n03297495_6860.JPEG,coffee maker,train, This is an image of a modern espresso machine with a cup of coffee being dispensed. ,"A large, fast-moving vehicle with a rounded front and an elongated body, designed for carrying passengers or cargo over long distances."
1807,data/images/n02281787/n02281787_5770.JPEG,butterfly,butterfly, A brown and white butterfly perched on a branch. ,A colorful butterfly gracefully lands on a flower in the sunlight.
1808,data/images/n03584829/n03584829_37429.JPEG,ironing machine,pumpkin, Two vintage irons on a table with white linen. ,"A pumpkin is a large, round fruit with a thick skin that comes in many different shapes and sizes."
1809,data/images/n03100240/n03100240_18492.JPEG,car,coffee mug," A vintage white car with a red interior and a black roof, parked on a street. ","A ceramic coffee mug with a glossy finish, featuring a cute cartoon character holding a steaming cup of hot chocolate."
1810,data/images/n03180011/n03180011_10086.JPEG,computer,guitar," A man sitting at a desk in a room with two computers, a monitor, and a keyboard. ","A close-up of a guitar's body, with the neck and headstock partially visible, showcasing intricate details in the wood grain and finish."
1811,data/images/n02951358/n02951358_31796.JPEG,canoe or boat,canoe or boat," Two people in red kayaks on a river, with a rocky cliff and a building in the background. ","A small, round boat with a single person sitting on it and paddling with both hands."
1812,data/images/n02281787/n02281787_5770.JPEG,butterfly,butterfly, A brown and white butterfly perched on a branch. ,"A colorful butterfly with intricate patterns, gracefully perched on a leaf in the middle of a vibrant garden."
1813,data/images/n02124075/n02124075_4027.JPEG,cat,cat," A cat with its eyes closed, looking content and relaxed. ","A fluffy white cat with green eyes is sitting on a colorful rug, surrounded by toys and a bright yellow sunbeam."
1814,data/images/n13054560/n13054560_8062.JPEG,mushroom,mushroom, A white plate with sliced mushrooms. ,"A maitake mushroom is a large, fan-shaped brown fungus with a delicate texture and nutty flavor that grows on dead hardwood trees in the forests of North America."
1815,data/images/n03376595/n03376595_10579.JPEG,chair,train, A wooden lawn chair with slats and armrests. ,"A large, circular train station with multiple platforms and a high vaulted ceiling."
1816,data/images/n02951358/n02951358_2350.JPEG,canoe or boat,handbag, Three people in kayaks on the ocean. ,"A colorful handbag with a unique design, featuring intricate patterns and textures on its surface."
1817,data/images/n13054560/n13054560_294.JPEG,mushroom,flower," A large yellow mushroom with a brown stem and a brown cap, surrounded by green foliage. ","A colorful, delicate flower with a prominent center and wavy petals."
1818,data/images/n03888257/n03888257_18921.JPEG,parachutes,parachutes, A person is kiteboarding on a frozen lake. ,"A colorful, detailed illustration of a parachute with multiple components and features."
1819,data/images/n07873807/n07873807_3896.JPEG,pizza,shoes," A pizza with cheese, olives, and basil on a wooden cutting board. ","A pair of colorful, high-top sneakers with a mesh design and reflective details on the upper part."
1820,data/images/n04069434/n04069434_3119.JPEG,camera,camera, A vintage black and white Rolleicord camera sitting on a wooden floor. ,"A lens-equipped device for capturing and projecting images, typically mounted on a mobile device or camera body."
1821,data/images/n03272010/n03272010_7501.JPEG,guitar,guitar, A young boy sitting on a chair playing a guitar. ,"A beautiful, vintage acoustic guitar with a rich, dark wood finish and intricate detailing on the body."
1822,data/images/n03063599/n03063599_5019.JPEG,coffee mug,coffee mug, A white coffee mug with a blue and red design on it. ,"A white coffee mug with a cartoon character of a cat holding a cup, wearing sunglasses and a hat."
1823,data/images/n03982430/n03982430_20620.JPEG,pool table,tower," A man is playing pool, leaning over the table, and aiming at a red ball with a cue stick. ","A tall, thin structure with multiple small platforms connected by stairs and walkways, used for defense or observation."
1824,data/images/n04069434/n04069434_12869.JPEG,camera,gun," The image shows a black camera lens mount with a white ring and two circular rubber gaskets, one on each side of the mount. ","A small, lightweight firearm with a high-capacity magazine and advanced features for easy handling and accuracy."
1825,data/images/n02690373/n02690373_9676.JPEG,airplane,airplane, A large yellow and white airplane flying in the sky above an airport. ,"A large airplane with a pointed nose, wings, and tail, designed to fly through the sky by using its engines."
1826,data/images/n03180011/n03180011_9698.JPEG,computer,computer," A cluttered computer desk with two monitors, two keyboards, two mice, and various other items. ","A close-up of a person's face, with wrinkles and creases visible on the skin."
1827,data/images/n11939491/n11939491_12042.JPEG,flower,flower," A close-up photograph of white daisies with yellow centers, set against a dark blue background. ","A colorful, delicate flower with a prominent center and intricate petals."
1828,data/images/n03792972/n03792972_5525.JPEG,camp or camping,camp or camping, Two tents set up on a hillside with a rocky outcropping and trees in the background. ,"The image depicts a group of people gathered around a campfire, with tents and various outdoor equipment in the background."
1829,data/images/n07873807/n07873807_3354.JPEG,pizza,camp or camping, A large pepperoni pizza in a box. ,"A group of people is gathered around a campfire in the middle of a forest, with tents and other camping equipment scattered nearby."
1830,data/images/n03197337/n03197337_16730.JPEG,watch or watches,train," A black and white wristwatch with a digital display, sitting on a brown box. ","A large, fast-moving train hurtles through a dense forest of towering trees and winding branches."
1831,data/images/n07873807/n07873807_8175.JPEG,pizza,flower," A man in a costume sits next to a goat, holding a pizza box and a wooden bow. ","A colorful, delicate flower with a prominent center and intricate petals."
1832,data/images/n04086273/n04086273_8280.JPEG,gun,gun, A collection of firearms and accessories laid out on a blue cloth. ,"A detailed image of a firearm, including its parts and components."
1833,data/images/n03590841/n03590841_6462.JPEG,pumpkin,handbag," A carved pumpkin with a glowing face and teeth, sitting on a table. ","A handbag with a floral pattern and golden hardware, featuring an elegant design for carrying essentials."
1834,data/images/n04120489/n04120489_6812.JPEG,shoes,pizza, A black and white shoe on a brick patio. ,"A circular pizza with a layer of fried egg, diced vegetables, and shredded cheese on top."
1835,data/images/n02510455/n02510455_6311.JPEG,panda or pandas,elephant," A panda bear is sitting in a tree, looking at the camera. ","A large, gray elephant with a long trunk stands near some trees in a grassy area."
1836,data/images/n02951358/n02951358_11607.JPEG,canoe or boat,car, A man in a red life vest is paddling a green canoe on a river. ,"A detailed image of a luxury sports car with sleek design and advanced features, ready for an exhilarating drive on the open road."
1837,data/images/n02906734/n02906734_3648.JPEG,brush,airplane, A yellow and orange broom with a metal handle. ,A small airplane with a red and white striped tail is flying high in the sky.
1838,data/images/n07753592/n07753592_1198.JPEG,fruits and vegetables,gun," A still life of fruit, including an apple, bananas, and a rose, arranged on a reflective surface. ","A detailed image of a firearm, including its parts and components."
1839,data/images/n02690373/n02690373_7499.JPEG,airplane,airplane, An airplane on the runway at an airport. ,A small airplane with a rounded nose and two propellers is flying in the sky.
1840,data/images/n03063599/n03063599_748.JPEG,coffee mug,car, A white coffee mug with a black logo on a white table. ,"A close-up of a car's dashboard, displaying various gauges and controls."
1841,data/images/n02690373/n02690373_7499.JPEG,airplane,coffee mug, An airplane on the runway at an airport. ,"A coffee mug is a small cup with handles, usually used for drinking hot or cold beverages like coffee, tea, or juice."
1842,data/images/n04069434/n04069434_3119.JPEG,camera,camera, A vintage black and white Rolleicord camera sitting on a wooden floor. ,A camera is a device that captures images or videos by capturing light and converting it into digital data.
1843,data/images/n03100240/n03100240_16653.JPEG,car,car, A red convertible parked on a driveway. ,"A close-up of a car's steering wheel, with multiple buttons and controls visible."
1844,data/images/n03792782/n03792782_8799.JPEG,bicycle,bicycle," A collage of a mountain bike race, featuring a man in a blue and black jersey riding a bike, with various other cyclists and a collage of photos from the event. ","A bicycle, typically consisting of two wheels connected by a frame and operated by pedaling to move forward."
1845,data/images/n02992529/n02992529_52043.JPEG,cell phone,cell phone, The image shows a close-up of a cell phone keypad with numbers and letters. ,"A cell phone is a small device that people use to make calls, send messages, and access the internet."
1846,data/images/n03590841/n03590841_6380.JPEG,pumpkin,pumpkin," Two carved pumpkins with faces, sitting on a table. ","A large, orange pumpkin with a smooth and slightly bulbous shape, resting on its flat bottom side."
1847,data/images/n03297495/n03297495_1204.JPEG,coffee maker,chair, This is an image of a coffee machine with two cups of coffee on the spout. ,"The image depicts a group of people gathered around a large, circular table covered in various objects and decorations."
1848,data/images/n03775071/n03775071_2160.JPEG,gloves,bicycle," A hand-knitted sock with a colorful pattern, sitting on a table with knitting needles and a piece of paper. ","A colorful bicycle with a basket and streamers, decorated for a child's birthday party, stands on the grass next to a group of friends."
1849,data/images/n02106662/n02106662_49005.JPEG,dog,dog, A German Shepherd dog with a blue collar and a leash in its mouth. ,"A fluffy white dog with a red ribbon around its neck is sitting on a colorful rug, surrounded by toys and a teddy bear."
1850,data/images/n02389026/n02389026_6377.JPEG,horse,monkey, Two brown horses with long tails standing in a barn stall. ,"A monkey wearing a funny hat, sitting on a cloud and holding a magic wand."
1851,data/images/n03888257/n03888257_7960.JPEG,parachutes,pool table," Two people are skydiving, with one person in the air and the other person just about to jump from the plane. ","A pool table is a large, rectangular surface covered in felt that players use to shoot small balls into pockets on the side of the table."
1852,data/images/n02690373/n02690373_4671.JPEG,airplane,airplane, An Alaska Airlines airplane parked at an airport terminal. ,"A large airplane with a pointed nose, wings, and tail, designed to fly through the sky by using its engines."
1853,data/images/n02106662/n02106662_83638.JPEG,dog,cat, A German Shepherd dog in mid-run on a grassy field. ,"A fluffy white cat with green eyes is sitting on a colorful rug, surrounded by toys and a bright yellow sunbeam."
1854,data/images/n03590841/n03590841_6633.JPEG,pumpkin,rocket," A carved pumpkin with a face and eyes, sitting on a table. ","A large, sleek rocket with multiple fins and a bright orange flame is taking off into the sky."
1855,data/images/n04086273/n04086273_8280.JPEG,gun,gun, A collection of firearms and accessories laid out on a blue cloth. ,"A small, handheld device that can shoot bullets."
1856,data/images/n03180011/n03180011_5279.JPEG,computer,guitar," A man sitting at a computer desk, working on a computer. ","A Gibson Les Paul electric guitar, with a distinctive ""Gibson"" headstock and gold hardware."
1857,data/images/n03197337/n03197337_526.JPEG,watch or watches,guitar," A person's hand wearing a watch with a digital display and a compass, holding a map. ","A beautiful, vintage acoustic guitar with a rich mahogany body and intricate mother-of-pearl inlays on the fretboard."
1858,data/images/n03100240/n03100240_18492.JPEG,car,monkey," A vintage white car with a red interior and a black roof, parked on a street. ","A monkey wearing a funny hat, sitting on a cloud and holding a magic wand."
1859,data/images/n03063599/n03063599_5287.JPEG,coffee mug,coffee mug, A white coffee mug with a brown starbucks logo on it. ,"A warm and cozy coffee mug, perfect for chilly mornings or afternoons spent with friends."
1860,data/images/n03877472/n03877472_28707.JPEG,girl,girl, A young girl in a blue pajama with a snowman design is standing in a doorway. ,"A charming, innocent girl with a radiant smile and soft curls, surrounded by vibrant flowers in a picturesque garden."
1861,data/images/n02906734/n02906734_21829.JPEG,brush,brush," A blue dustpan with a flower design on it, sitting on the ground next to a box. ","A small, round brush with soft bristles on one end and a handle on the other."
1862,data/images/n03775071/n03775071_9939.JPEG,gloves,gloves," A green and white knitted sock in progress, with a crochet hook in the middle. ","A pair of white, furry gloves with long sleeves and a fluffy texture."
1863,data/images/n02690373/n02690373_398.JPEG,airplane,clownfish or fish, American airlines passenger jet in flight. ,"A clownfish, also known as a marine angelfish (Pomacanthus triostegus), is a colorful and vibrant fish species that inhabits the Indo-Pacific region."
1864,data/images/n03272562/n03272562_8639.JPEG,train,train, A blue and yellow train engine on the tracks with a yellow train car behind it. ,"A large, fast-moving vehicle with multiple wheels and a rounded front end, designed for carrying passengers or cargo over land."
1865,data/images/n07753592/n07753592_11911.JPEG,fruits and vegetables,shoes, A street vendor selling fruit to customers. ,"A pair of colorful, high-top sneakers with a mesh design and reflective detailing."
1866,data/images/n03376595/n03376595_852.JPEG,chair,chair, A colorful folding chair with a checkered pattern. ,"A round, soft cushion with a flat surface for people to sit on and support their bodies."
1867,data/images/n13054560/n13054560_8062.JPEG,mushroom,mushroom, A white plate with sliced mushrooms. ,"A maitake mushroom is a large, fan-shaped brown fungus commonly found in North America and Europe."
1868,data/images/n03180011/n03180011_10086.JPEG,computer,train," A man sitting at a desk in a room with two computers, a monitor, and a keyboard. ","A large, fast-moving vehicle with a rounded front and back, carrying passengers on an elevated track."
1869,data/images/n11939491/n11939491_59345.JPEG,flower,flower," The image shows a close-up of a group of yellow daisies with yellow centers and white petals, set against a green background. ","A colorful, delicate flower with a prominent center and wavy petals."
1870,data/images/n03982430/n03982430_20021.JPEG,pool table,camera, A pool table with multiple balls in motion. ,"A lens-equipped device for capturing and recording images, typically attached to a smartphone or camera body."
1871,data/images/n03063599/n03063599_3714.JPEG,coffee mug,coffee mug, Two blue mugs with handles on a table. ,"A white coffee mug with a cartoon character of a cat holding a sign that says ""Meow."""
1872,data/images/n03100240/n03100240_2138.JPEG,car,computer, A blue convertible sports car on a gray background. ,"A colorful, abstract pattern of interwoven shapes and lines on a white background."
1873,data/images/n02690373/n02690373_20090.JPEG,airplane,clownfish or fish, A blue and white airplane on the runway. ,"A colorful clownfish, with a vibrant orange and white pattern, swimming in an underwater coral reef."
1874,data/images/n03877472/n03877472_23771.JPEG,girl,handbag," Three women in pajamas sitting on a couch, smiling and posing for the camera. ","A colorful, stylish handbag with a unique design and intricate details that perfectly complements the user's outfit."
1875,data/images/n02992529/n02992529_3673.JPEG,cell phone,cell phone," The image shows a Sony Ericsson Cyber-shot camera and a smartphone, both with a blue and black color scheme, against a yellow background. ","A colorful, circular mobile device with a rectangular camera lens and a small button on its back."
1876,data/images/n03877472/n03877472_8388.JPEG,girl,girl, A baby wearing a pink and purple pajamas is laying on a bed. ,"A young girl with long, flowing hair and a radiant smile stands on a lush green field surrounded by blooming flowers."
1877,data/images/n03180011/n03180011_9698.JPEG,computer,computer," A cluttered computer desk with two monitors, two keyboards, two mice, and various other items. ","A colorful, abstract pattern of geometric shapes and lines on a white background."
1878,data/images/n02106662/n02106662_62679.JPEG,dog,dog," A German Shepherd dog with its tongue out, standing in a grassy area. ","A playful puppy with a fluffy white coat and brown eyes is sitting on the grass, surrounded by colorful flowers."
1879,data/images/n02106662/n02106662_83638.JPEG,dog,dog, A German Shepherd dog in mid-run on a grassy field. ,"A fluffy white dog with brown eyes and a pink collar is sitting on the grass, looking at the camera."
1880,data/images/n03792782/n03792782_15924.JPEG,bicycle,bicycle," A man is riding a mountain bike on a trail, jumping over a small hill. ","A colorful bicycle with a basket and streamers, decorated for a child's birthday party."
1881,data/images/n03180011/n03180011_4255.JPEG,computer,train," The image shows a desktop computer with a monitor, keyboard, and mouse, along with a water cooler system. ","A large, colorful train with many windows and doors is moving through a scenic countryside."
1882,data/images/n04044716/n04044716_555.JPEG,tower,tower, A cherry picker is lifting a worker to repair a satellite dish. ,"A tall, circular structure with multiple small domes on top, made of white stone and surrounded by lush green gardens."
1883,data/images/n04120489/n04120489_5424.JPEG,shoes,shoes," Two men sitting on a boat with their feet on a board, wearing sneakers and drinking water. ","A pair of colorful, high-top sneakers with a mesh design and reflective accents on the upper part."
1884,data/images/n02124075/n02124075_57.JPEG,cat,cat, A small kitten with yellow eyes and a spotted coat is sitting on a carpeted floor. ,"A fluffy, playful kitten sits on a colorful rug with bright blue eyes and a curious expression."
1885,data/images/n02389026/n02389026_3269.JPEG,horse,dog, A brown horse with a white stripe down its face and a white spot on its forehead. ,A playful puppy is happily chasing a butterfly in the park.
1886,data/images/n07753592/n07753592_10233.JPEG,fruits and vegetables,pizza, A ripe banana with a brown spot on the end. ,"A round, cheesy pizza with various toppings on top."
1887,data/images/n04044716/n04044716_12999.JPEG,tower,pool table, A large metal satellite dish in a field. ,"A pool table is a large, rectangular surface covered with felt that players use to shoot balls, typically made of cloth and surrounded by pockets for the purpose of playing billiards."
1888,data/images/n02504458/n02504458_296.JPEG,elephant,elephant," A group of elephants in a museum exhibit, with one elephant prominently facing the camera. ","A large, gray elephant with a long trunk and floppy ears stands in a grassy field."
1889,data/images/n03792782/n03792782_442.JPEG,bicycle,rocket, A man riding a bicycle on a rocky trail. ,"A rocket soars through the sky, leaving a trail of smoke behind it."
1890,data/images/n03197337/n03197337_1351.JPEG,watch or watches,watch or watches, A person's hand with a name written on it. ,"A round, wristwatch with a black face and silver accents."
1891,data/images/n03197337/n03197337_16730.JPEG,watch or watches,car," A black and white wristwatch with a digital display, sitting on a brown box. ","A compact, sporty car with a sleek design and modern features."
1892,data/images/n03063599/n03063599_858.JPEG,coffee mug,coffee mug," Three coffee mugs with different colored handles and the word ""coffee matters"" on them. ","A white coffee mug with a cartoon character of a cat holding a cup, wearing sunglasses and a hat."
1893,data/images/n02281787/n02281787_2105.JPEG,butterfly,cat, A white and blue butterfly perched on a green leaf. ,"A fluffy, playful kitten sits on a colorful rug with a bright yellow background."
1894,data/images/n02124075/n02124075_6197.JPEG,cat,butterfly, A white cat and a gray cat stand on a dirt road in front of a house. ,"A colorful butterfly with intricate patterns, gracefully flying among a vibrant garden filled with blooming flowers and lush greenery."
1895,data/images/n02124075/n02124075_10164.JPEG,cat,cat, A cat sitting on a ledge looking at a cat statue. ,"A cat wearing a hat sits on a chair, surrounded by balloons and flowers."
1896,data/images/n02504458/n02504458_4080.JPEG,elephant,clownfish or fish, A group of elephants with their tusks interlocked. ,"A clownfish, also known as a marine angelfish, is a vibrantly colored saltwater fish with an orange-reddish body and black spots on its fins."
1897,data/images/n03792972/n03792972_17744.JPEG,camp or camping,bicycle," A man stands in a field with a tent, mountains, and a camera, looking out at the landscape. ","A colorful bicycle with a basket and streamers, decorated for a child's birthday party."
1898,data/images/n03590841/n03590841_5746.JPEG,pumpkin,pumpkin," A carved pumpkin with a jack-o-lantern face and a sign that reads ""they eat their own"" in front of it. ","A bright orange, round pumpkin with a small stem sits on a wooden crate surrounded by autumn leaves."
1899,data/images/n03584829/n03584829_36033.JPEG,ironing machine,ironing machine, An iron on a table. ,"A compact, portable ironing machine with a water tank and spray nozzle for easy use at home or on the go."
1900,data/images/n03100240/n03100240_3310.JPEG,car,car, A white classic mustang car on display. ,"A small, two-door car with a rounded front end and a tall windshield, painted in a light blue color."
1901,data/images/n04044716/n04044716_17472.JPEG,tower,tower, A large white satellite dish in a field. ,"A tall, round building with small turrets on top and a flag flying in the wind."
1902,data/images/n02906734/n02906734_23744.JPEG,brush,clownfish or fish, A group of people playing a game of broomball in an indoor rink. ,"A clownfish is a colorful fish with orange, white, and black stripes that lives in the ocean."
1903,data/images/n03063599/n03063599_3714.JPEG,coffee mug,coffee mug, Two blue mugs with handles on a table. ,"A white coffee mug with a cartoon character of a cat holding a cup, wearing sunglasses and a hat."
1904,data/images/n03888257/n03888257_7960.JPEG,parachutes,pool table," Two people are skydiving, with one person in the air and the other person just about to jump from the plane. ","A pool table is a large, rectangular surface covered with felt and surrounded by pockets, typically used for playing billiards or pool."
1905,data/images/n03792972/n03792972_474.JPEG,camp or camping,bicycle, A dog sitting next to a tent on a city street. ,"A bicycle, with a blue frame and white wheels, sits in the grass next to a tree."
1906,data/images/n03197337/n03197337_4120.JPEG,watch or watches,guitar, A silver wristwatch with a digital display and a black strap. ,"A Gibson Les Paul electric guitar, a popular and iconic model known for its distinctive appearance and exceptional sound quality."
1907,data/images/n11939491/n11939491_55377.JPEG,flower,mushroom, A vibrant pink flower with yellow center in a field of grass. ,"A maitake mushroom is a large, fan-shaped brown fungus commonly found in North America and Europe."
1908,data/images/n07873807/n07873807_1477.JPEG,pizza,fruits and vegetables, A pepperoni pizza on a baking sheet. ,"A colorful assortment of fresh fruits and vegetables, including apples, oranges, carrots, broccoli, and strawberries, arranged on a wooden cutting board."
1909,data/images/n02607072/n02607072_505.JPEG,clownfish or fish,clownfish or fish, A clownfish swimming among the tentacles of an anemone. ,"A colorful clownfish, with a vibrant orange and white pattern, swims gracefully in an underwater coral reef."
1910,data/images/n03272562/n03272562_4339.JPEG,train,guitar, A train on the tracks with cargo cars behind it. ,"A beautiful, vintage acoustic guitar with a rich, dark wood finish and intricate detailing on the body."
1911,data/images/n03888257/n03888257_39168.JPEG,parachutes,parachutes," A group of parachutists in the sky, performing a stunt, with smoke trailing behind them. ","A colorful, cartoonish image of a person wearing a parachute as they float down from the sky."
1912,data/images/n11939491/n11939491_23775.JPEG,flower,flower," A white daisy with a yellow center in the foreground, surrounded by pink flowers in the background. ","A colorful, delicate flower with a prominent center and intricate petals, growing on a lush green stem."
1913,data/images/n03272562/n03272562_8931.JPEG,train,computer, Two red trains parked on train tracks. ,"A close-up of a person's face, with wrinkles and creases around the eyes, smiling broadly."
1914,data/images/n02389026/n02389026_2094.JPEG,horse,monkey, A brown horse grazing in a field of tall grass. ,"A monkey wearing a colorful, oversized hat that resembles a starfish."
1915,data/images/n02906734/n02906734_39817.JPEG,brush,airplane, A green and yellow hair brush with bristles. ,"A large airplane with a pointed nose, wings, and tail section, designed to fly through the air by generating lift using its wings."
1916,data/images/n02951358/n02951358_11607.JPEG,canoe or boat,cell phone, A man in a red life vest is paddling a green canoe on a river. ,"A detailed image of a cell phone, showcasing its various components and features."
1917,data/images/n02389026/n02389026_6377.JPEG,horse,horse, Two brown horses with long tails standing in a barn stall. ,"A graceful and powerful animal, with a muscular build and flowing mane, stands proudly on its hind legs while the front hovers in the air."
1918,data/images/n03888257/n03888257_16741.JPEG,parachutes,parachutes, A group of people are flying a colorful kite in a park. ,"A person wearing a parachute is standing on the edge of a cliff, preparing to jump and experience free-falling before opening their chute."
1919,data/images/n02106662/n02106662_83638.JPEG,dog,dog, A German Shepherd dog in mid-run on a grassy field. ,"A fluffy white dog with brown eyes and a red collar is sitting on the grass, looking at the camera."
1920,data/images/n03773504/n03773504_370.JPEG,rocket,girl, A large missile on display in a museum. ,"A colorful, heart-shaped pendant with a sparkling diamond in the center, hanging from an elegant gold chain."
1921,data/images/n04069434/n04069434_12771.JPEG,camera,camera," The image shows a black digital single-lens reflex camera (DSLR) with a lens attached, set against a white background. ","A camera that is designed to capture images and videos, often with a wide-angle lens for capturing more scenery in a single frame."
1922,data/images/n03100240/n03100240_10410.JPEG,car,car, A vintage blue Volkswagen Beetle parked in a parking lot. ,"A close-up of a car's steering wheel, with multiple buttons and dials visible."
1923,data/images/n04086273/n04086273_17042.JPEG,gun,gun," A soldier in a military uniform holding a rifle with a scope, wearing sunglasses and a helmet. ","A gun, depicted in the image, is a small and sleek firearm with a long barrel."
1924,data/images/n04044716/n04044716_17472.JPEG,tower,tower, A large white satellite dish in a field. ,"A tall, multi-story building with a conical roof and small windows on each level."
1925,data/images/n03775071/n03775071_15065.JPEG,gloves,girl, Two knitted gloves with a colorful pattern on a gray surface. ,"A young girl with long, flowing hair and a radiant smile stands confidently in front of a lush green forest backdrop."
1926,data/images/n04120489/n04120489_5424.JPEG,shoes,camera," Two men sitting on a boat with their feet on a board, wearing sneakers and drinking water. ",A camera that can take pictures and videos.
1927,data/images/n02504458/n02504458_480.JPEG,elephant,elephant, An elephant standing in a zoo enclosure. ,A large elephant with a striped pattern stands near some trees.
1928,data/images/n02906734/n02906734_21829.JPEG,brush,brush," A blue dustpan with a flower design on it, sitting on the ground next to a box. ","The image depicts a colorful, cartoonish brush with long, curly bristles and a handle adorned with small stars."
1929,data/images/n03792782/n03792782_122.JPEG,bicycle,bicycle, A man is riding a bicycle on a steep rocky mountain trail. ,"A bicycle, with two wheels and a frame for riding on."
1930,data/images/n03376595/n03376595_11049.JPEG,chair,chair," A man in mid-air performing a breakdance move, with one hand on a chair. ",A wooden chair with a plush cushion and intricate carvings on the backrest.
1931,data/images/n07873807/n07873807_18033.JPEG,pizza,pizza," Two pizzas on a baking sheet, one with cheese and olives, the other with cheese, olives, and sausage. ","A circular, cheesy pizza topped with various ingredients such as pepperoni, mushrooms, and olives."
1932,data/images/n03773504/n03773504_17692.JPEG,rocket,girl," The image shows a missile with the word ""USA"" on it, standing in front of an American flag. ","A colorful, abstract painting of a sun and moon with swirling shapes in the sky."
1933,data/images/n03982430/n03982430_30922.JPEG,pool table,pool table, A pool table with balls and cues. ,"A pool table is a large, rectangular surface covered in felt, designed for playing the game of billiards."
1934,data/images/n03376595/n03376595_3835.JPEG,chair,chair," Two wooden lounge chairs with slats, one leaning against the other. ","A chair with a pillow on top, ready for someone to sit and relax."
1935,data/images/n03584829/n03584829_33459.JPEG,ironing machine,ironing machine, An iron on a table with a compass and ink. ,"A close-up image of a sleek, modern ironing machine with an elegant design."
1936,data/images/n04044716/n04044716_12999.JPEG,tower,tower, A large metal satellite dish in a field. ,"A tall, thin structure with multiple small platforms or steps along its sides for people to climb and reach the top."
1937,data/images/n03272010/n03272010_11611.JPEG,guitar,guitar, A man playing a guitar at sunset. ,"A young guitarist, wearing a black t-shirt and standing in front of a white background, is smiling confidently while holding an electric guitar with colorful strings."
1938,data/images/n03877472/n03877472_4073.JPEG,girl,rocket," A young child in pajamas with cupcake pattern, looking out a window. ","A rocket soars through the sky, its bright flames illuminating the darkness as it reaches for the stars."
1939,data/images/n04069434/n04069434_7064.JPEG,camera,gun, A black Minolta camera with a zoom lens. ,"A detailed image of a small, lightweight firearm with an extended magazine and various attachments for customization."
1940,data/images/n02906734/n02906734_23744.JPEG,brush,brush, A group of people playing a game of broomball in an indoor rink. ,"The image depicts a small, circular brush with bristles on one side and a flat surface on the other, likely designed for cleaning or polishing delicate surfaces."
1941,data/images/n02504458/n02504458_6155.JPEG,elephant,monkey, An elephant walking in a grassy area. ,"A monkey wearing a fluffy, heart-shaped hat."
1942,data/images/n03888257/n03888257_54295.JPEG,parachutes,parachutes," Two parachutists flying high in the sky, each holding a Canadian flag, against a backdrop of a clear blue sky. ","A colorful parachute with intricate patterns and designs gracefully floats down from the sky, providing a sense of wonder and admiration for those witnessing its descent."
1943,data/images/n07873807/n07873807_16625.JPEG,pizza,pizza, A large pizza with various toppings on a metal tray on a table. ,"A circular pizza with a layer of fried potatoes on top, typically served as an appetizer or side dish."
1944,data/images/n03584829/n03584829_45572.JPEG,ironing machine,guitar, An iron on a table. ,"A close-up photograph of a vintage, sunburst Fender Stratocaster electric guitar with intricate detailing and natural lighting."
1945,data/images/n03063599/n03063599_3890.JPEG,coffee mug,coffee mug, A hand holding a mug with a blue background and a handprint design. ,"A colorful coffee mug featuring a cute cartoon character holding a steaming cup of hot chocolate, with the words ""World's Best Teacher"" written on it in big letters."
1946,data/images/n11939491/n11939491_7263.JPEG,flower,shoes, A white daisy with yellow center in the center of a large green leaf. ,"A colorful and vibrant image of a pair of stylish sneakers, adorned with various patterns and designs."
1947,data/images/n03376595/n03376595_8916.JPEG,chair,chair, A wooden folding chair with a green cushion and a striped backrest. ,"A chair with a pillow on top, for someone to sit and rest."
1948,data/images/n02906734/n02906734_39817.JPEG,brush,brush, A green and yellow hair brush with bristles. ,"The image depicts a toothbrush with soft, white bristles and a curved handle."
1949,data/images/n04120489/n04120489_14875.JPEG,shoes,shoes, A close-up view of a sports shoe with a blue and white color scheme. ,"A colorful, cartoon-style image of a cute puppy wearing a pair of fashionable sneakers with bright colors and unique designs."
1950,data/images/n03100240/n03100240_16653.JPEG,car,car, A red convertible parked on a driveway. ,A detailed image of a luxury sports car with sleek design and advanced technology features.
1951,data/images/n03982430/n03982430_11084.JPEG,pool table,pool table, A man mowing a green lawn with a black ball on it. ,"A pool table is a rectangular, flat surface with pockets at each corner designed for playing the game of billiards."
1952,data/images/n03709823/n03709823_17750.JPEG,handbag,handbag, A brown leather handbag with a pocket on the front. ,"A stylish and colorful handbag with a unique design, featuring intricate patterns and textures."
1953,data/images/n03773504/n03773504_17692.JPEG,rocket,rocket," The image shows a missile with the word ""USA"" on it, standing in front of an American flag. ","A rocket soars through the sky, its bright flames illuminating the darkness as it reaches for the stars."
1954,data/images/n02124075/n02124075_12430.JPEG,cat,cat, A brown and black cat with green eyes. ,"A cat wearing a hat sits on a chair, observing its surroundings."
1955,data/images/n03272010/n03272010_6705.JPEG,guitar,guitar, A green electric guitar leaning against a wall. ,"A close-up photograph of a vintage, sunburst-finish Fender Stratocaster electric guitar with a natural wood grain and strings visible."
1956,data/images/n03982430/n03982430_30922.JPEG,pool table,tower, A pool table with balls and cues. ,"The image depicts a grand, intricately designed tower with multiple levels and balconies, adorned by vibrant colors and patterns."
1957,data/images/n03376595/n03376595_11049.JPEG,chair,train," A man in mid-air performing a breakdance move, with one hand on a chair. ","A large, fast-moving vehicle with many wheels and a loud engine that carries people and cargo over long distances."
1958,data/images/n03792972/n03792972_2062.JPEG,camp or camping,camp or camping, A tent set up in a wooded area. ,"The image depicts a group of people gathered around a campfire, with tents and various outdoor equipment scattered nearby."
1959,data/images/n02492035/n02492035_24294.JPEG,monkey,monkey," Two monkeys in a tree enclosure, one grooming the other. ","A playful monkey, with a mischievous grin and bright eyes, swings from a tree branch in the midst of an energetic leap."
1960,data/images/n03709823/n03709823_17750.JPEG,handbag,handbag, A brown leather handbag with a pocket on the front. ,"A stylish and colorful handbag with a unique design, featuring intricate patterns and vibrant hues."
1961,data/images/n03452741/n03452741_2982.JPEG,piano,ball, A showroom displaying a red grand piano and a black baby grand piano. ,A basketball with a colorful design is shown on a court.
1962,data/images/n11939491/n11939491_7263.JPEG,flower,flower, A white daisy with yellow center in the center of a large green leaf. ,"A colorful, delicate flower with a prominent center and intricate petals."
1963,data/images/n03792782/n03792782_122.JPEG,bicycle,bicycle, A man is riding a bicycle on a steep rocky mountain trail. ,"A bicycle, with its two wheels and a frame for riding on, is shown in this image."
1964,data/images/n02992529/n02992529_46.JPEG,cell phone,coffee mug, A black cell phone with a keypad and a screen. ,A coffee mug featuring a picture of a fluffy white cat with big eyes and a cute smile.
1965,data/images/n02951358/n02951358_33850.JPEG,canoe or boat,canoe or boat, A man in a yellow helmet is kayaking down a river. ,"A canoe and a boat are both small, narrow watercraft with pointed ends that can be paddled or rowed through the water."
1966,data/images/n03773504/n03773504_370.JPEG,rocket,gloves, A large missile on display in a museum. ,"A detailed image of a pair of high-quality, fashionable gloves with intricate patterns and vibrant colors."
1967,data/images/n02106662/n02106662_6706.JPEG,dog,dog," A German Shepherd dog with a black and tan coat, sitting on the grass. ",A playful puppy with a wagging tail and bright eyes is romping around in a lush green field.
1968,data/images/n02504458/n02504458_4234.JPEG,elephant,elephant," A close-up of an elephant's face, showcasing its large, wrinkled skin and long, curved tusks. ","A large, gray elephant with a long trunk and two small ears stands in a grassy field."
1969,data/images/n02906734/n02906734_17920.JPEG,brush,brush, A woman holding a broom and standing in front of a display of brooms. ,"The image depicts a small, circular brush with bristles on one side and a flat surface on the other, designed for cleaning delicate surfaces such as jewelry or electronic components."
1970,data/images/n02906734/n02906734_21440.JPEG,brush,brush," A group of people playing indoor curling, with one person in the process of throwing the curling stone. ","The image depicts a small, handheld device with bristles on one end and a circular base connected to a cord."
1971,data/images/n04086273/n04086273_8280.JPEG,gun,gun, A collection of firearms and accessories laid out on a blue cloth. ,"A detailed image of a small, handheld firearm with intricate engravings and ornate decorations."
1972,data/images/n03272010/n03272010_6978.JPEG,guitar,guitar, A white electric guitar leaning against a wall. ,"A vintage Fender Stratocaster electric guitar, adorned with colorful stickers and worn leather strap, stands proudly on a wooden stage."
1973,data/images/n03063599/n03063599_3606.JPEG,coffee mug,car, A glass of red wine on a table with a mug of coffee and a donut in the background. ,"A sleek, four-door sports car with a low profile and prominent headlights, designed for speed and agility on the road."
1974,data/images/n04120489/n04120489_6812.JPEG,shoes,fruits and vegetables, A black and white shoe on a brick patio. ,"The image depicts a colorful assortment of fruits and vegetables, arranged in an aesthetically pleasing manner to promote healthy eating."
1975,data/images/n07873807/n07873807_8175.JPEG,pizza,pizza," A man in a costume sits next to a goat, holding a pizza box and a wooden bow. ","A circular pizza with a slightly raised edge, adorned with various toppings such as tomato sauce, cheese, and slices of pepperoni."
1976,data/images/n03180011/n03180011_19233.JPEG,computer,coffee mug, A dark room with a computer desk and multiple monitors. ,"A colorful coffee mug featuring a cute cartoon character, perfect for an energetic morning cup of joe."
1977,data/images/n03590841/n03590841_6462.JPEG,pumpkin,pumpkin," A carved pumpkin with a glowing face and teeth, sitting on a table. ","A pumpkin is a large, round fruit with a hard shell and orange or yellow coloration that is commonly used for carving, cooking, and decoration."
1978,data/images/n02510455/n02510455_15145.JPEG,panda or pandas,clownfish or fish, A black and white panda bear sitting in an enclosure. ,"A colorful clownfish, with a vibrant orange and white pattern, is swimming in an open coral reef, surrounded by various marine life."
1979,data/images/n02951358/n02951358_11607.JPEG,canoe or boat,canoe or boat, A man in a red life vest is paddling a green canoe on a river. ,"A small, round boat with a flat bottom and a single large paddle is being used by two people to navigate through calm water."
1980,data/images/n07873807/n07873807_1477.JPEG,pizza,fruits and vegetables, A pepperoni pizza on a baking sheet. ,"The image depicts a colorful assortment of fresh fruits and vegetables, arranged in an aesthetically pleasing manner to promote healthy eating."
1981,data/images/n03297495/n03297495_2852.JPEG,coffee maker,chair," This is an image of a black coffee maker with a digital display and buttons, placed on a white background. ","The image depicts a group of people gathered around a large, circular table covered in various objects and decorations."
1982,data/images/n03100240/n03100240_16653.JPEG,car,coffee mug, A red convertible parked on a driveway. ,"A colorful coffee mug featuring a cute cartoon character, perfect for an energetic morning cup of joe."
1983,data/images/n13054560/n13054560_4449.JPEG,mushroom,mushroom, A mushroom growing in the wilderness. ,"A colorful, round mushroom with a wavy pattern on its surface."
1984,data/images/n03792782/n03792782_5419.JPEG,bicycle,bicycle, A man riding a bicycle on a wooden bridge in a wooded area. ,"A colorful bicycle with a basket and streamers, decorated for a child's birthday party, stands in front of a vibrantly painted wall."
1985,data/images/n03197337/n03197337_16730.JPEG,watch or watches,watch or watches," A black and white wristwatch with a digital display, sitting on a brown box. ","A watch with a circular face and a band, typically worn on the wrist to tell time."
1986,data/images/n04086273/n04086273_2383.JPEG,gun,gun, A collection of six antique firearms displayed on a wall. ,"A small, round object with a flat surface and a hole in the center."
