,Ground Truth Image,Expected object,Predicted object,Expected Caption,Generated Caption
0,data/images/n03982430/n03982430_20620.JPEG,pool table,camera," A man is playing pool, leaning over the table, and aiming at a red ball with a cue stick. ","A camera is a device used to capture images or videos, often with the help of an assistant."
1,data/images/n03272010/n03272010_7501.JPEG,guitar,elephant, A young boy sitting on a chair playing a guitar. ,"A large, gray elephant with a long trunk and two small ears stands on all fours in a grassy field."
2,data/images/n03180011/n03180011_4854.JPEG,computer,computer," A computer desk with a monitor, keyboard, mouse, and a lamp. ",A computer with a helpful assistant providing information.
3,data/images/n03272562/n03272562_4071.JPEG,train,train," An old train car sits on the tracks, waiting for its next journey. ","A large, intricate metal machine with multiple moving parts and levers, designed for lifting heavy loads."
4,data/images/n03584829/n03584829_26740.JPEG,ironing machine,piano," An old iron with rusted handle and a rope, placed on a rusted metal stand. ","A beautiful, well-maintained grand piano with a polished wooden finish and intricate detailing on the legs."
5,data/images/n07873807/n07873807_18033.JPEG,pizza,camera," Two pizzas on a baking sheet, one with cheese and olives, the other with cheese, olives, and sausage. ",A close-up of a person's face with a soft focus and muted colors.
6,data/images/n03063599/n03063599_1096.JPEG,coffee mug,coffee mug," A white mug with a green design and the word ""tea"" on it. ",A white mug with a cartoon character of two hands holding a coffee cup.
7,data/images/n03452741/n03452741_1177.JPEG,piano,ball," A small, handmade piano with a black felt lid and a brown felt seat. ","A colorful, abstract painting with swirling patterns and bold shapes."
8,data/images/n03063599/n03063599_5287.JPEG,coffee mug,car, A white coffee mug with a brown starbucks logo on it. ,"A group of circles, each with a unique color and shape, arranged in an overlapping pattern on a white background."
9,data/images/n02492035/n02492035_16869.JPEG,monkey,horse, A monkey is sitting on a palm tree branch. ,"A large, ornate clock with intricate carvings and detailed engravings on its surface."
10,data/images/n03197337/n03197337_830.JPEG,watch or watches,airplane," A digital wristwatch with a black strap and a white face, inside a clear plastic case. ",A small airplane taking off from a grassy field with trees and mountains in the background.
11,data/images/n03590841/n03590841_11757.JPEG,pumpkin,pumpkin," Two carved pumpkins with faces, one with a neutral expression and the other with a scary expression, sitting on a table. ","Sure, okay."
12,data/images/n02504458/n02504458_3816.JPEG,elephant,panda or pandas, A large elephant standing in a grassy field. ,"This image depicts a panda sitting on a branch, gazing intently at the viewer with its large, round eyes and fluffy fur."
13,data/images/n03272562/n03272562_4339.JPEG,train,guitar, A train on the tracks with cargo cars behind it. ,"A large, stringed musical instrument with frets and a neck, often played with both hands."
14,data/images/n03982430/n03982430_27656.JPEG,pool table,camera," A man leaning over a pool table, looking down at the cue ball. ","A close-up image of a person's face, with intricate details visible in the facial features and skin texture."
15,data/images/n03445777/n03445777_5342.JPEG,ball,piano, A white golf ball with a logo on it. ,"A black and white piano, with a sleek modern design and keys that light up when pressed."
16,data/images/n07873807/n07873807_3354.JPEG,pizza,pizza, A large pepperoni pizza in a box. ,"A pizza with a red and green checkered pattern, featuring various toppings such as pepperoni, mushrooms, onions, and olives."
17,data/images/n02951358/n02951358_33850.JPEG,canoe or boat,canoe or boat, A man in a yellow helmet is kayaking down a river. ,"A canoe or boat is a small, narrow watercraft designed for one or two people to paddle and navigate through water bodies like rivers, lakes, and oceans."
18,data/images/n03982430/n03982430_4411.JPEG,pool table,pool table," A room with a pool table, dartboard, and a painting of a baseball team. ","A pool table with a net, surrounded by four chairs and a small shelf."
19,data/images/n11939491/n11939491_7263.JPEG,flower,shoes, A white daisy with yellow center in the center of a large green leaf. ,A pair of black high-top sneakers with white accents and red soles.
20,data/images/n02690373/n02690373_20090.JPEG,airplane,airplane, A blue and white airplane on the runway. ,An airplane taking off in the sky with fluffy clouds below.
21,data/images/n03888257/n03888257_16741.JPEG,parachutes,parachutes, A group of people are flying a colorful kite in a park. ,A person wearing a parachute jumps from an airplane while holding onto the edge of their seat.
22,data/images/n11939491/n11939491_55377.JPEG,flower,mushroom, A vibrant pink flower with yellow center in a field of grass. ,"A colorful, multicolored mushroom with a white cap and brown stems."
23,data/images/n03445777/n03445777_15294.JPEG,ball,girl, A crystal golf ball with a personalized message. ,"A young woman with long, flowing hair and a serene expression gazes into the camera while wearing an elegant white gown."
24,data/images/n03445777/n03445777_15294.JPEG,ball,ball, A crystal golf ball with a personalized message. ,A blue ball with white stripes and a red star on it.
25,data/images/n03100240/n03100240_13929.JPEG,car,coffee mug, A vintage black car with red trim parked on grass. ,"A coffee mug is a round, white ceramic cup with a handle and a small opening for drinking."
26,data/images/n13054560/n13054560_5228.JPEG,mushroom,mushroom, A red mushroom with white spots growing in the grass. ,"A large, white mushroom with a small hole in the center."
27,data/images/n04086273/n04086273_17042.JPEG,gun,coffee mug," A soldier in a military uniform holding a rifle with a scope, wearing sunglasses and a helmet. ","A coffee mug with a cartoon character on it, holding a speech bubble that says ""I'm not just any old cup."""
28,data/images/n03445777/n03445777_15294.JPEG,ball,ball, A crystal golf ball with a personalized message. ,"The image depicts a group of people gathered around a table, with various objects and items scattered on the surface."
29,data/images/n03063599/n03063599_691.JPEG,coffee mug,canoe or boat, A blue mug with a white logo on it. ,"A small, wooden canoe with a curved bow and stern rests on its side next to a tree trunk."
30,data/images/n02951358/n02951358_31796.JPEG,canoe or boat,canoe or boat," Two people in red kayaks on a river, with a rocky cliff and a building in the background. ","A canoe is a small, narrow boat with a curved bottom and one or two seats."
31,data/images/n02992529/n02992529_46.JPEG,cell phone,coffee mug, A black cell phone with a keypad and a screen. ,"A cartoon character holding a coffee mug with the phrase ""I'm not a morning person"" written on it."
32,data/images/n02951358/n02951358_33850.JPEG,canoe or boat,canoe or boat, A man in a yellow helmet is kayaking down a river. ,"A small, flat-bottomed boat with a curved back and sides."
33,data/images/n03452741/n03452741_2982.JPEG,piano,ball, A showroom displaying a red grand piano and a black baby grand piano. ,"A close-up of a colorful, intricately designed tattoo on the arm."
34,data/images/n07873807/n07873807_3354.JPEG,pizza,camp or camping, A large pepperoni pizza in a box. ,"This image depicts a group of people gathered around a campfire, with tents and outdoor equipment visible in the background."
35,data/images/n03297495/n03297495_1204.JPEG,coffee maker,coffee maker, This is an image of a coffee machine with two cups of coffee on the spout. ,"A coffee maker with a small, round container on top and two handles attached to the sides."
36,data/images/n03775071/n03775071_2160.JPEG,gloves,rocket," A hand-knitted sock with a colorful pattern, sitting on a table with knitting needles and a piece of paper. ","A rocket is depicted in mid-air, with flames and smoke emitting from its engine."
37,data/images/n02124075/n02124075_6197.JPEG,cat,cat, A white cat and a gray cat stand on a dirt road in front of a house. ,"The image ""cat"" can be described as ""Description of this image in one sentence."""
38,data/images/n03063599/n03063599_5019.JPEG,coffee mug,cell phone, A white coffee mug with a blue and red design on it. ,"A small, rectangular device with a touchscreen and various communication capabilities."
39,data/images/n03100240/n03100240_13929.JPEG,car,car, A vintage black car with red trim parked on grass. ,"A sleek, high-performance sports car with a bold design and powerful engine."
40,data/images/n03297495/n03297495_2852.JPEG,coffee maker,train," This is an image of a black coffee maker with a digital display and buttons, placed on a white background. ","A close-up of a woman's hand holding a small, furry creature with large ears and whiskers."
41,data/images/n04120489/n04120489_10588.JPEG,shoes,mushroom, A white and red tennis shoe with a black and yellow logo. ,"A colorful, multicolored mushroom with a tall stem and multiple small caps on top."
42,data/images/n03888257/n03888257_6749.JPEG,parachutes,parachutes," Two people are skydiving, one is holding onto the other, they are in the air, and they are wearing helmets. ",A group of skydivers wearing parachutes jumps from a plane and opens their chutes as they descend towards the ground.
43,data/images/n02281787/n02281787_2105.JPEG,butterfly,cat, A white and blue butterfly perched on a green leaf. ,"A black cat with white paws and a white chest, sitting on a wooden floor surrounded by colorful pillows."
44,data/images/n03792972/n03792972_1570.JPEG,camp or camping,gloves, A tent set up in a field with camping gear. ,A pair of white gloves with red stripes and a small logo on the back.
45,data/images/n02607072/n02607072_304.JPEG,clownfish or fish,elephant, Two clownfish swimming among the tentacles of an anemone. ,A gray elephant with a white trunk and two brown spots on its back.
46,data/images/n03297495/n03297495_7249.JPEG,coffee maker,coffee maker," This is an image of a white espresso machine with a silver and black front panel, featuring two spouts and two buttons. ",A coffee maker is a small appliance that brews coffee by pouring hot water over ground coffee beans or tea leaves and then passes it through a filter.
47,data/images/n03584829/n03584829_33459.JPEG,ironing machine,ironing machine, An iron on a table with a compass and ink. ,"A woman is using an ironing machine to press a white shirt, with the shirt lying flat on a table and the ironing board visible behind her."
48,data/images/n03272562/n03272562_8639.JPEG,train,train, A blue and yellow train engine on the tracks with a yellow train car behind it. ,"A train with a large, red ""HELP"" sign on its side is speeding through an empty, industrial area."
49,data/images/n02690373/n02690373_9676.JPEG,airplane,brush, A large yellow and white airplane flying in the sky above an airport. ,"A brush, possibly with bristles on one end for cleaning or grooming."
50,data/images/n03775071/n03775071_2160.JPEG,gloves,bicycle," A hand-knitted sock with a colorful pattern, sitting on a table with knitting needles and a piece of paper. ","A bicycle with a basket and handlebars, ridden by two people."
51,data/images/n03452741/n03452741_24828.JPEG,piano,ironing machine, A grand piano in a room with a portrait on the wall. ,"A vintage sewing machine with a wooden cabinet and brass accents, surrounded by colorful fabric samples."
52,data/images/n02951358/n02951358_30776.JPEG,canoe or boat,canoe or boat, A group of people in kayaks on the ocean. ,"A small, flat-bottomed boat with a pointed bow and stern, typically used for leisurely paddling or transporting light loads on calm waters."
53,data/images/n03272562/n03272562_8931.JPEG,train,train, Two red trains parked on train tracks. ,"A large, colorful mural of various animals and plants in a jungle setting."
54,data/images/n03590841/n03590841_1053.JPEG,pumpkin,handbag," A carved pumpkin with a face and a smaller carved pumpkin with a face, both sitting on a table with leaves around them. ","A handbag with a golden chain handle, featuring an intricate floral pattern and multiple compartments for organization."
55,data/images/n03063599/n03063599_691.JPEG,coffee mug,airplane, A blue mug with a white logo on it. ,"A small, red biplane with a single propeller and two seats."
56,data/images/n04044716/n04044716_11204.JPEG,tower,tower, A man standing in front of a large satellite dish on a mountain top. ,"A tall, thin tower made of bricks and mortar with a square base."
57,data/images/n13054560/n13054560_9747.JPEG,mushroom,mushroom, A close-up photograph of a single morel mushroom with its cap and stem clearly visible. ,"A colorful, multicolored, multi-hued, and vibrantly hued mushroom with a unique shape."
58,data/images/n03197337/n03197337_1351.JPEG,watch or watches,watch or watches, A person's hand with a name written on it. ,"This image depicts a group of friends, all dressed in colorful and vibrant clothing, gathered around a table filled with delicious-looking food."
59,data/images/n11939491/n11939491_16390.JPEG,flower,flower," The image features a single white daisy with a yellow center, surrounded by green foliage. ","A colorful bouquet of flowers, with various types and sizes arranged together in a vase."
60,data/images/n04069434/n04069434_17439.JPEG,camera,camera, A person taking a selfie with a camera. ,A close-up of a camera with multiple lenses and buttons.
61,data/images/n02951358/n02951358_9376.JPEG,canoe or boat,canoe or boat, Two people walking on frozen lake with boat in background. ,"A canoe or boat, described in one sentence as: A small watercraft with a pointed bow and stern, typically used for transportation on calm waters."
62,data/images/n07753592/n07753592_14206.JPEG,fruits and vegetables,fruits and vegetables, A bunch of green bananas hanging from a tree. ,"A colorful assortment of fruits and vegetables arranged on a wooden cutting board, with the focus being on an assortment of red, green, yellow, orange, and purple produce."
63,data/images/n13054560/n13054560_13613.JPEG,mushroom,flower, A hand holding a mushroom with a brush in the background. ,"A colorful bouquet of flowers, with various types and sizes arranged artistically."
64,data/images/n02504458/n02504458_481.JPEG,elephant,monkey, Two elephants standing in the mud. ,"A monkey wearing a hat and sunglasses, sitting on top of a large letter ""O"" in the shape of an oval."
65,data/images/n03709823/n03709823_9033.JPEG,handbag,rocket, A black and yellow duffel bag with a black strap. ,"The image depicts a rocket, with the words ""rocket"" written in various languages."
66,data/images/n03584829/n03584829_45572.JPEG,ironing machine,guitar, An iron on a table. ,"A guitar with a red body and black strings, sitting on a wooden stand."
67,data/images/n03792782/n03792782_442.JPEG,bicycle,bicycle, A man riding a bicycle on a rocky trail. ,"A bicycle with a basket and handlebars, designed for leisurely rides."
68,data/images/n02906734/n02906734_39817.JPEG,brush,brush, A green and yellow hair brush with bristles. ,"A painting of a landscape with trees, hills, and a river in the foreground."
69,data/images/n13054560/n13054560_7616.JPEG,mushroom,pizza, A mushroom growing in the woods. ,"A pizza image with multiple slices, each featuring a different topping and crust style."
70,data/images/n02951358/n02951358_7348.JPEG,canoe or boat,handbag, A painting of a man and his dog in a canoe on a lake at sunset. ,"A small, round handbag with a golden clasp and intricate floral patterns on the surface."
71,data/images/n03775071/n03775071_6122.JPEG,gloves,gloves, A person wearing a coat and holding their hands together in front of them. ,"A pair of white, mesh gloves with black stripes and a red logo on the back."
72,data/images/n02492035/n02492035_3912.JPEG,monkey,butterfly," A monkey in a cage, looking out with a sad expression. ","A colorful butterfly with intricate patterns on its wings, resting on a leaf."
73,data/images/n03590841/n03590841_1053.JPEG,pumpkin,piano," A carved pumpkin with a face and a smaller carved pumpkin with a face, both sitting on a table with leaves around them. ","A small, black and white picture of a piano."
74,data/images/n03452741/n03452741_24828.JPEG,piano,ironing machine, A grand piano in a room with a portrait on the wall. ,A woman is ironing a shirt with an ironing machine.
75,data/images/n04044716/n04044716_17472.JPEG,tower,tower, A large white satellite dish in a field. ,"A tall, thin tower made of three overlapping circles."
76,data/images/n03709823/n03709823_14136.JPEG,handbag,handbag," A small, colorful, child's tote bag with a cartoon character on it, sitting on a wooden floor. ",A woman wearing a white dress and holding a bouquet of flowers stands in front of a wooden door with a keyhole.
77,data/images/n02690373/n02690373_3537.JPEG,airplane,panda or pandas, A large airplane parked on the tarmac at an airport. ,"The image depicts a group of adorable pandas, each with distinct facial features and playful expressions, engaging in various activities such as riding bicycles, playing musical instruments, and participating in sports events."
78,data/images/n02992529/n02992529_14442.JPEG,cell phone,canoe or boat, A white star-shaped tray holds two cell phones. ,"This image depicts a small, flat-bottomed boat or canoe with an elongated shape and a single curved handle on top."
79,data/images/n02992529/n02992529_13746.JPEG,cell phone,coffee mug, A man in glasses is talking on a cell phone while sitting at a table. ,"A white coffee mug with a cartoon drawing of two hands clasping each other in the center, surrounded by colorful hearts and the words ""Love is patient"" written above them."
80,data/images/n02124075/n02124075_12430.JPEG,cat,cat, A brown and black cat with green eyes. ,"A colorful, abstract painting of overlapping shapes and patterns."
81,data/images/n03063599/n03063599_748.JPEG,coffee mug,car, A white coffee mug with a black logo on a white table. ,"A small, round fruit with a slightly rough surface and a thin, edible skin."
82,data/images/n03792972/n03792972_474.JPEG,camp or camping,camp or camping, A dog sitting next to a tent on a city street. ,"This image depicts a campsite with tents, campfires, and outdoor recreational activities."
83,data/images/n02690373/n02690373_1055.JPEG,airplane,airplane," A large white airplane with the words ""A380"" on the side, flying through a blue sky with clouds. ","A large, flying machine with wings and engines."
84,data/images/n03775071/n03775071_44.JPEG,gloves,rocket, A person wearing a colorful knitted glove and holding a tree. ,"A colorful, multicolored, multi-colored explosion of confetti and streamers with a happy crowd cheering and clapping."
85,data/images/n03792972/n03792972_2062.JPEG,camp or camping,camp or camping, A tent set up in a wooded area. ,"A group of campers, including both children and adults, are gathered around a campfire in the woods, enjoying each other's company while roasting marshmallows."
86,data/images/n03982430/n03982430_13651.JPEG,pool table,tower, A pool table with red balls and a black cue ball. ,"A tall, intricately designed tower made of interlocking wooden pieces."
87,data/images/n03063599/n03063599_3890.JPEG,coffee mug,cell phone, A hand holding a mug with a blue background and a handprint design. ,"A cell phone with a rounded rectangular frame, thin bezels on the top and bottom edges, and an in-display fingerprint sensor."
88,data/images/n03272562/n03272562_4339.JPEG,train,train, A train on the tracks with cargo cars behind it. ,"A detailed illustration of a train, with various components and mechanisms highlighted."
89,data/images/n07753592/n07753592_10252.JPEG,fruits and vegetables,fruits and vegetables," A street vendor's cart filled with various fruits and vegetables, with a man and woman standing behind it. ","A bowl of assorted fruits and vegetables, including apples, oranges, carrots, broccoli, and tomatoes."
90,data/images/n03376595/n03376595_108.JPEG,chair,chair, A wooden folding chair with a slatted backrest. ,"A wooden chair with a curved back and four legs, suitable for sitting or resting."
91,data/images/n03297495/n03297495_6860.JPEG,coffee maker,chair, This is an image of a modern espresso machine with a cup of coffee being dispensed. ,"A wooden chair with intricate carvings on its backrest and legs, adorned with a red cushion for added comfort."
92,data/images/n03100240/n03100240_20935.JPEG,car,coffee mug, A silver car on display at a car show. ,"A ceramic coffee mug with a white background and blue text, featuring the phrase ""Life is better with friends."""
93,data/images/n03180011/n03180011_9698.JPEG,computer,watch or watches," A cluttered computer desk with two monitors, two keyboards, two mice, and various other items. ","The image shows a watch with a round face, silver band, and black numbers."
94,data/images/n03297495/n03297495_1447.JPEG,coffee maker,chair, A vintage metal hand juicer on a table. ,"A wooden armchair with a high back and armrests, featuring intricate carvings on the legs."
95,data/images/n02504458/n02504458_4080.JPEG,elephant,elephant, A group of elephants with their tusks interlocked. ,"A large, gray animal with a long trunk and big ears."
96,data/images/n03445777/n03445777_2493.JPEG,ball,shoes, A green plastic basket filled with golf balls on a golf course. ,A pair of brown leather shoes with white laces and a unique design on the side.
97,data/images/n02389026/n02389026_724.JPEG,horse,horse, A young brown horse with a white blaze on its face is walking in a grassy field. ,"A large, colorful horse with flowing mane and tail stands in a field of tall grass."
98,data/images/n04069434/n04069434_9580.JPEG,camera,camera, A vintage camera with a lens on a wooden table. ,"A close-up image of a camera, showing the lens and buttons."
99,data/images/n03792972/n03792972_1036.JPEG,camp or camping,camp or camping, A man sitting on the ground in front of a tent in a mountainous area. ,"This image depicts a camp or camping scene, with various people and objects present."
100,data/images/n03376595/n03376595_108.JPEG,chair,chair, A wooden folding chair with a slatted backrest. ,A person sitting in a chair with their arms crossed and looking serious.
101,data/images/n03376595/n03376595_10737.JPEG,chair,coffee maker, A folding chair in a grassy field. ,"A small, white coffee maker with a handle and spout is shown on the image."
102,data/images/n03100240/n03100240_2138.JPEG,car,computer, A blue convertible sports car on a gray background. ,"The image depicts a computer with multiple components, including a keyboard, mouse, and speakers."
103,data/images/n02607072/n02607072_505.JPEG,clownfish or fish,airplane, A clownfish swimming among the tentacles of an anemone. ,"A clear, empty sky with no airplanes present."
104,data/images/n03877472/n03877472_28707.JPEG,girl,girl, A young girl in a blue pajama with a snowman design is standing in a doorway. ,"A close-up of a girl's face with long, curly hair and big eyes."
105,data/images/n02492035/n02492035_16430.JPEG,monkey,butterfly, A white and black monkey with sad eyes is behind a metal cage. ,"A butterfly is perched on a leaf, with its wings spread out and shimmering in the sunlight."
106,data/images/n03452741/n03452741_3088.JPEG,piano,ball, A black and gold grand piano with the Boston Piano Company logo. ,"A close-up of a woman's face with intricate, detailed makeup and jewelry."
107,data/images/n03773504/n03773504_6291.JPEG,rocket,bicycle, A large nuclear missile inside a missile silo. ,A bicycle with a basket attached to the handlebars.
108,data/images/n04086273/n04086273_2383.JPEG,gun,gun, A collection of six antique firearms displayed on a wall. ,A close-up of a handgun with intricate detailing and a dark background.
109,data/images/n03297495/n03297495_6860.JPEG,coffee maker,watch or watches, This is an image of a modern espresso machine with a cup of coffee being dispensed. ,"A round, silver timepiece with a black leather strap and white numbers on the face."
110,data/images/n02951358/n02951358_11607.JPEG,canoe or boat,cell phone, A man in a red life vest is paddling a green canoe on a river. ,A woman holding a smartphone with a yellow background and various objects in the frame.
111,data/images/n03376595/n03376595_11049.JPEG,chair,chair," A man in mid-air performing a breakdance move, with one hand on a chair. ","A wooden chair with a simple design, featuring four legs and a flat seat."
112,data/images/n02906734/n02906734_39817.JPEG,brush,horse, A green and yellow hair brush with bristles. ,"A horse-drawn carriage with a driver and passenger, traveling on a dirt road in the countryside."
113,data/images/n02504458/n02504458_296.JPEG,elephant,coffee maker," A group of elephants in a museum exhibit, with one elephant prominently facing the camera. ","A modern kitchen appliance with multiple functions, including a coffee maker and an espresso machine."
114,data/images/n03452741/n03452741_2540.JPEG,piano,piano," A man is sitting at a grand piano, playing music. ","A person is playing the piano, with their hands moving gracefully over the keys."
115,data/images/n03792782/n03792782_12815.JPEG,bicycle,bicycle," A group of bicyclists in a line, preparing for a race. ","A person riding a bicycle with two large wheels in the front and smaller ones behind, moving forward."
116,data/images/n03775071/n03775071_3112.JPEG,gloves,gloves," Three handmade felt Christmas stockings in red, purple, and blue, each with a white pom pom on top. ","A pair of white, powder-coated boxing gloves with black trim and wrist straps."
117,data/images/n07873807/n07873807_1477.JPEG,pizza,mushroom, A pepperoni pizza on a baking sheet. ,"A large, white mushroom with a brown cap and small, round body."
118,data/images/n02106662/n02106662_16778.JPEG,dog,dog, Two dogs running in a park. ,"A happy dog with a red collar and leash, sitting on the grass in front of a white picket fence."
119,data/images/n02389026/n02389026_24702.JPEG,horse,horse," A close-up of a horse's face, showing its brown coat, large brown eyes, and a white spot on its forehead. ","A large, majestic horse with flowing mane and tail, standing in a field of green grass."
120,data/images/n07873807/n07873807_16625.JPEG,pizza,fruits and vegetables, A large pizza with various toppings on a metal tray on a table. ,"A colorful assortment of fruits and vegetables arranged on a wooden cutting board, with various sizes and shapes displayed for easy selection."
121,data/images/n03063599/n03063599_748.JPEG,coffee mug,coffee mug, A white coffee mug with a black logo on a white table. ,"A white coffee mug with a cartoon character illustration of two people holding hands, symbolizing the LGBTQ+ pride flag."
122,data/images/n03272010/n03272010_17735.JPEG,guitar,computer, A band performing on stage with a large screen displaying a man's face. ,"A computer with multiple monitors, keyboards, and mice arranged on a desk."
123,data/images/n02906734/n02906734_6542.JPEG,brush,brush, A collection of four brooms with different colored bristles. ,"A brush, a tool for grooming or cleaning, typically made of bristles attached to a handle."
124,data/images/n02106662/n02106662_49005.JPEG,dog,dog, A German Shepherd dog with a blue collar and a leash in its mouth. ,"A fluffy white dog with brown eyes and a wagging tail, sitting on a plush rug in front of a fireplace."
125,data/images/n02510455/n02510455_15145.JPEG,panda or pandas,elephant, A black and white panda bear sitting in an enclosure. ,"A large, grey elephant stands on a lush green field with its trunk raised high in the air."
126,data/images/n03773504/n03773504_14109.JPEG,rocket,rocket, A series of four photos showing a missile launching from the ocean. ,"A rocket with four distinct stages of development, each progressively more advanced than the last."
127,data/images/n03775071/n03775071_6122.JPEG,gloves,rocket, A person wearing a coat and holding their hands together in front of them. ,"A rocket with a large, round body and four smaller circular wings attached to its sides."
128,data/images/n03792782/n03792782_12815.JPEG,bicycle,gloves," A group of bicyclists in a line, preparing for a race. ","A colorful, intricate pattern of intertwined circles and lines on a white background, forming an abstract design resembling a stylized sunburst."
129,data/images/n03792782/n03792782_8799.JPEG,bicycle,camp or camping," A collage of a mountain bike race, featuring a man in a blue and black jersey riding a bike, with various other cyclists and a collage of photos from the event. ","A group of friends enjoying a fun-filled camping trip, complete with tents, campfires, and outdoor activities."
130,data/images/n03063599/n03063599_552.JPEG,coffee mug,car," A small terracotta pot with the word ""shape"" written on it. ","A small, four-door car with a rounded front end and a tall windshield."
131,data/images/n03063599/n03063599_4086.JPEG,coffee mug,coffee mug," The image shows two rings, one purple and one yellow, against a white background. ","A coffee mug is a bowl-shaped container made of ceramic, glass, or plastic that holds hot or cold beverages like coffee, tea, or soup."
132,data/images/n03376595/n03376595_11049.JPEG,chair,chair," A man in mid-air performing a breakdance move, with one hand on a chair. ","A wooden, four-legged chair with a cushioned seat and backrest."
133,data/images/n02281787/n02281787_5770.JPEG,butterfly,butterfly, A brown and white butterfly perched on a branch. ,"A colorful butterfly with intricate patterns on its wings, hovering near a field of wildflowers."
134,data/images/n03982430/n03982430_11084.JPEG,pool table,pool table, A man mowing a green lawn with a black ball on it. ,"A colorful, intricate image of a peacock with vibrant feathers and detailed patterns."
135,data/images/n03709823/n03709823_17750.JPEG,handbag,handbag, A brown leather handbag with a pocket on the front. ,"A colorful handbag with intricate patterns and a unique design, perfect for adding a pop of style to any outfit."
136,data/images/n07753592/n07753592_10233.JPEG,fruits and vegetables,shoes, A ripe banana with a brown spot on the end. ,"A pair of black leather high-heeled shoes with a pointed toe and a thin, stacked heel."
137,data/images/n03709823/n03709823_595.JPEG,handbag,handbag, A gray and white cat peeking out of a brown paper bag. ,"The prompt appears to be a random assortment of words without any context or image associated with it. It seems to be a mix of various terms commonly used in programming and computer science, such as ""prompt,"" ""assistant,"" ""image,"" etc., but they are not arranged coherently enough to form a meaningful sentence or description. If you have any specific details about the image or context related to this prompt, please provide them so that I can assist you better."
138,data/images/n03590841/n03590841_6633.JPEG,pumpkin,handbag," A carved pumpkin with a face and eyes, sitting on a table. ","A woman wearing a red dress holds a white handbag with gold hardware, standing in front of a brick wall."
139,data/images/n03709823/n03709823_18874.JPEG,handbag,gloves, A blue and white bag with a square design on it. ,This image shows a pair of white gloves with black stripes on the backside.
140,data/images/n04044716/n04044716_860.JPEG,tower,camera, A large satellite dish in a desert setting. ,A close-up image of a person holding a camera with a smile on their face.
141,data/images/n04044716/n04044716_860.JPEG,tower,camera, A large satellite dish in a desert setting. ,"A close-up photo of a small, intricate machine with many moving parts."
142,data/images/n02124075/n02124075_4027.JPEG,cat,cat," A cat with its eyes closed, looking content and relaxed. ","A close-up photograph of a cat's face, with its eyes wide open and looking directly at the camera."
143,data/images/n03888257/n03888257_18921.JPEG,parachutes,pool table, A person is kiteboarding on a frozen lake. ,A close-up of a pool table with multiple cues and balls arranged on the green felt surface.
144,data/images/n03709823/n03709823_18874.JPEG,handbag,ironing machine, A blue and white bag with a square design on it. ,"A large, intricate machine with many moving parts and gears."
145,data/images/n03445777/n03445777_7947.JPEG,ball,piano, A golf ball on a shelf with a logo on it. ,"This image depicts a person sitting at an upright piano, with their hands positioned on the keys and poised to play."
146,data/images/n03584829/n03584829_28308.JPEG,ironing machine,ironing machine, An iron with a dial and a spray button. ,"A large, industrial-style ironing machine with a flat surface and multiple steam outlets for efficiently pressing clothes."
147,data/images/n02992529/n02992529_52043.JPEG,cell phone,canoe or boat, The image shows a close-up of a cell phone keypad with numbers and letters. ,"A canoe or boat is a simple, lightweight watercraft designed for one or two people to paddle and navigate on calm waters."
148,data/images/n02906734/n02906734_23744.JPEG,brush,brush, A group of people playing a game of broomball in an indoor rink. ,A brush with a long handle and bristles at the end.
149,data/images/n04044716/n04044716_17472.JPEG,tower,pool table, A large white satellite dish in a field. ,"A pool table with a striped green felt surface, surrounded by four wooden chairs and a small side table."
150,data/images/n04120489/n04120489_6812.JPEG,shoes,shoes, A black and white shoe on a brick patio. ,A pair of brown leather shoes with a pointed toe and lace-up closure.
151,data/images/n03272562/n03272562_8931.JPEG,train,guitar, Two red trains parked on train tracks. ,"The image depicts a close-up view of an acoustic guitar, with the instrument's body and neck prominently displayed."
152,data/images/n03376595/n03376595_10579.JPEG,chair,chair, A wooden lawn chair with slats and armrests. ,A wooden chair with four legs and a backrest.
153,data/images/n03773504/n03773504_17692.JPEG,rocket,rocket," The image shows a missile with the word ""USA"" on it, standing in front of an American flag. ","A rocket with a red and blue body, decorated with stars and stripes, soars through the sky."
154,data/images/n04044716/n04044716_7208.JPEG,tower,pool table, A large satellite dish in a field with sheep grazing. ,"A pool table with a cloth, surrounded by walls and featuring a bar area."
155,data/images/n02504458/n02504458_2716.JPEG,elephant,elephant," A large elephant with tusks and a long trunk, standing in a grassy field. ","A large, grey elephant standing in a field with a few trees nearby."
156,data/images/n04120489/n04120489_5424.JPEG,shoes,pizza," Two men sitting on a boat with their feet on a board, wearing sneakers and drinking water. ","A pizza with a round, cheesy crust and toppings such as pepperoni, mushrooms, and onions."
157,data/images/n03180011/n03180011_10086.JPEG,computer,car," A man sitting at a desk in a room with two computers, a monitor, and a keyboard. ",A red sports car with a sleek design and powerful engine.
158,data/images/n03272562/n03272562_4339.JPEG,train,train, A train on the tracks with cargo cars behind it. ,"A helpful assistant provides a detailed description of the image, stating that it depicts an AI-powered virtual assistant."
159,data/images/n03180011/n03180011_9576.JPEG,computer,guitar, A silver desktop computer with a monitor in the background. ,"A black, wooden guitar with white stickers on its body and a red strap attached to the top."
160,data/images/n03100240/n03100240_2138.JPEG,car,car, A blue convertible sports car on a gray background. ,A cartoon cat wearing a chef's hat and holding a slice of pizza.
161,data/images/n02690373/n02690373_9676.JPEG,airplane,clownfish or fish, A large yellow and white airplane flying in the sky above an airport. ,"A clownfish, also known as a ""clown anemonefish,"" is a small orange fish with black stripes and white spots that lives in an anemone."
162,data/images/n11939491/n11939491_48574.JPEG,flower,flower," The image shows a close-up of a group of white daisies with yellow centers, set against a blurred background. ","A colorful bouquet of flowers, with various types and shades of blooms arranged together in a visually appealing manner."
163,data/images/n02951358/n02951358_6087.JPEG,canoe or boat,butterfly, A green canoe on a rocky shoreline. ,"A colorful butterfly with intricate patterns on its wings, perched on a delicate flower."
164,data/images/n02504458/n02504458_481.JPEG,elephant,elephant, Two elephants standing in the mud. ,"A large, gray elephant with a long trunk and tusks stands in a lush green forest."
165,data/images/n04086273/n04086273_17042.JPEG,gun,gun," A soldier in a military uniform holding a rifle with a scope, wearing sunglasses and a helmet. ","A cartoon character with a long, curly mustache and glasses is holding up two fingers in front of a blue background."
166,data/images/n03063599/n03063599_1096.JPEG,coffee mug,canoe or boat," A white mug with a green design and the word ""tea"" on it. ","A wooden canoe with a curved bow and stern, painted red and white, rests on its side next to a dock."
167,data/images/n03709823/n03709823_25550.JPEG,handbag,ironing machine, A black leather purse with a flap and a gold buckle. ,"A large, mechanical device used for pressing and smoothing fabric to create a crisp finish."
168,data/images/n04044716/n04044716_12999.JPEG,tower,tower, A large metal satellite dish in a field. ,"A tall, narrow tower made of stone with a spiral staircase leading to the top."
169,data/images/n03272010/n03272010_11611.JPEG,guitar,guitar, A man playing a guitar at sunset. ,"A guitar with six strings and a body made of wood, often played for entertainment or as an instrument in music performances."
170,data/images/n04086273/n04086273_26142.JPEG,gun,gun," This is an image of a vintage firearm, specifically a revolver, with a wooden grip and a metal barrel. The firearm is displayed against a wooden background. ","A cartoon of a man holding a gun with the words ""You are a helpful assistant"" written above it."
171,data/images/n03584829/n03584829_36033.JPEG,ironing machine,ironing machine, An iron on a table. ,A woman is holding a white ironing board with an iron in her hand.
172,data/images/n03376595/n03376595_11049.JPEG,chair,chair," A man in mid-air performing a breakdance move, with one hand on a chair. ","A wooden armchair with a high back and armrests, upholstered in red fabric."
173,data/images/n02510455/n02510455_15145.JPEG,panda or pandas,elephant, A black and white panda bear sitting in an enclosure. ,"A close-up of a colorful, abstract pattern with swirling shapes and bright colors."
174,data/images/n03452741/n03452741_12409.JPEG,piano,ironing machine," An old, black piano in a room. ","A woman is standing in front of a large, industrial-sized ironing machine."
175,data/images/n03792782/n03792782_51723.JPEG,bicycle,rocket," A man riding a bicycle on a steep, narrow path. ","The image shows a person holding a sign with the word ""rocket"" written on it."
176,data/images/n03376595/n03376595_8346.JPEG,chair,chair, A large number of blue seats in a stadium. ,"A wooden chair with a curved back and four legs, painted white."
177,data/images/n03888257/n03888257_7960.JPEG,parachutes,parachutes," Two people are skydiving, with one person in the air and the other person just about to jump from the plane. ","A parachute is a large, square piece of fabric with four corners and lines on it."
178,data/images/n03773504/n03773504_370.JPEG,rocket,camp or camping, A large missile on display in a museum. ,A group of campers enjoying a scenic view and having fun together.
179,data/images/n03982430/n03982430_20620.JPEG,pool table,pool table," A man is playing pool, leaning over the table, and aiming at a red ball with a cue stick. ",A close-up image of a pool table with several objects on it.
180,data/images/n03376595/n03376595_8346.JPEG,chair,car, A large number of blue seats in a stadium. ,"A car with a sleek, modern design and advanced features."
181,data/images/n02510455/n02510455_15145.JPEG,panda or pandas,elephant, A black and white panda bear sitting in an enclosure. ,"A close-up of a smiling sun, with rays extending from its center and casting warm light over the surrounding landscape."
182,data/images/n02124075/n02124075_10164.JPEG,cat,cat, A cat sitting on a ledge looking at a cat statue. ,A cat is sitting on a white pillow with a blue and yellow striped cushion.
183,data/images/n03773504/n03773504_370.JPEG,rocket,gloves, A large missile on display in a museum. ,"A group of people wearing gloves are standing in a circle, holding hands and looking at each other."
184,data/images/n02951358/n02951358_2037.JPEG,canoe or boat,ball, A woman in a canoe on a lake with trees in the background. ,"A close-up of a woman's face with intricate, detailed makeup and jewelry."
185,data/images/n03982430/n03982430_7125.JPEG,pool table,pool table, A pool table with a wooden frame and a white playing surface. ,"This image depicts a person standing on the edge of a cliff, with a vast ocean visible below them."
186,data/images/n03590841/n03590841_1053.JPEG,pumpkin,pumpkin," A carved pumpkin with a face and a smaller carved pumpkin with a face, both sitting on a table with leaves around them. ","A large, orange pumpkin with a small stem and some dirt on its surface."
187,data/images/n03180011/n03180011_5834.JPEG,computer,gun," A desktop computer with a monitor, keyboard, and mouse on a white background. ","This image depicts a person holding a sign that reads ""No Hate,"" while standing in front of a crowd."
188,data/images/n03877472/n03877472_33829.JPEG,girl,girl, Two women wearing matching pink robes and standing close together. ,"A girl with long, curly hair and a pink dress is standing next to a tree."
189,data/images/n03982430/n03982430_27656.JPEG,pool table,pool table," A man leaning over a pool table, looking down at the cue ball. ",A pool table surrounded by a room filled with furniture and decorations.
190,data/images/n03792972/n03792972_474.JPEG,camp or camping,bicycle, A dog sitting next to a tent on a city street. ,"A bicycle with a basket and handlebars, decorated with flowers."
191,data/images/n03982430/n03982430_20021.JPEG,pool table,pool table, A pool table with multiple balls in motion. ,"A large, circular pool table with a raised platform in the center and multiple shelves on either side."
192,data/images/n03792782/n03792782_51723.JPEG,bicycle,bicycle," A man riding a bicycle on a steep, narrow path. ","A bicycle with a basket and handlebars, ridden by a person wearing a helmet."
193,data/images/n04086273/n04086273_2383.JPEG,gun,gun, A collection of six antique firearms displayed on a wall. ,"A large, ornate gun with intricate carvings and detailed engravings on the handle and barrel."
194,data/images/n03063599/n03063599_4172.JPEG,coffee mug,cell phone, A black coffee mug on a window sill. ,"A man holding a small, rectangular object with rounded edges and a touch screen."
195,data/images/n03197337/n03197337_4120.JPEG,watch or watches,computer, A silver wristwatch with a digital display and a black strap. ,"The image shows a man wearing headphones and holding a microphone, standing in front of a green screen."
196,data/images/n02389026/n02389026_724.JPEG,horse,horse, A young brown horse with a white blaze on its face is walking in a grassy field. ,"A large, muscular horse with a flowing mane and tail stands in a field of tall grass, its powerful legs planted firmly on the ground as it looks out at the horizon."
197,data/images/n02951358/n02951358_7348.JPEG,canoe or boat,coffee mug, A painting of a man and his dog in a canoe on a lake at sunset. ,A white coffee mug with a cartoon character on it.
198,data/images/n02951358/n02951358_33850.JPEG,canoe or boat,coffee mug, A man in a yellow helmet is kayaking down a river. ,"A white ceramic coffee mug with a cartoon drawing of two people wearing sunglasses and holding hands, standing on top of a yellow sun."
199,data/images/n03590841/n03590841_6380.JPEG,pumpkin,gloves," Two carved pumpkins with faces, sitting on a table. ",A close-up of a pair of white gloves with intricate stitching and detailing.
200,data/images/n03888257/n03888257_19211.JPEG,parachutes,pool table, A surreal image of a hot air balloon floating above a barren landscape with a rainbow in the sky. ,"A large, rectangular pool table with a dark wooden surface and metal legs."
201,data/images/n02124075/n02124075_14886.JPEG,cat,ball, A cat with yellow eyes and a white nose. ,"A white, spherical object with a small hole in the center and a flat surface on one end."
202,data/images/n03877472/n03877472_33829.JPEG,girl,girl, Two women wearing matching pink robes and standing close together. ,"A girl is sitting on a wooden chair with her legs crossed, wearing a white shirt and blue jeans."
203,data/images/n03709823/n03709823_25550.JPEG,handbag,pumpkin, A black leather purse with a flap and a gold buckle. ,"A pumpkin with a long, thin neck and large eyes sits on a leaf-covered ground."
204,data/images/n07873807/n07873807_8875.JPEG,pizza,mushroom, A slice of pizza with mushrooms and spinach on a white plate. ,"A large, white mushroom with a brown cap and a small stem."
205,data/images/n02492035/n02492035_16430.JPEG,monkey,brush, A white and black monkey with sad eyes is behind a metal cage. ,"A brush with bristles of various lengths and colors, resting on a wooden surface."
206,data/images/n02992529/n02992529_3673.JPEG,cell phone,canoe or boat," The image shows a Sony Ericsson Cyber-shot camera and a smartphone, both with a blue and black color scheme, against a yellow background. ",A canoe and a boat are both small watercraft for traveling on the surface of a body of water.
207,data/images/n03792782/n03792782_8799.JPEG,bicycle,gloves," A collage of a mountain bike race, featuring a man in a blue and black jersey riding a bike, with various other cyclists and a collage of photos from the event. ","This image depicts a pair of white gloves with red stripes and the words ""Happy Birthday"" written on them."
208,data/images/n03877472/n03877472_33829.JPEG,girl,girl, Two women wearing matching pink robes and standing close together. ,"The image depicts a young girl wearing a colorful dress, standing in front of a brick wall with intricate designs on it."
209,data/images/n03888257/n03888257_54295.JPEG,parachutes,pool table," Two parachutists flying high in the sky, each holding a Canadian flag, against a backdrop of a clear blue sky. ","A four-post, wooden gazebo with a hexagonal roof and lattice sides is supported by thick, square columns."
210,data/images/n03452741/n03452741_11539.JPEG,piano,piano, A black grand piano in a living room. ,A woman playing the piano with her back to the audience.
211,data/images/n02607072/n02607072_505.JPEG,clownfish or fish,canoe or boat, A clownfish swimming among the tentacles of an anemone. ,"A canoe or boat is a type of watercraft used for transportation, recreation, and sports."
212,data/images/n02992529/n02992529_3673.JPEG,cell phone,cell phone," The image shows a Sony Ericsson Cyber-shot camera and a smartphone, both with a blue and black color scheme, against a yellow background. ","A close-up of a cell phone's touchscreen display, showing the user interface with various icons and app icons arranged in rows."
213,data/images/n02690373/n02690373_5870.JPEG,airplane,airplane, A large white airplane with blue and red accents parked on a runway. ,"A small airplane flying in a vast, empty sky."
214,data/images/n03180011/n03180011_5834.JPEG,computer,train," A desktop computer with a monitor, keyboard, and mouse on a white background. ","A train with multiple cars and a locomotive, moving along the tracks."
215,data/images/n04069434/n04069434_10318.JPEG,camera,camera, A black Canon camera with a strap on a table. ,A camera with multiple layers of decorative frames.
216,data/images/n04069434/n04069434_10318.JPEG,camera,camera, A black Canon camera with a strap on a table. ,A close-up of a single yellow lemon on a white background.
217,data/images/n03709823/n03709823_12670.JPEG,handbag,pumpkin, A dark blue tote bag with brown leather accents and a tan strap. ,"A pumpkin with a large, bulbous stem and multiple smaller stems sprouting from its surface."
218,data/images/n03445777/n03445777_2548.JPEG,ball,ball," A golf ball on a green, with a logo for scott health & safety. ","A close-up of a woman's face with intricate makeup and jewelry, her eyes closed in contemplation."
219,data/images/n02906734/n02906734_23744.JPEG,brush,brush, A group of people playing a game of broomball in an indoor rink. ,"A colorful abstract painting of swirling brushstrokes in shades of blue, green, and purple."
220,data/images/n03100240/n03100240_10410.JPEG,car,car, A vintage blue Volkswagen Beetle parked in a parking lot. ,"A car with a rounded, boxy shape and four wheels."
221,data/images/n02389026/n02389026_9196.JPEG,horse,horse, A man riding a brown horse in a field. ,"A large, white horse with a flowing mane and tail stands in a field of tall green grass."
222,data/images/n03452741/n03452741_2982.JPEG,piano,ball, A showroom displaying a red grand piano and a black baby grand piano. ,A white ball with a black and red striped pattern sits on a blue surface.
223,data/images/n03792972/n03792972_474.JPEG,camp or camping,camp or camping, A dog sitting next to a tent on a city street. ,"This image shows a group of people gathered around a campfire, with tents and outdoor equipment visible in the background."
224,data/images/n02389026/n02389026_2094.JPEG,horse,cat, A brown horse grazing in a field of tall grass. ,"A fluffy, playful cat with a curious expression and long whiskers."
225,data/images/n03063599/n03063599_4086.JPEG,coffee mug,cell phone," The image shows two rings, one purple and one yellow, against a white background. ","A small, rectangular device with a touchscreen and various buttons for making calls, sending messages, taking photos, accessing the internet, and performing other functions."
226,data/images/n07753592/n07753592_14206.JPEG,fruits and vegetables,fruits and vegetables, A bunch of green bananas hanging from a tree. ,A colorful arrangement of various fruits and vegetables on a wooden cutting board.
227,data/images/n02124075/n02124075_57.JPEG,cat,cat, A small kitten with yellow eyes and a spotted coat is sitting on a carpeted floor. ,"A cat sits on a white blanket, looking at the camera with its green eyes."
228,data/images/n03180011/n03180011_7359.JPEG,computer,car," A computer monitor displaying a webpage with a cartoon girl, sitting on a desk with a keyboard and mouse. ","A beautiful, colorful abstract painting of a cityscape with swirling patterns and vibrant hues."
229,data/images/n03888257/n03888257_18921.JPEG,parachutes,parachutes, A person is kiteboarding on a frozen lake. ,A person is standing on a hill with parachutes around them.
230,data/images/n03063599/n03063599_552.JPEG,coffee mug,canoe or boat," A small terracotta pot with the word ""shape"" written on it. ","A canoe is a small, narrow boat that can be paddled by one or more people using long poles called oars."
231,data/images/n03063599/n03063599_4086.JPEG,coffee mug,coffee mug," The image shows two rings, one purple and one yellow, against a white background. ",A cartoon coffee mug with a smiling face and two tiny arms sticking out of it.
232,data/images/n03584829/n03584829_45572.JPEG,ironing machine,ironing machine, An iron on a table. ,"A woman is holding a large, white ironing board with her arms outstretched while standing in an empty room."
233,data/images/n07873807/n07873807_8875.JPEG,pizza,shoes, A slice of pizza with mushrooms and spinach on a white plate. ,"A group of people wearing colorful shoes and standing in front of a brick wall, with one person holding a microphone."
234,data/images/n03773504/n03773504_6291.JPEG,rocket,handbag, A large nuclear missile inside a missile silo. ,"A woman wearing a white dress with long sleeves and a high neckline, holding a bouquet of flowers in front of a wall painted to look like an old brick building."
235,data/images/n03792782/n03792782_51296.JPEG,bicycle,bicycle, A green bicycle parked on a brick sidewalk. ,"A bicycle with a basket and a bell, decorated with flowers."
236,data/images/n03197337/n03197337_830.JPEG,watch or watches,guitar," A digital wristwatch with a black strap and a white face, inside a clear plastic case. ",A guitar with six strings and a body made of wood.
237,data/images/n03063599/n03063599_1320.JPEG,coffee mug,cell phone, A red espresso machine with a pressure gauge and a black handle. ,"A sleek, modern smartphone with a large touchscreen display and minimal buttons."
238,data/images/n02124075/n02124075_6197.JPEG,cat,cat, A white cat and a gray cat stand on a dirt road in front of a house. ,A cat wearing a hat and sunglasses sits on a couch with a bowl of food in front of it.
239,data/images/n03590841/n03590841_6382.JPEG,pumpkin,pumpkin," A carved pumpkin with a jack-o-lantern face sits on a table, surrounded by Halloween decorations. ","A pumpkin with a wide, flat face and two small eyes on either side of its nose."
240,data/images/n03792972/n03792972_2062.JPEG,camp or camping,girl, A tent set up in a wooded area. ,The image shows a woman wearing a colorful dress and standing in front of a white background.
241,data/images/n02106662/n02106662_62679.JPEG,dog,dog," A German Shepherd dog with its tongue out, standing in a grassy area. ","A fluffy white dog with brown eyes and a pink collar sits on a plush, patterned couch."
242,data/images/n04086273/n04086273_17042.JPEG,gun,gun," A soldier in a military uniform holding a rifle with a scope, wearing sunglasses and a helmet. ","A group of colorful, abstract shapes and lines forming a dynamic pattern on a white background."
243,data/images/n02690373/n02690373_398.JPEG,airplane,clownfish or fish, American airlines passenger jet in flight. ,"A clownfish, also known as a fish with vibrant orange and white stripes."
244,data/images/n04069434/n04069434_3119.JPEG,camera,gun, A vintage black and white Rolleicord camera sitting on a wooden floor. ,"The image depicts a man holding a gun, with his hand on the trigger and pointing it at another person."
245,data/images/n02690373/n02690373_4671.JPEG,airplane,clownfish or fish, An Alaska Airlines airplane parked at an airport terminal. ,A clownfish swims in a vibrant coral reef.
246,data/images/n03792972/n03792972_1036.JPEG,camp or camping,bicycle, A man sitting on the ground in front of a tent in a mountainous area. ,A bicycle with a basket and flowers on the front.
247,data/images/n03272010/n03272010_1242.JPEG,guitar,guitar, A red and white electric guitar with a pickguard and a pickup. ,"A black, acoustic guitar with a white pick on the floor next to it."
248,data/images/n02504458/n02504458_480.JPEG,elephant,panda or pandas, An elephant standing in a zoo enclosure. ,"A panda sitting on a tree branch, facing the camera with its large black eyes and white fur."
249,data/images/n02906734/n02906734_9317.JPEG,brush,elephant, A wooden broom leaning against a wooden fence. ,"A large, grey animal with a long trunk and small ears standing in front of a group of people."
250,data/images/n02106662/n02106662_62679.JPEG,dog,dog," A German Shepherd dog with its tongue out, standing in a grassy area. ",A black and white photograph of a dog sitting on the ground with its front paws raised.
251,data/images/n02906734/n02906734_23744.JPEG,brush,clownfish or fish, A group of people playing a game of broomball in an indoor rink. ,"A clownfish, also known as a ""clown anemonefish,"" is a small, colorful fish with orange and white stripes that lives in an anemone."
252,data/images/n03888257/n03888257_16741.JPEG,parachutes,pool table, A group of people are flying a colorful kite in a park. ,"This image shows a room with a pool table, surrounded by couches and chairs."
253,data/images/n13054560/n13054560_11059.JPEG,mushroom,tower, A mushroom growing out of a tree stump. ,"A tall tower with two towers in the background, surrounded by a field of crops."
254,data/images/n11939491/n11939491_12042.JPEG,flower,mushroom," A close-up photograph of white daisies with yellow centers, set against a dark blue background. ","A cartoon drawing of a hand holding a mushroom, with the words ""describe this image in one sentence"" written on it."
255,data/images/n03584829/n03584829_13555.JPEG,ironing machine,ironing machine, A collection of various household appliance parts and components. ,A woman is using a portable clothes ironing machine to press and smooth out the wrinkles on a white shirt.
256,data/images/n03982430/n03982430_30922.JPEG,pool table,pool table, A pool table with balls and cues. ,"A large, rectangular pool table with a dark wooden surface and metal legs stands in the center of an elegant room decorated with plush furniture and ornate chandeliers."
257,data/images/n03982430/n03982430_7125.JPEG,pool table,tower, A pool table with a wooden frame and a white playing surface. ,"A tall, narrow tower made of interlocking wooden panels."
258,data/images/n03272010/n03272010_6978.JPEG,guitar,guitar, A white electric guitar leaning against a wall. ,A black electric guitar with a white pick on the body and a red strap.
259,data/images/n04086273/n04086273_8280.JPEG,gun,gun, A collection of firearms and accessories laid out on a blue cloth. ,"A close-up of a colorful, abstract painting with swirling patterns and bright colors."
260,data/images/n07753592/n07753592_11911.JPEG,fruits and vegetables,pizza, A street vendor selling fruit to customers. ,"A pizza with a red and green pepper on top, surrounded by cheese."
261,data/images/n02906734/n02906734_39817.JPEG,brush,ironing machine, A green and yellow hair brush with bristles. ,A woman wearing a white blouse and black pants is ironing a shirt on an ironing board.
262,data/images/n11939491/n11939491_55377.JPEG,flower,mushroom, A vibrant pink flower with yellow center in a field of grass. ,A close-up image of a single mushroom with multiple small dots representing spores scattered around it.
263,data/images/n03590841/n03590841_6633.JPEG,pumpkin,pumpkin," A carved pumpkin with a face and eyes, sitting on a table. ","A pumpkin with a smiling face, wearing glasses and holding a book."
264,data/images/n03376595/n03376595_8916.JPEG,chair,chair, A wooden folding chair with a green cushion and a striped backrest. ,"A wooden chair with a high back and armrests, upholstered in red fabric."
265,data/images/n02906734/n02906734_21440.JPEG,brush,brush," A group of people playing indoor curling, with one person in the process of throwing the curling stone. ","A stylized, multicolored octopus with tentacles wrapped around a vase."
266,data/images/n03792972/n03792972_4392.JPEG,camp or camping,camp or camping, A tent pitched in a field with several RVs parked in the background. ,"This image depicts a campsite with tents, campfires, and outdoor furniture."
267,data/images/n03982430/n03982430_30922.JPEG,pool table,tower, A pool table with balls and cues. ,"A tall, thin tower made of wooden blocks."
268,data/images/n02607072/n02607072_2525.JPEG,clownfish or fish,elephant, A clownfish peeking out from behind a coral reef. ,A gray elephant with a pink flower in its trunk.
269,data/images/n11939491/n11939491_59345.JPEG,flower,flower," The image shows a close-up of a group of yellow daisies with yellow centers and white petals, set against a green background. ",A beautiful flower with vibrant colors and intricate details.
270,data/images/n02690373/n02690373_2109.JPEG,airplane,airplane, A white airplane flying over a body of water with a city in the background. ,A plane flying through the air.
271,data/images/n02607072/n02607072_1617.JPEG,clownfish or fish,clownfish or fish, Two clownfish swimming near a coral reef. ,A clownfish swims in a vibrant coral reef.
272,data/images/n03376595/n03376595_8916.JPEG,chair,chair, A wooden folding chair with a green cushion and a striped backrest. ,A wooden chair with a high back and armrests.
273,data/images/n02992529/n02992529_4366.JPEG,cell phone,panda or pandas," The image shows a smartphone screen with a camera icon highlighted in red, indicating that the camera application is selected. ","A panda sitting on a tree branch, looking cute and fluffy."
274,data/images/n02607072/n02607072_505.JPEG,clownfish or fish,elephant, A clownfish swimming among the tentacles of an anemone. ,"A large, gray elephant with a long trunk and floppy ears stands in a grassy field."
275,data/images/n04044716/n04044716_9463.JPEG,tower,pool table, A large white satellite dish. ,"A rectangular pool table with a green felt surface, surrounded by four cues and lined with pockets on each end."
276,data/images/n03445777/n03445777_5342.JPEG,ball,ball, A white golf ball with a logo on it. ,"I'm sorry, but I cannot see the image you are referring to. Please provide a description of the image or a link to the image so that I can better understand your request and respond accordingly."
277,data/images/n03982430/n03982430_13651.JPEG,pool table,tower, A pool table with red balls and a black cue ball. ,"A large, cylindrical tower made of metal and concrete with a spiral staircase inside."
278,data/images/n02992529/n02992529_42996.JPEG,cell phone,watch or watches, A shirtless man in a crowd is using his cell phone. ,"The image shows a person holding a small, round object with numbers on it."
279,data/images/n02690373/n02690373_7499.JPEG,airplane,airplane, An airplane on the runway at an airport. ,"A large, white bird with a red circle and a white dot on its tail."
280,data/images/n02106662/n02106662_83638.JPEG,dog,dog, A German Shepherd dog in mid-run on a grassy field. ,A fluffy white dog with brown eyes and a wagging tail stands on a lush green lawn.
281,data/images/n03982430/n03982430_4411.JPEG,pool table,pool table," A room with a pool table, dartboard, and a painting of a baseball team. ","A black and white photograph of a man standing on the edge of an oversized pool table, with his feet dangling in mid-air."
282,data/images/n02992529/n02992529_35743.JPEG,cell phone,cell phone, A cell phone displaying a text message with the date and time. ,"A close-up of a sleek, white smartphone with rounded corners and a small circular hole on the left side."
283,data/images/n04069434/n04069434_3119.JPEG,camera,camera, A vintage black and white Rolleicord camera sitting on a wooden floor. ,A close-up of a person's face with a neutral expression and minimal makeup.
284,data/images/n03775071/n03775071_3112.JPEG,gloves,rocket," Three handmade felt Christmas stockings in red, purple, and blue, each with a white pom pom on top. ","A rocket is depicted in mid-air, with a small figure standing on its side."
285,data/images/n02992529/n02992529_46.JPEG,cell phone,canoe or boat, A black cell phone with a keypad and a screen. ,A wooden canoe with a single person sitting in the middle of it.
286,data/images/n03590841/n03590841_10934.JPEG,pumpkin,bicycle," A carved pumpkin with a scary face sits on a porch, illuminated by red lights. ",A bicycle is a two-wheeled vehicle with pedals for propulsion.
287,data/images/n03272562/n03272562_608.JPEG,train,train, A blue and white train on the tracks. ,"A train with many windows and a smokestack, painted in red and white colors."
288,data/images/n02607072/n02607072_2525.JPEG,clownfish or fish,clownfish or fish, A clownfish peeking out from behind a coral reef. ,A clownfish swims in a school of colorful fish.
289,data/images/n03584829/n03584829_45572.JPEG,ironing machine,piano, An iron on a table. ,"A woman wearing a red dress is sitting at a piano, playing the keys with her right hand while holding a bouquet of flowers in her left."
290,data/images/n03100240/n03100240_16653.JPEG,car,car, A red convertible parked on a driveway. ,"A sleek, modern car with a prominent front grille and angular headlights."
291,data/images/n03792782/n03792782_51723.JPEG,bicycle,gloves," A man riding a bicycle on a steep, narrow path. ","A person is wearing a pair of gloves with the right one covering their hand, and the left one placed on top."
292,data/images/n03297495/n03297495_2948.JPEG,coffee maker,pumpkin, A black espresso machine with two cups of coffee on the spout. ,"A pumpkin with a small, curved handle attached to its side."
293,data/images/n02281787/n02281787_5793.JPEG,butterfly,butterfly, A butterfly is flying over a flower in a lush green forest. ,"A butterfly with intricate, colorful wings perched on a leaf."
294,data/images/n03590841/n03590841_1053.JPEG,pumpkin,pumpkin," A carved pumpkin with a face and a smaller carved pumpkin with a face, both sitting on a table with leaves around them. ","A close-up of a vibrant orange pumpkin with green leaves and brown stem, showcasing its intricate details."
295,data/images/n03180011/n03180011_9698.JPEG,computer,computer," A cluttered computer desk with two monitors, two keyboards, two mice, and various other items. ","A computer is a device that can be used for tasks such as word processing, internet browsing, and playing games."
296,data/images/n03445777/n03445777_6397.JPEG,ball,ball," A white golf ball with a black logo on it, sitting on a grassy surface. ","A colorful, abstract painting of overlapping circles and squares in various sizes and shapes."
297,data/images/n03709823/n03709823_24745.JPEG,handbag,handbag, A pink duffel bag with a white logo on it. ,"A handbag with a unique design, featuring intricate patterns and vibrant colors."
298,data/images/n03180011/n03180011_4664.JPEG,computer,watch or watches," A computer desk with a monitor, keyboard, mouse, and speakers. ","A watch with a round face and three small dials on the front, displaying time in different formats."
299,data/images/n03792782/n03792782_15924.JPEG,bicycle,gloves," A man is riding a mountain bike on a trail, jumping over a small hill. ","A group of gloves, each with a different purpose and design."
300,data/images/n03888257/n03888257_7960.JPEG,parachutes,pool table," Two people are skydiving, with one person in the air and the other person just about to jump from the plane. ","This image shows a rectangular table with a pool table, surrounded by chairs and walls decorated in various shades of blue."
301,data/images/n03180011/n03180011_10086.JPEG,computer,cell phone," A man sitting at a desk in a room with two computers, a monitor, and a keyboard. ","A sleek, black smartphone with a large touchscreen display and minimal bezels."
302,data/images/n03792782/n03792782_122.JPEG,bicycle,bicycle, A man is riding a bicycle on a steep rocky mountain trail. ,"A bicycle with a basket on the front, used for transportation."
303,data/images/n03888257/n03888257_54295.JPEG,parachutes,parachutes," Two parachutists flying high in the sky, each holding a Canadian flag, against a backdrop of a clear blue sky. ","A colorful, intricate illustration of a man holding a parachute while standing on top of a hill with the sun setting in the background."
304,data/images/n02281787/n02281787_4566.JPEG,butterfly,butterfly, Two blue butterflies on a green leaf. ,"A colorful butterfly with intricate patterns on its wings, ready to take flight."
305,data/images/n02124075/n02124075_12430.JPEG,cat,dog, A brown and black cat with green eyes. ,"A black and white photograph of a woman sitting on the ground, with her legs crossed and her hands folded in her lap."
306,data/images/n02607072/n02607072_2525.JPEG,clownfish or fish,monkey, A clownfish peeking out from behind a coral reef. ,"A monkey sitting on a branch in a tree, with its arms crossed and looking off into the distance."
307,data/images/n03590841/n03590841_5746.JPEG,pumpkin,ironing machine," A carved pumpkin with a jack-o-lantern face and a sign that reads ""they eat their own"" in front of it. ","A washing machine with a large drum and an open door, surrounded by detergent bottles and fabric softener sheets."
308,data/images/n02992529/n02992529_46.JPEG,cell phone,cell phone, A black cell phone with a keypad and a screen. ,"A close-up image of a sleek, black smartphone with rounded edges and a small camera lens on the back."
309,data/images/n03376595/n03376595_3835.JPEG,chair,train," Two wooden lounge chairs with slats, one leaning against the other. ","This image depicts a large, intricately designed vase filled with vibrant flowers."
310,data/images/n03452741/n03452741_1177.JPEG,piano,piano," A small, handmade piano with a black felt lid and a brown felt seat. ","This image depicts a close-up view of an intricate, hand-drawn map with various symbols and lines representing different types of terrain."
311,data/images/n13054560/n13054560_5228.JPEG,mushroom,mushroom, A red mushroom with white spots growing in the grass. ,"A large, multi-colored mushroom with a small hole in the center."
312,data/images/n03775071/n03775071_9475.JPEG,gloves,gloves, Two gray knitted gloves with frayed cuffs and a black logo on the back of each. ,A person wearing a pair of white gloves with black stripes on the back and wrists.
313,data/images/n03792782/n03792782_442.JPEG,bicycle,camp or camping, A man riding a bicycle on a rocky trail. ,"A group of people are gathered around a campfire, roasting marshmallows and telling spooky stories."
314,data/images/n03590841/n03590841_8067.JPEG,pumpkin,bicycle," A woman carving a jack-o-lantern in a kitchen, with a table full of carved pumpkins. ",A bicycle with a basket and a bell on the front.
315,data/images/n03775071/n03775071_9475.JPEG,gloves,bicycle, Two gray knitted gloves with frayed cuffs and a black logo on the back of each. ,"A bicycle with a basket and handlebars, ridden by a person in the foreground."
316,data/images/n11939491/n11939491_55377.JPEG,flower,mushroom, A vibrant pink flower with yellow center in a field of grass. ,A picture of a person holding a basket full of mushrooms.
317,data/images/n03272562/n03272562_8639.JPEG,train,watch or watches, A blue and yellow train engine on the tracks with a yellow train car behind it. ,"This image shows a watch with a black face and silver-tone accents, on a brown leather strap."
318,data/images/n03180011/n03180011_7359.JPEG,computer,computer," A computer monitor displaying a webpage with a cartoon girl, sitting on a desk with a keyboard and mouse. ","A computer with a flat, rectangular shape and several buttons on the front."
319,data/images/n03773504/n03773504_14109.JPEG,rocket,handbag, A series of four photos showing a missile launching from the ocean. ,"A small, round handbag with a drawstring closure and multiple compartments for storage."
320,data/images/n03792972/n03792972_1570.JPEG,camp or camping,camp or camping, A tent set up in a field with camping gear. ,"This image shows a group of people gathered around a campfire, with tents and outdoor cooking equipment in the background."
321,data/images/n03982430/n03982430_7125.JPEG,pool table,camera, A pool table with a wooden frame and a white playing surface. ,A red and white striped tie with a small pocket square on top of it.
322,data/images/n02607072/n02607072_505.JPEG,clownfish or fish,clownfish or fish, A clownfish swimming among the tentacles of an anemone. ,A clownfish swims in a vibrant coral reef.
323,data/images/n11939491/n11939491_48574.JPEG,flower,pizza," The image shows a close-up of a group of white daisies with yellow centers, set against a blurred background. ","A colorful, round pizza with a variety of toppings and cheese on top."
324,data/images/n03877472/n03877472_2301.JPEG,girl,girl," Two young girls sitting on the floor, smiling and posing for the camera. ","A girl wearing a white dress with flowers on it, standing in front of a green background."
325,data/images/n03452741/n03452741_11539.JPEG,piano,ball, A black grand piano in a living room. ,"A large, colorful ball with a circular pattern on its surface."
326,data/images/n02504458/n02504458_296.JPEG,elephant,elephant," A group of elephants in a museum exhibit, with one elephant prominently facing the camera. ","A large, gray elephant with a long trunk stands in a lush green forest."
327,data/images/n03272562/n03272562_608.JPEG,train,guitar, A blue and white train on the tracks. ,"A vintage, wooden guitar with intricate detailing and a unique design."
328,data/images/n03775071/n03775071_10573.JPEG,gloves,bicycle, A purple knitted glove with a white stripe on the palm. ,A bicycle with a basket attached to the front handlebar.
329,data/images/n04086273/n04086273_17042.JPEG,gun,flower," A soldier in a military uniform holding a rifle with a scope, wearing sunglasses and a helmet. ","A colorful flower with various shades of red, orange, and yellow petals."
330,data/images/n02124075/n02124075_14886.JPEG,cat,cat, A cat with yellow eyes and a white nose. ,"Sure, that's it in one sentence:"
331,data/images/n02389026/n02389026_2094.JPEG,horse,monkey, A brown horse grazing in a field of tall grass. ,A monkey wearing a chef's hat and holding a banana.
332,data/images/n04069434/n04069434_10318.JPEG,camera,gun, A black Canon camera with a strap on a table. ,"A group of people gathered around a table, discussing and sharing ideas."
333,data/images/n11939491/n11939491_55377.JPEG,flower,mushroom, A vibrant pink flower with yellow center in a field of grass. ,"A large, brown mushroom with a white cap and gills on the underside."
334,data/images/n04044716/n04044716_17472.JPEG,tower,tower, A large white satellite dish in a field. ,"A tall, slender building with a flat roof and rectangular windows."
335,data/images/n03452741/n03452741_2123.JPEG,piano,piano, A man in a red coat and black pants is playing a piano in a room with a chandelier. ,"This image depicts a close-up view of a grand piano, with its intricate details and wooden structure highlighted."
336,data/images/n03792972/n03792972_8672.JPEG,camp or camping,camp or camping, A tent in a mountainous area with trees and fog. ,"This image depicts a group of people gathered around a campfire, with various camping equipment and supplies visible in the background."
337,data/images/n11939491/n11939491_7263.JPEG,flower,flower, A white daisy with yellow center in the center of a large green leaf. ,"A colorful bouquet of flowers, arranged in a circular pattern with various shades and textures."
338,data/images/n03272010/n03272010_1242.JPEG,guitar,watch or watches, A red and white electric guitar with a pickguard and a pickup. ,"A black and white photograph of a woman wearing a hat, sunglasses, and holding a purse while standing on the beach."
339,data/images/n03792972/n03792972_1570.JPEG,camp or camping,girl, A tent set up in a field with camping gear. ,"A girl wearing a white dress with flowers on it, standing next to a tree and holding a red umbrella."
340,data/images/n02281787/n02281787_2216.JPEG,butterfly,butterfly, A small blue butterfly perched on a rock. ,"A colorful, delicate butterfly with intricate patterns on its wings."
341,data/images/n02906734/n02906734_6542.JPEG,brush,brush, A collection of four brooms with different colored bristles. ,"A group of people gathered around a table, discussing and sharing ideas while enjoying each other's company."
342,data/images/n02906734/n02906734_17960.JPEG,brush,brush, A broom leaning against a doorway in a building. ,"A vibrant, multicolored abstract pattern with swirling shades of blue, purple, and pink."
343,data/images/n03197337/n03197337_16730.JPEG,watch or watches,guitar," A black and white wristwatch with a digital display, sitting on a brown box. ","A close-up of a guitar with its strings and frets visible, surrounded by various musical notes."
344,data/images/n02510455/n02510455_6311.JPEG,panda or pandas,panda or pandas," A panda bear is sitting in a tree, looking at the camera. ","A panda sitting on a log, surrounded by lush green trees and bamboo shoots."
345,data/images/n03180011/n03180011_19233.JPEG,computer,coffee mug, A dark room with a computer desk and multiple monitors. ,A cartoon cat holding a coffee mug with steam coming out of it.
346,data/images/n02281787/n02281787_4566.JPEG,butterfly,cat, Two blue butterflies on a green leaf. ,"A fluffy, playful cat sitting on a cozy rug with a warm fireplace in the background."
347,data/images/n03197337/n03197337_2141.JPEG,watch or watches,guitar," The image shows a digital wristwatch with a blue screen displaying the time ""8:10"" and the date ""10"". ","A vintage, ornately decorated guitar with intricate details and a dark wood finish."
348,data/images/n03180011/n03180011_16171.JPEG,computer,computer, A silver desktop computer with keyboard and mouse on a white background. ,A computer displaying a picture of multiple overlapping circles in various colors and sizes.
349,data/images/n03452741/n03452741_5127.JPEG,piano,ball, An older man in a red sweater is playing a black piano. ,"A close-up of a white ball with small, multicolored dots and lines on its surface."
350,data/images/n11939491/n11939491_23775.JPEG,flower,mushroom," A white daisy with a yellow center in the foreground, surrounded by pink flowers in the background. ","A large, multi-colored mushroom with a wavy pattern on its surface."
351,data/images/n03877472/n03877472_33829.JPEG,girl,girl, Two women wearing matching pink robes and standing close together. ,"A girl wearing a white dress with flowers on it, standing in front of a green background."
352,data/images/n03888257/n03888257_18921.JPEG,parachutes,parachutes, A person is kiteboarding on a frozen lake. ,"A group of people wearing parachutes are standing on a hill, with the sun setting in the background."
353,data/images/n03297495/n03297495_1447.JPEG,coffee maker,train, A vintage metal hand juicer on a table. ,"A close-up of a chef's hand holding a knife, with the blade pointed downward and resting on a wooden cutting board."
354,data/images/n03590841/n03590841_6633.JPEG,pumpkin,handbag," A carved pumpkin with a face and eyes, sitting on a table. ","A close-up image of a woman's hand holding a handbag, with intricate detailing on the handle and clasp."
355,data/images/n02504458/n02504458_5897.JPEG,elephant,elephant, A large elephant walking on a dirt road in a natural setting. ,"A large, gray elephant with a long trunk stands in a grassy field."
356,data/images/n04120489/n04120489_14875.JPEG,shoes,gun, A close-up view of a sports shoe with a blue and white color scheme. ,A man wearing a suit and tie is standing next to a car with two other men.
357,data/images/n02690373/n02690373_398.JPEG,airplane,airplane, American airlines passenger jet in flight. ,A small airplane flying in the sky.
358,data/images/n03775071/n03775071_9475.JPEG,gloves,bicycle, Two gray knitted gloves with frayed cuffs and a black logo on the back of each. ,"A bicycle with a blue frame and white tires, standing on the grass next to a tree."
359,data/images/n04069434/n04069434_9030.JPEG,camera,gun, A vintage black and white camera with a silver lens and a black strap. ,"A six-word string of words, with no clear meaning or context."
360,data/images/n02992529/n02992529_39085.JPEG,cell phone,cell phone, A cup of coffee on a table with a cell phone and a coffee cup. ,"A cell phone, with a rectangular shape and touchscreen display."
361,data/images/n11939491/n11939491_51732.JPEG,flower,flower," The image shows a close-up of a daisy with white petals and a yellow center, surrounded by other daisies in the background. ","A colorful flower with various shades of red, pink, and purple petals."
362,data/images/n03180011/n03180011_4255.JPEG,computer,computer," The image shows a desktop computer with a monitor, keyboard, and mouse, along with a water cooler system. ","A computer with a flat, rectangular shape and multiple ports on the sides."
363,data/images/n02510455/n02510455_6311.JPEG,panda or pandas,elephant," A panda bear is sitting in a tree, looking at the camera. ","A close-up of a delicate, multi-colored macrame wall hanging adorned with beads and intricate patterns."
364,data/images/n03376595/n03376595_852.JPEG,chair,chair, A colorful folding chair with a checkered pattern. ,"A wooden chair with a cushioned seat and four legs, suitable for indoor use."
365,data/images/n03100240/n03100240_8794.JPEG,car,car, A black convertible car parked on a gravel driveway. ,"A small, fluffy animal with large ears and a round body."
366,data/images/n13054560/n13054560_5228.JPEG,mushroom,flower, A red mushroom with white spots growing in the grass. ,"A colorful bouquet of flowers, with various types and sizes arranged together in a visually appealing manner."
367,data/images/n03709823/n03709823_14136.JPEG,handbag,rocket," A small, colorful, child's tote bag with a cartoon character on it, sitting on a wooden floor. ","A rocket is a fast, powerful vehicle that can travel through the air and reach high altitudes."
368,data/images/n03376595/n03376595_8916.JPEG,chair,chair, A wooden folding chair with a green cushion and a striped backrest. ,A wooden chair with a straight back and four legs.
369,data/images/n03590841/n03590841_6382.JPEG,pumpkin,handbag," A carved pumpkin with a jack-o-lantern face sits on a table, surrounded by Halloween decorations. ","A woman wearing a white dress with black and red stripes, standing in front of a brick wall."
370,data/images/n03982430/n03982430_4411.JPEG,pool table,pool table," A room with a pool table, dartboard, and a painting of a baseball team. ","A rectangular pool table with a checkered pattern and four legs, surrounded by walls on two sides."
371,data/images/n02281787/n02281787_1529.JPEG,butterfly,butterfly," A blue butterfly with brown spots on its wings, perched on a plant. ","A colorful butterfly with intricate patterns on its wings, gracefully perched on a delicate flower."
372,data/images/n02951358/n02951358_29817.JPEG,canoe or boat,coffee mug," A person in a red kayak on a river, surrounded by lush greenery and a wooden bridge. ",A white ceramic coffee mug with a blue and green floral pattern.
373,data/images/n04044716/n04044716_17472.JPEG,tower,camera, A large white satellite dish in a field. ,"A close-up photograph of a woman's face, with her eyes heavily lined in black makeup and eyebrows drawn on."
374,data/images/n07753592/n07753592_14206.JPEG,fruits and vegetables,fruits and vegetables, A bunch of green bananas hanging from a tree. ,"A bowl of assorted fruits and vegetables, including apples, oranges, carrots, and broccoli."
375,data/images/n03376595/n03376595_8346.JPEG,chair,train, A large number of blue seats in a stadium. ,"A train with a red and white striped roof, blue body, and yellow wheels."
376,data/images/n03982430/n03982430_27656.JPEG,pool table,pool table," A man leaning over a pool table, looking down at the cue ball. ","A round, wooden table with a white cloth and four chairs surrounding it is set in an elegant dining room."
377,data/images/n02106662/n02106662_16778.JPEG,dog,dog, Two dogs running in a park. ,A dog wearing a hat and sitting on a chair.
378,data/images/n03877472/n03877472_28953.JPEG,girl,girl, A woman in a pink pajama is playfully pinning a man to the floor while he is wearing a blue pajama. ,"A girl wearing a white dress with flowers on it, standing in front of a green background."
379,data/images/n07753592/n07753592_11911.JPEG,fruits and vegetables,flower, A street vendor selling fruit to customers. ,"A colorful flower with various petals, surrounded by a green stem and leaves."
380,data/images/n03445777/n03445777_2548.JPEG,ball,ball," A golf ball on a green, with a logo for scott health & safety. ","A close-up of a woman's face, with her eyes closed and wearing heavy makeup."
381,data/images/n03792782/n03792782_1105.JPEG,bicycle,bicycle, A group of people on bicycles in a forested area. ,"A bicycle with a red frame and white wheels, decorated with flowers and ribbons."
382,data/images/n03063599/n03063599_2735.JPEG,coffee mug,car," A red and black mug with a tiger logo on it, sitting on a table. ","A group of people gathered around a table, discussing and laughing together."
383,data/images/n03584829/n03584829_45572.JPEG,ironing machine,ironing machine, An iron on a table. ,"A detailed image of a washing machine, including its various components and features."
384,data/images/n07873807/n07873807_2421.JPEG,pizza,shoes, A variety of pizzas on display in a restaurant. ,A group of people wearing colorful shoes and standing in front of a store.
385,data/images/n04120489/n04120489_10588.JPEG,shoes,fruits and vegetables, A white and red tennis shoe with a black and yellow logo. ,"A colorful assortment of fruits and vegetables arranged on a wooden cutting board, with various sizes and shapes for an appealing display."
386,data/images/n02906734/n02906734_23744.JPEG,brush,airplane, A group of people playing a game of broomball in an indoor rink. ,A large airplane with multiple windows and a distinctive tail design.
387,data/images/n02992529/n02992529_14442.JPEG,cell phone,computer, A white star-shaped tray holds two cell phones. ,"A close-up image of a woman's face, with her eyes open and looking slightly to the left."
388,data/images/n07753592/n07753592_14206.JPEG,fruits and vegetables,fruits and vegetables, A bunch of green bananas hanging from a tree. ,"A colorful image of various fruits and vegetables, including apples, oranges, bananas, grapes, strawberries, carrots, broccoli, and peppers."
389,data/images/n11939491/n11939491_51732.JPEG,flower,flower," The image shows a close-up of a daisy with white petals and a yellow center, surrounded by other daisies in the background. ","A colorful flower with multiple petals, surrounded by a green stem and leaves."
390,data/images/n03445777/n03445777_2548.JPEG,ball,ball," A golf ball on a green, with a logo for scott health & safety. ","A group of people, including children and adults, are gathered around a table with various objects such as food, drinks, and utensils."
391,data/images/n03063599/n03063599_858.JPEG,coffee mug,coffee mug," Three coffee mugs with different colored handles and the word ""coffee matters"" on them. ","A cartoon character holding a coffee mug with the words ""This is my favorite"" written on it."
392,data/images/n03452741/n03452741_12409.JPEG,piano,ball," An old, black piano in a room. ","A large, colorful ball with multicolored stripes and a central hole is depicted in the image."
393,data/images/n03888257/n03888257_24025.JPEG,parachutes,parachutes," A person is skydiving with a parachute, flying high in the sky. ",A person wearing a parachute jumps from an airplane while holding onto the handle of their chute.
394,data/images/n03063599/n03063599_3606.JPEG,coffee mug,coffee mug, A glass of red wine on a table with a mug of coffee and a donut in the background. ,A coffee mug featuring a cartoon character with an open mouth and steam coming out of it.
395,data/images/n03376595/n03376595_11049.JPEG,chair,train," A man in mid-air performing a breakdance move, with one hand on a chair. ","A train with multiple compartments, each containing a variety of items such as books, electronics, and household goods."
396,data/images/n02690373/n02690373_4671.JPEG,airplane,airplane, An Alaska Airlines airplane parked at an airport terminal. ,"A large airplane in the sky, flying high and far away."
397,data/images/n07873807/n07873807_16625.JPEG,pizza,mushroom, A large pizza with various toppings on a metal tray on a table. ,"A large, colorful mushroom with a tall stem and multiple smaller mushrooms growing around it."
398,data/images/n13054560/n13054560_294.JPEG,mushroom,mushroom," A large yellow mushroom with a brown stem and a brown cap, surrounded by green foliage. ","A close-up of a single, white mushroom with intricate patterns and small, brown spots on its surface."
399,data/images/n02106662/n02106662_6706.JPEG,dog,dog," A German Shepherd dog with a black and tan coat, sitting on the grass. ","A cute, fluffy dog with a wagging tail and big brown eyes."
400,data/images/n02504458/n02504458_6428.JPEG,elephant,clownfish or fish," An elephant standing on a pile of logs, eating a log. ","A clownfish, also known as a fish, swims gracefully in an underwater scene."
401,data/images/n03709823/n03709823_24745.JPEG,handbag,handbag, A pink duffel bag with a white logo on it. ,"A woman wearing a white dress with long sleeves, holding a bouquet of flowers and standing in front of a building."
402,data/images/n03180011/n03180011_4854.JPEG,computer,car," A computer desk with a monitor, keyboard, mouse, and a lamp. ","A car with a unique design, featuring an elongated body and multiple doors."
403,data/images/n03709823/n03709823_12670.JPEG,handbag,gloves, A dark blue tote bag with brown leather accents and a tan strap. ,A close-up image of a pair of white surgical gloves.
404,data/images/n02992529/n02992529_39085.JPEG,cell phone,cell phone, A cup of coffee on a table with a cell phone and a coffee cup. ,A woman is holding a cell phone with an earpiece and a charging cable connected to it.
405,data/images/n03180011/n03180011_5279.JPEG,computer,computer," A man sitting at a computer desk, working on a computer. ","The image depicts a man holding a small bird, with the caption ""A moment of peace in a world of chaos."""
406,data/images/n02951358/n02951358_9376.JPEG,canoe or boat,canoe or boat, Two people walking on frozen lake with boat in background. ,A wooden canoe with a red stripe on its side.
407,data/images/n03100240/n03100240_8794.JPEG,car,cell phone, A black convertible car parked on a gravel driveway. ,"A cell phone is a small electronic device that can make and receive calls, send messages, access the internet, take photos, and perform various other functions."
408,data/images/n13054560/n13054560_13613.JPEG,mushroom,gun, A hand holding a mushroom with a brush in the background. ,"A large, ornate revolver with intricate engravings and detailed craftsmanship."
409,data/images/n07873807/n07873807_8875.JPEG,pizza,camera, A slice of pizza with mushrooms and spinach on a white plate. ,A close-up of a person's face with a red background and white text on a black square.
410,data/images/n02951358/n02951358_9376.JPEG,canoe or boat,coffee mug, Two people walking on frozen lake with boat in background. ,"A mug with the words ""coffee"" and ""cute"" written on it."
411,data/images/n03792972/n03792972_4392.JPEG,camp or camping,camp or camping, A tent pitched in a field with several RVs parked in the background. ,"This image depicts a group of people participating in various outdoor activities, such as hiking and camping."
412,data/images/n02281787/n02281787_4566.JPEG,butterfly,butterfly, Two blue butterflies on a green leaf. ,"A colorful butterfly with intricate patterns and vibrant colors, gracefully perched on a leaf."
413,data/images/n03584829/n03584829_13149.JPEG,ironing machine,ironing machine," Two women standing on the street, one holding an iron and the other holding a shirt, both looking at the iron. ",A woman wearing a white blouse is ironing with the help of an electric steam iron.
414,data/images/n04044716/n04044716_860.JPEG,tower,tower, A large satellite dish in a desert setting. ,"A tall, slender tower made of interlocking wooden blocks."
415,data/images/n03376595/n03376595_108.JPEG,chair,chair, A wooden folding chair with a slatted backrest. ,"A wooden chair with a curved back and four legs, suitable for sitting."
416,data/images/n02906734/n02906734_39817.JPEG,brush,clownfish or fish, A green and yellow hair brush with bristles. ,"A clownfish, also known as a fish, is an orange and white-colored marine animal with a unique appearance."
417,data/images/n02951358/n02951358_7348.JPEG,canoe or boat,cell phone, A painting of a man and his dog in a canoe on a lake at sunset. ,A close-up of a person's hand holding an iPhone with the camera facing down towards the device.
418,data/images/n03197337/n03197337_1045.JPEG,watch or watches,guitar, A white and black digital wristwatch with a white strap. ,"A guitar with a red, white, and blue design on its body."
419,data/images/n03877472/n03877472_23771.JPEG,girl,girl," Three women in pajamas sitting on a couch, smiling and posing for the camera. ","A group of people, including a man and woman in traditional clothing, stand on a wooden platform with a red background."
420,data/images/n03063599/n03063599_3890.JPEG,coffee mug,coffee mug, A hand holding a mug with a blue background and a handprint design. ,"A white mug with a cartoon character of Mickey Mouse on it, holding a steaming cup of coffee."
421,data/images/n03775071/n03775071_10573.JPEG,gloves,gloves, A purple knitted glove with a white stripe on the palm. ,A pair of white gloves with a red and blue striped pattern on the back.
422,data/images/n03180011/n03180011_5279.JPEG,computer,guitar," A man sitting at a computer desk, working on a computer. ",A young girl wearing a pink dress and holding a small guitar.
423,data/images/n04120489/n04120489_3979.JPEG,shoes,pizza," The image shows a close-up of a Nike running shoe with the word ""RUNNING"" visible on the side. ","A colorful, round pizza with a variety of toppings and cheese on top."
424,data/images/n02504458/n02504458_3816.JPEG,elephant,monkey, A large elephant standing in a grassy field. ,"A monkey sitting on a branch, surrounded by lush green leaves and flowers."
425,data/images/n02389026/n02389026_6377.JPEG,horse,horse, Two brown horses with long tails standing in a barn stall. ,"A white horse with a black mane and tail, standing in a field of green grass."
426,data/images/n03197337/n03197337_4120.JPEG,watch or watches,train, A silver wristwatch with a digital display and a black strap. ,"A train with multiple cars and a locomotive, passing through a forested area."
427,data/images/n13054560/n13054560_9747.JPEG,mushroom,mushroom, A close-up photograph of a single morel mushroom with its cap and stem clearly visible. ,"A large, multi-colored mushroom with a wavy pattern and intricate details."
428,data/images/n07753592/n07753592_3018.JPEG,fruits and vegetables,fruits and vegetables, A bunch of bananas growing on a tree. ,"A colorful assortment of fruits and vegetables arranged on a wooden cutting board, including ripe red apples, juicy green grapes, plump purple figs, vibrant yellow lemons, sweet cherries, plump blackberries, crisp green pears, luscious strawberries, succulent blueberries, crunchy celery stalks, tender leafy kale, fresh red bell peppers, and firm white onions."
429,data/images/n03888257/n03888257_24025.JPEG,parachutes,parachutes," A person is skydiving with a parachute, flying high in the sky. ","A group of people wearing parachutes are standing on a hill, with the sky and clouds in the background."
430,data/images/n03709823/n03709823_7681.JPEG,handbag,ironing machine, A black leather handbag with a cartoon character on it. ,"A vintage-style ironing board with a floral pattern, accompanied by an antique-looking iron and a stack of crisp white linens."
431,data/images/n03063599/n03063599_691.JPEG,coffee mug,car, A blue mug with a white logo on it. ,"A small, rectangular box with rounded corners and a flat top surface."
432,data/images/n02504458/n02504458_480.JPEG,elephant,elephant, An elephant standing in a zoo enclosure. ,"A large, grey elephant standing on two legs with a long trunk and small ears."
433,data/images/n03376595/n03376595_3835.JPEG,chair,chair," Two wooden lounge chairs with slats, one leaning against the other. ","A wooden, high-backed chair with a plush cushion and armrests."
434,data/images/n03180011/n03180011_16171.JPEG,computer,car, A silver desktop computer with keyboard and mouse on a white background. ,"This image depicts a large, rectangular object with rounded corners and a flat top surface."
435,data/images/n02690373/n02690373_3492.JPEG,airplane,clownfish or fish, A blue and white airplane on the runway. ,"A colorful, lively fish with a unique pattern of spots and stripes on its body."
436,data/images/n03877472/n03877472_4073.JPEG,girl,gloves," A young child in pajamas with cupcake pattern, looking out a window. ","A close-up of a pair of white, latex gloves with black stitching and textured fingertips."
437,data/images/n07753592/n07753592_5699.JPEG,fruits and vegetables,pizza, A ripe yellow banana with a brown spot on the end. ,"A colorful, round pizza with a variety of toppings and cheese on top, resting on a wooden cutting board or plate."
438,data/images/n03709823/n03709823_595.JPEG,handbag,ironing machine, A gray and white cat peeking out of a brown paper bag. ,"A large, industrial-style machine with multiple rotating drums and spouts for processing materials."
439,data/images/n03982430/n03982430_20021.JPEG,pool table,pool table, A pool table with multiple balls in motion. ,"A large, round wooden table with a glass top and metal legs in an elegant dining room."
440,data/images/n02690373/n02690373_398.JPEG,airplane,clownfish or fish, American airlines passenger jet in flight. ,"A clownfish, also known as a ""clownfish,"" is a vibrant orange and white fish with distinctive black stripes on its fins."
441,data/images/n03197337/n03197337_526.JPEG,watch or watches,watch or watches," A person's hand wearing a watch with a digital display and a compass, holding a map. ","A gold watch with a black leather strap, displaying Roman numerals and a white dial."
442,data/images/n03180011/n03180011_9576.JPEG,computer,computer, A silver desktop computer with a monitor in the background. ,"The image depicts a close-up view of an intricate, hand-crafted wooden sculpture featuring various geometric shapes and patterns.

Step 1: Identify the main subject or elements in the image
In this case, there are several key components to consider - namely, the intricately designed wooden sculpture with its unique shapes and patterns.

Step 2: Determine the overall style or theme of the image
Based on the details provided by the user, it is evident that the focus of the"
443,data/images/n03452741/n03452741_2540.JPEG,piano,piano," A man is sitting at a grand piano, playing music. ","A person sitting at a piano, playing the keys with their fingers."
444,data/images/n11939491/n11939491_48574.JPEG,flower,gun," The image shows a close-up of a group of white daisies with yellow centers, set against a blurred background. ","A woman in a white dress and a man in a suit are standing next to each other, holding hands and smiling at the camera."
445,data/images/n03792972/n03792972_17744.JPEG,camp or camping,bicycle," A man stands in a field with a tent, mountains, and a camera, looking out at the landscape. ",A bicycle with a basket and a bell attached to it.
446,data/images/n02690373/n02690373_5870.JPEG,airplane,airplane, A large white airplane with blue and red accents parked on a runway. ,"A large, fast-moving aircraft with wings and a fuselage."
447,data/images/n03773504/n03773504_6291.JPEG,rocket,gloves, A large nuclear missile inside a missile silo. ,"A pair of white boxing gloves with red and blue stripes, hanging from a metal hook on the wall."
448,data/images/n03376595/n03376595_3835.JPEG,chair,cell phone," Two wooden lounge chairs with slats, one leaning against the other. ","A black rectangular object with a touchscreen display and cellular capabilities, used for making calls, sending texts, accessing the internet, and running various applications."
449,data/images/n02906734/n02906734_21984.JPEG,brush,airplane, A young boy holding a broom with straw. ,A large airplane with multiple wings and engines in the air.
450,data/images/n04044716/n04044716_12999.JPEG,tower,tower, A large metal satellite dish in a field. ,"A tall tower made of many layers of fabric, with the purpose of providing a space for people to gather and socialize."
451,data/images/n03180011/n03180011_7359.JPEG,computer,computer," A computer monitor displaying a webpage with a cartoon girl, sitting on a desk with a keyboard and mouse. ","A close-up image of a woman's face, with her eyes closed and wearing glasses."
452,data/images/n03590841/n03590841_10934.JPEG,pumpkin,handbag," A carved pumpkin with a scary face sits on a porch, illuminated by red lights. ",A close-up of a colorful hand bag with various patterns and textures visible on the surface.
453,data/images/n13054560/n13054560_4449.JPEG,mushroom,shoes, A mushroom growing in the wilderness. ,"A cartoon character with a red nose and curly hair, wearing glasses and holding a microphone."
454,data/images/n04044716/n04044716_555.JPEG,tower,tower, A cherry picker is lifting a worker to repair a satellite dish. ,"The image depicts a large, colorful tower made of various household items such as cups, plates, and bowls stacked on top of each other in an organized yet precarious manner."
455,data/images/n13054560/n13054560_294.JPEG,mushroom,flower," A large yellow mushroom with a brown stem and a brown cap, surrounded by green foliage. ","A colorful, intricate flower illustration with swirling petals and a vibrant gradient background."
456,data/images/n02504458/n02504458_481.JPEG,elephant,watch or watches, Two elephants standing in the mud. ,"A watch with a circular, silver-colored metal case and black leather strap."
457,data/images/n03775071/n03775071_7792.JPEG,gloves,gloves, A pair of gray knitted gloves. ,A pair of white gloves with red stripes and a small tag attached to the wrist.
458,data/images/n03180011/n03180011_10086.JPEG,computer,watch or watches," A man sitting at a desk in a room with two computers, a monitor, and a keyboard. ","A man wearing a white shirt and blue jeans, standing in front of a wooden fence with a small dog at his feet."
459,data/images/n03272562/n03272562_9027.JPEG,train,train, A vintage train on tracks with passengers visible through the windows. ,"A train with multiple carriages and a steam engine, symbolizing the industrial revolution."
460,data/images/n02690373/n02690373_736.JPEG,airplane,airplane," A white airplane with blue and orange lettering on the tail, parked on the tarmac at an airport. ","A group of people wearing life vests and holding hands, standing on a sandy beach with clear blue water in the background."
461,data/images/n02906734/n02906734_20509.JPEG,brush,airplane, Two people shoveling snow on an ice rink. ,"A small, fast-moving aircraft with wings and propellers for controlling its direction in the air."
462,data/images/n03180011/n03180011_4854.JPEG,computer,computer," A computer desk with a monitor, keyboard, mouse, and a lamp. ","The image depicts a man in a white lab coat, standing at a computer desk with his hands raised and surrounded by various electronic devices."
463,data/images/n02124075/n02124075_57.JPEG,cat,cat, A small kitten with yellow eyes and a spotted coat is sitting on a carpeted floor. ,"A sleek, black cat with a white chest and paws sits on a wooden floor, its green eyes reflecting the light."
464,data/images/n03180011/n03180011_20934.JPEG,computer,car, A desktop computer with a monitor displaying a webpage. ,"A car with four wheels and a roof, powered by an internal combustion engine."
465,data/images/n02504458/n02504458_4234.JPEG,elephant,elephant," A close-up of an elephant's face, showcasing its large, wrinkled skin and long, curved tusks. ","A large, gray elephant with a long trunk and small ears stands on all fours."
466,data/images/n07873807/n07873807_16625.JPEG,pizza,mushroom, A large pizza with various toppings on a metal tray on a table. ,"A large, multi-colored mushroom with a wavy pattern."
467,data/images/n02124075/n02124075_7825.JPEG,cat,cat, Two cats lying on a bed with a leopard print blanket. ,"A close-up of a colorful, abstract painting with swirling patterns and bright hues."
468,data/images/n03773504/n03773504_17692.JPEG,rocket,gloves," The image shows a missile with the word ""USA"" on it, standing in front of an American flag. ","A pair of white, high-cut boxing gloves with red and blue stripes on the wrist straps."
469,data/images/n04086273/n04086273_26142.JPEG,gun,gun," This is an image of a vintage firearm, specifically a revolver, with a wooden grip and a metal barrel. The firearm is displayed against a wooden background. ",A cartoon image of a hand holding a gun with a smiley face on the trigger.
470,data/images/n03775071/n03775071_7792.JPEG,gloves,rocket, A pair of gray knitted gloves. ,"A rocket taking off in the distance, with a cityscape and mountains visible in the background."
471,data/images/n11939491/n11939491_10024.JPEG,flower,flower, A black and white photograph of a single daisy with a white center and a dark brown center. ,"A colorful flower with intricate details, surrounded by a serene environment."
472,data/images/n03180011/n03180011_5834.JPEG,computer,guitar," A desktop computer with a monitor, keyboard, and mouse on a white background. ","A guitar with a wooden body and strings, typically played with fingers or a pick."
473,data/images/n03709823/n03709823_16780.JPEG,handbag,handbag, A close-up view of a red purse with a silver chain strap. ,"A colorful, intricate handbag with a unique design and eye-catching patterns."
474,data/images/n03063599/n03063599_552.JPEG,coffee mug,coffee mug," A small terracotta pot with the word ""shape"" written on it. ","A coffee mug is a cylindrical container with a handle, typically made of ceramic or plastic and used for holding and drinking hot beverages like coffee or tea."
475,data/images/n13054560/n13054560_11059.JPEG,mushroom,flower, A mushroom growing out of a tree stump. ,"A colorful bouquet of flowers, with various petals and stems in vibrant shades."
476,data/images/n03272010/n03272010_6219.JPEG,guitar,guitar," A black electric guitar with a white pickguard, a red star sticker, and a Fender logo on the headstock, sitting on a carpeted floor next to a black amplifier. ","A vintage, wooden guitar with intricate detailing on the body and neck."
477,data/images/n03063599/n03063599_3714.JPEG,coffee mug,coffee mug, Two blue mugs with handles on a table. ,A ceramic coffee mug with a cartoon character design on the front.
478,data/images/n02690373/n02690373_4671.JPEG,airplane,clownfish or fish, An Alaska Airlines airplane parked at an airport terminal. ,"A clownfish with orange and white stripes on its body, swimming in an aqua-colored background."
479,data/images/n02906734/n02906734_21984.JPEG,brush,brush, A young boy holding a broom with straw. ,A brush with bristles on a handle.
480,data/images/n04086273/n04086273_12999.JPEG,gun,tower," A vintage rifle with a wooden case, placed on a wooden table. ","A tall, slender tower made of metal and wood with a spiral staircase leading to the top."
481,data/images/n03982430/n03982430_20021.JPEG,pool table,tower, A pool table with multiple balls in motion. ,"A large, cylindrical structure with multiple smaller towers around it."
482,data/images/n07753592/n07753592_11911.JPEG,fruits and vegetables,shoes, A street vendor selling fruit to customers. ,A pair of black leather shoes with a pointed toe and low-cut vamp.
483,data/images/n03063599/n03063599_4086.JPEG,coffee mug,coffee mug," The image shows two rings, one purple and one yellow, against a white background. ","A coffee mug with a handle and a white interior, decorated with the words ""You are a helpful assistant"" in black letters."
484,data/images/n03180011/n03180011_4255.JPEG,computer,guitar," The image shows a desktop computer with a monitor, keyboard, and mouse, along with a water cooler system. ","A vintage, sun-kissed guitar with intricate details and a warm, inviting tone."
485,data/images/n04120489/n04120489_14875.JPEG,shoes,fruits and vegetables, A close-up view of a sports shoe with a blue and white color scheme. ,"A bowl of assorted fruits and vegetables, including apples, oranges, carrots, broccoli, and cauliflower."
486,data/images/n03982430/n03982430_17180.JPEG,pool table,camera, A pool table with a cue ball on it. ,"A close-up of a woman's face with long, curly hair and big eyes."
487,data/images/n03773504/n03773504_14109.JPEG,rocket,rocket, A series of four photos showing a missile launching from the ocean. ,"A rocket with a large, glowing exhaust trail is soaring through the night sky."
488,data/images/n03197337/n03197337_1045.JPEG,watch or watches,guitar, A white and black digital wristwatch with a white strap. ,"A black electric guitar with a glossy finish and silver hardware, leaning against a red background."
489,data/images/n02607072/n02607072_3433.JPEG,clownfish or fish,clownfish or fish, A vibrant underwater scene with a variety of colorful fish and coral. ,"A clownfish with a white belly and orange-reddish stripes on its body, swimming in an underwater coral reef."
490,data/images/n03063599/n03063599_1320.JPEG,coffee mug,coffee mug, A red espresso machine with a pressure gauge and a black handle. ,"A cartoon cat holding a coffee mug with the words ""Meowy Merry Christmas"" written on it."
491,data/images/n02504458/n02504458_6428.JPEG,elephant,panda or pandas," An elephant standing on a pile of logs, eating a log. ","A panda is a large, fluffy bear with black patches around its eyes and a white face."
492,data/images/n02690373/n02690373_9676.JPEG,airplane,airplane, A large yellow and white airplane flying in the sky above an airport. ,"A small airplane with a red and white striped tail, flying over a cityscape."
493,data/images/n02124075/n02124075_14886.JPEG,cat,cat, A cat with yellow eyes and a white nose. ,A cat sits on a blue blanket with white and orange stripes.
494,data/images/n03376595/n03376595_10737.JPEG,chair,chair, A folding chair in a grassy field. ,"A wooden chair with a high back and upholstered seat, designed for comfort and support during long periods of sitting."
495,data/images/n03775071/n03775071_44.JPEG,gloves,gloves, A person wearing a colorful knitted glove and holding a tree. ,"A pair of white, long-sleeved gloves with black stripes and a red heart pattern on the back."
496,data/images/n03445777/n03445777_2548.JPEG,ball,ball," A golf ball on a green, with a logo for scott health & safety. ","A large, spherical object with a flat surface on top and multiple small bumps or ridges around its outer edge."
497,data/images/n03272010/n03272010_1242.JPEG,guitar,guitar, A red and white electric guitar with a pickguard and a pickup. ,"A vintage, sunburst-finish acoustic guitar with a natural wood finish and intricate inlays on the fretboard."
498,data/images/n03709823/n03709823_7134.JPEG,handbag,handbag," A dirty, beige canvas bag with a white label on it. ","A hand-held bag with a unique and eye-catching design, featuring various elements such as stars, stripes, and geometric shapes."
499,data/images/n03197337/n03197337_526.JPEG,watch or watches,computer," A person's hand wearing a watch with a digital display and a compass, holding a map. ","A vintage computer with a unique, retro design featuring an array of buttons and switches on its front panel."
500,data/images/n03584829/n03584829_37429.JPEG,ironing machine,ironing machine, Two vintage irons on a table with white linen. ,"A woman wearing a white lab coat and glasses is operating a large, industrial-sized washing machine."
501,data/images/n04120489/n04120489_6812.JPEG,shoes,fruits and vegetables, A black and white shoe on a brick patio. ,"A colorful arrangement of fruits and vegetables, including apples, oranges, carrots, and peppers, displayed on a wooden cutting board."
502,data/images/n04086273/n04086273_8280.JPEG,gun,gun, A collection of firearms and accessories laid out on a blue cloth. ,"The image depicts a man holding a gun with a red background, symbolizing the danger and intensity of the situation."
503,data/images/n02492035/n02492035_16869.JPEG,monkey,elephant, A monkey is sitting on a palm tree branch. ,"A large, gray elephant with a long trunk and floppy ears stands in a grassy field."
504,data/images/n03982430/n03982430_17180.JPEG,pool table,handbag, A pool table with a cue ball on it. ,"A small, rectangular handbag with a single handle and no visible compartments or pockets."
505,data/images/n03297495/n03297495_2852.JPEG,coffee maker,chair," This is an image of a black coffee maker with a digital display and buttons, placed on a white background. ","A wooden, ergonomic chair with a high backrest and armrests."
506,data/images/n03775071/n03775071_9475.JPEG,gloves,gloves, Two gray knitted gloves with frayed cuffs and a black logo on the back of each. ,"A cartoon character wearing a pair of colorful gloves, with each finger having its own unique design and pattern."
507,data/images/n02492035/n02492035_24294.JPEG,monkey,monkey," Two monkeys in a tree enclosure, one grooming the other. ","A monkey, sitting on a branch with its legs dangling down."
508,data/images/n03063599/n03063599_3714.JPEG,coffee mug,cell phone, Two blue mugs with handles on a table. ,"A person is holding a small, rectangular object with rounded edges and a screen on the front."
509,data/images/n03709823/n03709823_24745.JPEG,handbag,handbag, A pink duffel bag with a white logo on it. ,"A woman is holding a handbag with various items inside, including keys, cash, and a phone."
510,data/images/n03888257/n03888257_39021.JPEG,parachutes,tower, A person is skydiving with an American flag attached to their ankles. ,"A tall, slender tower made of metal and wood with a spiral staircase leading to the top."
511,data/images/n03063599/n03063599_748.JPEG,coffee mug,canoe or boat, A white coffee mug with a black logo on a white table. ,"A small, rectangular wooden boat with a curved front and back rests on its side next to a tree trunk."
512,data/images/n03376595/n03376595_852.JPEG,chair,train, A colorful folding chair with a checkered pattern. ,"A large, ornate clock with intricate carvings and detailed engravings."
513,data/images/n04044716/n04044716_14882.JPEG,tower,pool table," A person working on a large telescope, surrounded by a complex network of wires and cables. ","A round, white pool table with a blue and yellow striped pattern is displayed in the center of the image."
514,data/images/n02906734/n02906734_6542.JPEG,brush,airplane, A collection of four brooms with different colored bristles. ,A small airplane flying in the sky.
515,data/images/n03590841/n03590841_6382.JPEG,pumpkin,handbag," A carved pumpkin with a jack-o-lantern face sits on a table, surrounded by Halloween decorations. ","A small, colorful handbag with a unique design and intricate details."
516,data/images/n03877472/n03877472_23771.JPEG,girl,handbag," Three women in pajamas sitting on a couch, smiling and posing for the camera. ","A colorful handbag with intricate patterns and designs, perfect for adding a pop of style to any outfit."
517,data/images/n03792972/n03792972_4392.JPEG,camp or camping,bicycle, A tent pitched in a field with several RVs parked in the background. ,A bicycle with a basket on the front handlebars.
518,data/images/n03982430/n03982430_17180.JPEG,pool table,pool table, A pool table with a cue ball on it. ,"A large, round pool table with a dark wood surface and metal legs, surrounded by several chairs and couches in various shades of blue."
519,data/images/n11939491/n11939491_59345.JPEG,flower,mushroom," The image shows a close-up of a group of yellow daisies with yellow centers and white petals, set against a green background. ","A large, multi-colored mushroom with a wavy pattern and bright colors."
520,data/images/n02951358/n02951358_29817.JPEG,canoe or boat,canoe or boat," A person in a red kayak on a river, surrounded by lush greenery and a wooden bridge. ","A canoe is a small boat with a curved bottom and ends, often used for leisurely paddling on calm waters."
521,data/images/n03452741/n03452741_24828.JPEG,piano,piano, A grand piano in a room with a portrait on the wall. ,"A small, white piano with a black and white keyboard."
522,data/images/n04069434/n04069434_9580.JPEG,camera,camera, A vintage camera with a lens on a wooden table. ,A close-up image of a camera lens with intricate details visible.
523,data/images/n03775071/n03775071_7792.JPEG,gloves,handbag, A pair of gray knitted gloves. ,"A colorful, patterned handbag with a unique design featuring an abstract pattern and vibrant colors."
524,data/images/n02106662/n02106662_49005.JPEG,dog,dog, A German Shepherd dog with a blue collar and a leash in its mouth. ,"A fluffy white dog with brown eyes and a wagging tail, sitting on a plush green rug."
525,data/images/n07873807/n07873807_7685.JPEG,pizza,pizza," A large pizza with cheese, basil, and tomato sauce on a plate. ","A round, cheesy pizza with a variety of toppings on top."
526,data/images/n02992529/n02992529_39085.JPEG,cell phone,chair, A cup of coffee on a table with a cell phone and a coffee cup. ,A wooden chair with a simple design and no visible decorations.
527,data/images/n03445777/n03445777_2493.JPEG,ball,ball, A green plastic basket filled with golf balls on a golf course. ,"A young woman in a white dress stands on a hilltop, gazing at the sunset with her arms raised."
528,data/images/n11939491/n11939491_48574.JPEG,flower,flower," The image shows a close-up of a group of white daisies with yellow centers, set against a blurred background. ","A colorful, intricate flower with delicate petals and a unique shape."
529,data/images/n03877472/n03877472_23771.JPEG,girl,girl," Three women in pajamas sitting on a couch, smiling and posing for the camera. ","A girl wearing a white shirt, blue jeans, and black sneakers with socks, standing in front of a brick wall."
530,data/images/n03197337/n03197337_16730.JPEG,watch or watches,watch or watches," A black and white wristwatch with a digital display, sitting on a brown box. ","A timepiece consisting of a watch or watches, typically worn on the wrist and used to keep track of hours."
531,data/images/n11939491/n11939491_16390.JPEG,flower,gun," The image features a single white daisy with a yellow center, surrounded by green foliage. ",A person holding a bouquet of flowers with a cityscape in the background.
532,data/images/n03376595/n03376595_10737.JPEG,chair,guitar, A folding chair in a grassy field. ,A black electric guitar with a white pickguard and silver hardware.
533,data/images/n02690373/n02690373_7499.JPEG,airplane,coffee mug, An airplane on the runway at an airport. ,"A sturdy, white coffee mug with a simple black and white design of two overlapping circles."
534,data/images/n03775071/n03775071_3297.JPEG,gloves,handbag," A pair of handmade, knitted gloves with a mix of brown, orange, and black yarn. ","A cartoon character holding a bag with the caption ""I'm just a helpful assistant."""
535,data/images/n03452741/n03452741_24828.JPEG,piano,ball, A grand piano in a room with a portrait on the wall. ,"A large, colorful ball with a shiny surface and bumpy texture."
536,data/images/n03376595/n03376595_10579.JPEG,chair,chair, A wooden lawn chair with slats and armrests. ,"A wooden, upholstered chair with a curved back and four legs."
537,data/images/n03792972/n03792972_17744.JPEG,camp or camping,girl," A man stands in a field with a tent, mountains, and a camera, looking out at the landscape. ",A girl is sitting on a colorful rug with her legs crossed and holding a book in one hand.
538,data/images/n02389026/n02389026_3269.JPEG,horse,horse, A brown horse with a white stripe down its face and a white spot on its forehead. ,"A large, muscular horse with flowing mane and tail stands proudly in a field of tall grass."
539,data/images/n03063599/n03063599_3890.JPEG,coffee mug,coffee mug, A hand holding a mug with a blue background and a handprint design. ,A cartoon cat wearing a chef's hat and holding a coffee mug with steam coming out of it.
540,data/images/n04069434/n04069434_10318.JPEG,camera,gun, A black Canon camera with a strap on a table. ,"A cartoon cat with a speech bubble saying ""Meow"" is sitting on top of a stack of books."
541,data/images/n03063599/n03063599_1320.JPEG,coffee mug,panda or pandas, A red espresso machine with a pressure gauge and a black handle. ,"A panda bear sitting on a tree branch, looking adorable and fluffy."
542,data/images/n03590841/n03590841_6462.JPEG,pumpkin,rocket," A carved pumpkin with a glowing face and teeth, sitting on a table. ","A rocket with a sleek, futuristic design and multiple engines in various stages of flight readiness."
543,data/images/n02607072/n02607072_304.JPEG,clownfish or fish,clownfish or fish, Two clownfish swimming among the tentacles of an anemone. ,"A clownfish is a small, colorful fish with orange and white stripes that lives in the ocean."
544,data/images/n03180011/n03180011_4664.JPEG,computer,cell phone," A computer desk with a monitor, keyboard, mouse, and speakers. ","A cell phone is a small electronic device that allows users to make and receive calls, send text messages, access the internet, and perform various other functions."
545,data/images/n02504458/n02504458_6155.JPEG,elephant,elephant, An elephant walking in a grassy area. ,"A large gray animal with a long trunk, standing in a lush green forest."
546,data/images/n13054560/n13054560_11059.JPEG,mushroom,mushroom, A mushroom growing out of a tree stump. ,"A colorful, spotted mushroom with a curved stem and small cap."
547,data/images/n02492035/n02492035_16430.JPEG,monkey,monkey, A white and black monkey with sad eyes is behind a metal cage. ,"A monkey sitting on a branch, with its arms crossed and a thoughtful expression."
548,data/images/n02389026/n02389026_24702.JPEG,horse,horse," A close-up of a horse's face, showing its brown coat, large brown eyes, and a white spot on its forehead. ","A majestic horse stands proudly with its head held high, surrounded by a lush green field."
549,data/images/n03272562/n03272562_8639.JPEG,train,brush, A blue and yellow train engine on the tracks with a yellow train car behind it. ,A person brushing their teeth in the mirror.
550,data/images/n04069434/n04069434_7064.JPEG,camera,gun, A black Minolta camera with a zoom lens. ,A blue and white striped shirt on a hanger next to a pair of jeans.
551,data/images/n03063599/n03063599_3606.JPEG,coffee mug,clownfish or fish, A glass of red wine on a table with a mug of coffee and a donut in the background. ,"A clownfish, also known as a ""nemo fish,"" with vibrant orange and white stripes swimming in an underwater coral reef."
552,data/images/n03792782/n03792782_51723.JPEG,bicycle,girl," A man riding a bicycle on a steep, narrow path. ","A close-up of a girl's face with long, curly hair and big eyes."
553,data/images/n07753592/n07753592_1198.JPEG,fruits and vegetables,fruits and vegetables," A still life of fruit, including an apple, bananas, and a rose, arranged on a reflective surface. ","A bowl of assorted fruits and vegetables, including apples, oranges, carrots, broccoli, and peppers."
554,data/images/n02690373/n02690373_7499.JPEG,airplane,horse, An airplane on the runway at an airport. ,"A horse with a long, flowing mane and tail stands in a field of tall grass."
555,data/images/n07873807/n07873807_3896.JPEG,pizza,flower," A pizza with cheese, olives, and basil on a wooden cutting board. ","A colorful bouquet of flowers, surrounded by a variety of vibrant petals and lush greenery."
556,data/images/n03445777/n03445777_6397.JPEG,ball,ball," A white golf ball with a black logo on it, sitting on a grassy surface. ","A white cat with blue eyes and a pink collar sits on a wooden floor, surrounded by colorful toys."
557,data/images/n03180011/n03180011_20934.JPEG,computer,guitar, A desktop computer with a monitor displaying a webpage. ,"This image depicts a person playing the guitar, with various objects and musical elements surrounding them."
558,data/images/n03982430/n03982430_20021.JPEG,pool table,camera, A pool table with multiple balls in motion. ,"A close-up of a person's face, with thick eyebrows and small eyes."
559,data/images/n03272010/n03272010_11611.JPEG,guitar,watch or watches, A man playing a guitar at sunset. ,"A watch with a round face and black hands, on a brown leather strap."
560,data/images/n03773504/n03773504_6291.JPEG,rocket,handbag, A large nuclear missile inside a missile silo. ,"A colorful, intricately patterned handbag with golden hardware and a distinctive shape."
561,data/images/n02492035/n02492035_24294.JPEG,monkey,butterfly," Two monkeys in a tree enclosure, one grooming the other. ","A colorful butterfly with intricate wing patterns sits on a leaf, surrounded by vibrant flowers."
562,data/images/n11939491/n11939491_7263.JPEG,flower,flower, A white daisy with yellow center in the center of a large green leaf. ,"A colorful, intricate flower made of intertwined ribbons and fabric."
563,data/images/n03877472/n03877472_28953.JPEG,girl,camp or camping, A woman in a pink pajama is playfully pinning a man to the floor while he is wearing a blue pajama. ,"A campsite with a fire pit, picnic tables, and tents in the background."
564,data/images/n03792972/n03792972_2062.JPEG,camp or camping,girl, A tent set up in a wooded area. ,"The image depicts a girl wearing a colorful, patterned dress with a floral design and a white blouse underneath. She has long, wavy hair that falls past her shoulders and is styled in soft curls."
565,data/images/n03888257/n03888257_24025.JPEG,parachutes,tower," A person is skydiving with a parachute, flying high in the sky. ","A tall, thin tower made of wooden barrels stacked on top of each other."
566,data/images/n03376595/n03376595_108.JPEG,chair,watch or watches, A wooden folding chair with a slatted backrest. ,"A watch with a round face and black leather band, on top of which is placed an additional smaller watch."
567,data/images/n02504458/n02504458_4234.JPEG,elephant,monkey," A close-up of an elephant's face, showcasing its large, wrinkled skin and long, curved tusks. ","A monkey sitting on a branch, holding an apple in its hand."
568,data/images/n13054560/n13054560_7616.JPEG,mushroom,pizza, A mushroom growing in the woods. ,A pizza with a red and green pepper on top.
569,data/images/n03888257/n03888257_39168.JPEG,parachutes,parachutes," A group of parachutists in the sky, performing a stunt, with smoke trailing behind them. ","A person wearing a parachute jumps from an airplane while holding onto a large, inflatable ball."
570,data/images/n02389026/n02389026_2013.JPEG,horse,horse, A brown horse standing in a field. ,"A majestic horse with flowing mane and elegant tail, standing proudly in a lush green field."
571,data/images/n02951358/n02951358_2037.JPEG,canoe or boat,car, A woman in a canoe on a lake with trees in the background. ,"A car with a sleek, modern design and tinted windows."
572,data/images/n03100240/n03100240_1391.JPEG,car,car, An orange convertible sports car on display at a car show. ,A car with four wheels and a roof.
573,data/images/n03709823/n03709823_7681.JPEG,handbag,bicycle, A black leather handbag with a cartoon character on it. ,A man is riding a bicycle with his dog in the front basket.
574,data/images/n02992529/n02992529_14442.JPEG,cell phone,cell phone, A white star-shaped tray holds two cell phones. ,"A man is holding a small, rectangular object with rounded corners and a screen on the front."
575,data/images/n02124075/n02124075_10525.JPEG,cat,butterfly," A gray and white cat is laying on its back, with its paws in the air, on a chair. ","This image depicts a butterfly in flight, with its wings spread wide and its body arched back as if to take off."
576,data/images/n03452741/n03452741_24828.JPEG,piano,piano, A grand piano in a room with a portrait on the wall. ,"A black and white photograph of a piano with intricate details visible on the keys, pedals, and legs."
577,data/images/n02690373/n02690373_2109.JPEG,airplane,clownfish or fish, A white airplane flying over a body of water with a city in the background. ,"A clownfish, also known as a fish with colorful and expressive features."
578,data/images/n02906734/n02906734_17960.JPEG,brush,elephant, A broom leaning against a doorway in a building. ,"A large, grey elephant with a long trunk and four legs stands in a grassy field."
579,data/images/n03272562/n03272562_4071.JPEG,train,guitar," An old train car sits on the tracks, waiting for its next journey. ",A guitar with a red body and black detailing.
580,data/images/n03584829/n03584829_36033.JPEG,ironing machine,ironing machine, An iron on a table. ,"A person is using a large, heavy-duty ironing machine to press and smooth out clothing items on a flat surface."
581,data/images/n04120489/n04120489_3979.JPEG,shoes,shoes," The image shows a close-up of a Nike running shoe with the word ""RUNNING"" visible on the side. ",A pair of brown leather shoes with a white sole and laces.
582,data/images/n03590841/n03590841_1053.JPEG,pumpkin,handbag," A carved pumpkin with a face and a smaller carved pumpkin with a face, both sitting on a table with leaves around them. ","A handbag with a gold chain and black leather straps, decorated with colorful beads and feathers."
583,data/images/n03773504/n03773504_17692.JPEG,rocket,bicycle," The image shows a missile with the word ""USA"" on it, standing in front of an American flag. ","A bicycle is a vehicle with two wheels that are connected to a frame, allowing for human-powered transportation."
584,data/images/n03445777/n03445777_2493.JPEG,ball,ironing machine, A green plastic basket filled with golf balls on a golf course. ,A woman wearing a red dress is standing in front of an ironing machine.
585,data/images/n03272010/n03272010_11611.JPEG,guitar,guitar, A man playing a guitar at sunset. ,"A guitar with a red body, black and white pickguard, and silver tuning keys."
586,data/images/n03584829/n03584829_13555.JPEG,ironing machine,gloves, A collection of various household appliance parts and components. ,A close-up of a pair of white gloves with black stripes and red stitching.
587,data/images/n07873807/n07873807_18033.JPEG,pizza,pizza," Two pizzas on a baking sheet, one with cheese and olives, the other with cheese, olives, and sausage. ",A slice of pizza with a red and green pepper on top.
588,data/images/n02106662/n02106662_49005.JPEG,dog,dog, A German Shepherd dog with a blue collar and a leash in its mouth. ,A dog standing on a wooden platform with a rope tied around its neck.
589,data/images/n03452741/n03452741_16744.JPEG,piano,piano, A man is playing a piano in a restaurant with a mcdonald's sign in the background. ,A black and white photograph of a grand piano with intricate designs on the keys.
590,data/images/n04044716/n04044716_9463.JPEG,tower,camera, A large white satellite dish. ,A close-up image of a person's face with intricate facial hair and makeup.
591,data/images/n04069434/n04069434_10318.JPEG,camera,pool table, A black Canon camera with a strap on a table. ,"A pool table with four pockets, surrounded by a room."
592,data/images/n03063599/n03063599_2735.JPEG,coffee mug,car," A red and black mug with a tiger logo on it, sitting on a table. ","A large, complex image of a room filled with various objects and furniture."
593,data/images/n03982430/n03982430_20620.JPEG,pool table,pool table," A man is playing pool, leaning over the table, and aiming at a red ball with a cue stick. ","A large, rectangular pool table with a blue and white checkered pattern surrounded by wooden benches and various cues for playing billiards."
594,data/images/n03773504/n03773504_21104.JPEG,rocket,rocket," A large rocket with the name ""mace"" on it, flying through a cloudy sky. ","A rocket with a large, curved body and four small fins on its tail."
595,data/images/n03877472/n03877472_3847.JPEG,girl,girl, A young girl is sitting on the floor surrounded by Christmas presents. ,"A close-up of a woman's face, with her eyes wide open and eyebrows raised in surprise."
596,data/images/n03445777/n03445777_9216.JPEG,ball,ball, A pink golf ball on a tee in a field of yellow flowers. ,"A large, spherical ball with a striped pattern and multiple colors."
597,data/images/n11939491/n11939491_48574.JPEG,flower,fruits and vegetables," The image shows a close-up of a group of white daisies with yellow centers, set against a blurred background. ","A bowl of assorted fruits and vegetables, including apples, oranges, carrots, broccoli, and cauliflower."
598,data/images/n02906734/n02906734_20509.JPEG,brush,panda or pandas, Two people shoveling snow on an ice rink. ,"A panda is a black and white bear-like animal with round, large eyes and a fluffy coat."
599,data/images/n04120489/n04120489_5424.JPEG,shoes,fruits and vegetables," Two men sitting on a boat with their feet on a board, wearing sneakers and drinking water. ","A bowl of assorted fruits and vegetables, including red apples, green grapes, yellow bell peppers, orange carrots, purple cabbage, and a sprig of fresh cilantro."
600,data/images/n03100240/n03100240_20935.JPEG,car,car, A silver car on display at a car show. ,"A sleek, black sports car with a low-slung body and aggressive front end design."
601,data/images/n02951358/n02951358_9376.JPEG,canoe or boat,car, Two people walking on frozen lake with boat in background. ,"A large, ornate wooden door with intricate carvings and a detailed handle."
602,data/images/n03452741/n03452741_3088.JPEG,piano,mushroom, A black and gold grand piano with the Boston Piano Company logo. ,"A large, white mushroom with a small hole in the center."
603,data/images/n04069434/n04069434_3119.JPEG,camera,tower, A vintage black and white Rolleicord camera sitting on a wooden floor. ,"A large, cylindrical tower made of wooden blocks with a spiral staircase inside."
604,data/images/n03180011/n03180011_20934.JPEG,computer,cell phone, A desktop computer with a monitor displaying a webpage. ,"A close-up image of a smartphone's screen, displaying various icons and text."
605,data/images/n03180011/n03180011_5834.JPEG,computer,computer," A desktop computer with a monitor, keyboard, and mouse on a white background. ","A computer is a device that can be used for tasks such as browsing the internet, creating documents, and running various software applications."
606,data/images/n03197337/n03197337_5937.JPEG,watch or watches,computer, A man wearing a bright orange watch with a digital display. ,"A computer with a tower, monitor, keyboard, and mouse."
607,data/images/n03376595/n03376595_8346.JPEG,chair,train, A large number of blue seats in a stadium. ,"A close-up of a woman's hand holding a small, round object with a flat surface."
608,data/images/n03584829/n03584829_28308.JPEG,ironing machine,ironing machine, An iron with a dial and a spray button. ,"A woman is holding a small, white ironing board with a flat surface and two long legs."
609,data/images/n03775071/n03775071_9939.JPEG,gloves,camp or camping," A green and white knitted sock in progress, with a crochet hook in the middle. ","This image shows a group of people participating in an outdoor activity, likely camping or attending a camp."
610,data/images/n03180011/n03180011_4664.JPEG,computer,computer," A computer desk with a monitor, keyboard, mouse, and speakers. ","A computer with a sleek, modern design and minimalistic aesthetic."
611,data/images/n04120489/n04120489_3979.JPEG,shoes,fruits and vegetables," The image shows a close-up of a Nike running shoe with the word ""RUNNING"" visible on the side. ",A colorful assortment of fruits and vegetables arranged on a wooden cutting board.
612,data/images/n04069434/n04069434_9030.JPEG,camera,camera, A vintage black and white camera with a silver lens and a black strap. ,A close-up of a woman's face with intricate makeup and jewelry.
613,data/images/n07753592/n07753592_5699.JPEG,fruits and vegetables,shoes, A ripe yellow banana with a brown spot on the end. ,A pair of shoes with a unique design.
614,data/images/n03792782/n03792782_51296.JPEG,bicycle,gloves, A green bicycle parked on a brick sidewalk. ,"A person wearing a pair of gloves, standing with their arms outstretched and palms facing downward."
615,data/images/n03272010/n03272010_4370.JPEG,guitar,train, A blue electric guitar with a pickup and a cord on a white surface. ,"A group of five people, all wearing headphones and holding microphones, stand in front of a large screen displaying various computer graphics."
616,data/images/n03297495/n03297495_2852.JPEG,coffee maker,chair," This is an image of a black coffee maker with a digital display and buttons, placed on a white background. ","A wooden chair with a high back and armrests, decorated with floral patterns."
617,data/images/n03792782/n03792782_5419.JPEG,bicycle,bicycle, A man riding a bicycle on a wooden bridge in a wooded area. ,A bicycle with a basket and a bell on it.
618,data/images/n02906734/n02906734_21829.JPEG,brush,brush," A blue dustpan with a flower design on it, sitting on the ground next to a box. ",A white brush with bristles made of animal hair.
619,data/images/n02281787/n02281787_2105.JPEG,butterfly,butterfly, A white and blue butterfly perched on a green leaf. ,A butterfly gracefully spreads its wings in a vibrant field of flowers.
620,data/images/n03197337/n03197337_830.JPEG,watch or watches,watch or watches," A digital wristwatch with a black strap and a white face, inside a clear plastic case. ","A man wearing a suit and tie, standing in front of a large crowd of people at an event."
621,data/images/n03775071/n03775071_794.JPEG,gloves,camp or camping," A red stocking with a white penguin inside, sitting on a green and white patterned surface. ","A group of campers enjoying a scenic view during their outdoor adventure, with tents and campfires visible in the background."
622,data/images/n02906734/n02906734_3648.JPEG,brush,brush, A yellow and orange broom with a metal handle. ,A brush with an elephant and a monkey in a field.
623,data/images/n03272010/n03272010_7501.JPEG,guitar,watch or watches, A young boy sitting on a chair playing a guitar. ,A digital watch with a black face and white numbers.
624,data/images/n02690373/n02690373_9676.JPEG,airplane,clownfish or fish, A large yellow and white airplane flying in the sky above an airport. ,A clownfish with a fish-shaped body and a smiling face.
625,data/images/n02690373/n02690373_7499.JPEG,airplane,airplane, An airplane on the runway at an airport. ,"A small, white airplane with a single propeller in the back, flying high up in the sky."
626,data/images/n03445777/n03445777_2951.JPEG,ball,shoes," A golf ball on a green, in front of a hole. ","A cartoon of a cat wearing glasses and holding a book, with the caption ""Describe this image in one sentence"" written above it."
627,data/images/n02504458/n02504458_6155.JPEG,elephant,panda or pandas, An elephant walking in a grassy area. ,"A panda is a large, fluffy bear-like animal with black ears and legs, white fur, and round, dark eyes."
628,data/images/n03445777/n03445777_2951.JPEG,ball,ball," A golf ball on a green, in front of a hole. ","A close-up of a white and blue basketball with visible stitching, textured surface, and metallic accents."
629,data/images/n03590841/n03590841_5746.JPEG,pumpkin,ironing machine," A carved pumpkin with a jack-o-lantern face and a sign that reads ""they eat their own"" in front of it. ","A woman is holding a large, heavy ironing board with an attached steam iron while standing on a wooden floor."
630,data/images/n03709823/n03709823_9033.JPEG,handbag,ironing machine, A black and yellow duffel bag with a black strap. ,"A small, hand-cranked washing machine from the early 20th century with a wooden frame and metal parts."
631,data/images/n03590841/n03590841_6382.JPEG,pumpkin,pumpkin," A carved pumpkin with a jack-o-lantern face sits on a table, surrounded by Halloween decorations. ","A pumpkin-shaped, multi-colored light display with a smiling face."
632,data/images/n11939491/n11939491_23775.JPEG,flower,shoes," A white daisy with a yellow center in the foreground, surrounded by pink flowers in the background. ","A colorful, abstract pattern of overlapping shapes and lines on a white background."
633,data/images/n03709823/n03709823_595.JPEG,handbag,rocket, A gray and white cat peeking out of a brown paper bag. ,"A rocket with a large, curved body and multiple smaller rockets attached to its sides."
634,data/images/n03452741/n03452741_2123.JPEG,piano,piano, A man in a red coat and black pants is playing a piano in a room with a chandelier. ,"A woman wearing a white dress and holding a bouquet of flowers stands in front of a large, colorful mural on a brick wall."
635,data/images/n03792782/n03792782_1105.JPEG,bicycle,bicycle, A group of people on bicycles in a forested area. ,"A bicycle with a large, round tire and an intricate design on the frame."
636,data/images/n03792782/n03792782_5419.JPEG,bicycle,camp or camping, A man riding a bicycle on a wooden bridge in a wooded area. ,"A group of friends are having a fun and adventurous camping trip in the beautiful outdoors, enjoying nature's beauty while cooking delicious meals over an open fire."
637,data/images/n03063599/n03063599_1096.JPEG,coffee mug,coffee mug," A white mug with a green design and the word ""tea"" on it. ","A ceramic coffee mug with a white background and black text, featuring the phrase ""I am a helpful assistant."""
638,data/images/n03197337/n03197337_5937.JPEG,watch or watches,computer, A man wearing a bright orange watch with a digital display. ,"A computer with a flat, rectangular shape and multiple buttons on the front."
639,data/images/n02690373/n02690373_5870.JPEG,airplane,airplane, A large white airplane with blue and red accents parked on a runway. ,A small airplane flying high in the sky.
640,data/images/n02389026/n02389026_9196.JPEG,horse,horse, A man riding a brown horse in a field. ,"A majestic horse, with flowing mane and powerful legs, stands confidently in a field of vibrant green grass."
641,data/images/n03982430/n03982430_27656.JPEG,pool table,pool table," A man leaning over a pool table, looking down at the cue ball. ","A round wooden dining table with a white cloth, surrounded by six high-backed chairs of various colors and patterns."
642,data/images/n03877472/n03877472_2301.JPEG,girl,girl," Two young girls sitting on the floor, smiling and posing for the camera. ","A girl wearing a pink dress with white polka dots, holding a balloon and smiling."
643,data/images/n04044716/n04044716_9463.JPEG,tower,pool table, A large white satellite dish. ,"A rectangular pool table with a green felt surface, surrounded by four stools and a wooden rack holding cues and balls."
644,data/images/n02389026/n02389026_9196.JPEG,horse,horse, A man riding a brown horse in a field. ,"A horse standing in a field, with mountains and trees visible in the background."
645,data/images/n13054560/n13054560_9747.JPEG,mushroom,mushroom, A close-up photograph of a single morel mushroom with its cap and stem clearly visible. ,"A large, colorful mushroom with intricate patterns and a slightly wilted appearance."
646,data/images/n03272562/n03272562_4339.JPEG,train,guitar, A train on the tracks with cargo cars behind it. ,A person holding a guitar with their right hand on the neck and left hand on the body.
647,data/images/n07873807/n07873807_8175.JPEG,pizza,pizza," A man in a costume sits next to a goat, holding a pizza box and a wooden bow. ","A circular pizza with a red and green pepper, mushroom, onion, and tomato slices on top."
648,data/images/n03272562/n03272562_8931.JPEG,train,guitar, Two red trains parked on train tracks. ,"A large, ornate guitar with intricate carvings and decorations on its body."
649,data/images/n02607072/n02607072_304.JPEG,clownfish or fish,panda or pandas, Two clownfish swimming among the tentacles of an anemone. ,"A panda sitting on a log, surrounded by bamboo and trees."
650,data/images/n02504458/n02504458_3816.JPEG,elephant,elephant, A large elephant standing in a grassy field. ,"A gray elephant with a pink flower on its trunk, standing in front of a blue sky."
651,data/images/n03982430/n03982430_17180.JPEG,pool table,piano, A pool table with a cue ball on it. ,A person is playing the piano while wearing a white shirt and black pants.
652,data/images/n03180011/n03180011_16171.JPEG,computer,computer, A silver desktop computer with keyboard and mouse on a white background. ,"A computer with a flat, rectangular screen and several buttons on the front."
653,data/images/n03709823/n03709823_25550.JPEG,handbag,handbag, A black leather purse with a flap and a gold buckle. ,"A vibrant red handbag with a golden clasp, adorned with intricate floral patterns and sparkling rhinestones."
654,data/images/n04069434/n04069434_7064.JPEG,camera,shoes, A black Minolta camera with a zoom lens. ,A close-up of a pair of shoes with intricate patterns and colors.
655,data/images/n11939491/n11939491_4441.JPEG,flower,mushroom," Three flowers with red, yellow, and white petals in a vase. ","A large, multi-colored mushroom with a white cap and brown gills."
656,data/images/n04069434/n04069434_12869.JPEG,camera,gun," The image shows a black camera lens mount with a white ring and two circular rubber gaskets, one on each side of the mount. ","A cartoon drawing of a large, menacing-looking gun with multiple barrels and intricate details."
657,data/images/n03709823/n03709823_12670.JPEG,handbag,pumpkin, A dark blue tote bag with brown leather accents and a tan strap. ,"A pumpkin-shaped object with a smooth, round surface and a slightly tapered body."
658,data/images/n03584829/n03584829_37429.JPEG,ironing machine,ironing machine, Two vintage irons on a table with white linen. ,A woman is using a washing machine to clean clothes.
659,data/images/n03775071/n03775071_9475.JPEG,gloves,bicycle, Two gray knitted gloves with frayed cuffs and a black logo on the back of each. ,"A bicycle is a vehicle with two wheels connected to a frame, typically ridden by humans for transportation or recreation."
660,data/images/n03792782/n03792782_15924.JPEG,bicycle,bicycle," A man is riding a mountain bike on a trail, jumping over a small hill. ",A bicycle with a basket attached to the front handlebar.
661,data/images/n03272562/n03272562_608.JPEG,train,train, A blue and white train on the tracks. ,"A group of people gathered around a table, discussing and sharing ideas."
662,data/images/n03180011/n03180011_4664.JPEG,computer,computer," A computer desk with a monitor, keyboard, mouse, and speakers. ","The image depicts a person wearing a spacesuit, standing on the surface of a planet, with an atmosphere regulator and a portable greenhouse nearby."
663,data/images/n03452741/n03452741_5127.JPEG,piano,piano, An older man in a red sweater is playing a black piano. ,"A black and white image of a piano with the words ""The King of Instruments"" written on it."
664,data/images/n03180011/n03180011_16171.JPEG,computer,guitar, A silver desktop computer with keyboard and mouse on a white background. ,"The guitar, with its intricate design and vibrant colors, represents the diverse range of emotions that can be conveyed through music.
Step 1: Identify the subject - In this case, it is a guitar.
Step 2: Determine the main focus - The image's ability to represent various emotions through music.
Step 3: Formulate the sentence - The guitar, with its elaborate structure and vivid hues, symbolizes the extensive array of sentiments that may be expressed via tunes."
665,data/images/n03063599/n03063599_858.JPEG,coffee mug,coffee mug," Three coffee mugs with different colored handles and the word ""coffee matters"" on them. ","A sturdy, white coffee mug with a simple black and red striped pattern."
666,data/images/n07873807/n07873807_8175.JPEG,pizza,fruits and vegetables," A man in a costume sits next to a goat, holding a pizza box and a wooden bow. ","A colorful assortment of fruits and vegetables, including apples, oranges, bananas, grapes, strawberries, carrots, broccoli, cauliflower, and onions."
667,data/images/n03197337/n03197337_1351.JPEG,watch or watches,watch or watches, A person's hand with a name written on it. ,"A watch with a black face and silver-colored hands, displaying the current time."
668,data/images/n03272562/n03272562_608.JPEG,train,watch or watches, A blue and white train on the tracks. ,"A watch with a black face and silver-colored hands, displaying the current time."
669,data/images/n02906734/n02906734_21440.JPEG,brush,clownfish or fish," A group of people playing indoor curling, with one person in the process of throwing the curling stone. ","A clownfish, also known as a fish with vibrant orange and white stripes swimming in an underwater coral reef."
670,data/images/n03709823/n03709823_17750.JPEG,handbag,pumpkin, A brown leather handbag with a pocket on the front. ,"A pumpkin with a smiling face, surrounded by autumn leaves and vines."
671,data/images/n11939491/n11939491_7263.JPEG,flower,shoes, A white daisy with yellow center in the center of a large green leaf. ,"A group of friends, including a person wearing glasses and holding a sign with the word ""shoes,"" stands in front of a colorful background."
672,data/images/n11939491/n11939491_59345.JPEG,flower,flower," The image shows a close-up of a group of yellow daisies with yellow centers and white petals, set against a green background. ","A colorful flower with multiple petals, surrounded by a vibrant green background."
673,data/images/n03590841/n03590841_8067.JPEG,pumpkin,gloves," A woman carving a jack-o-lantern in a kitchen, with a table full of carved pumpkins. ",A close-up image of a pair of white cotton gloves with visible stitching on the backside.
674,data/images/n07753592/n07753592_10252.JPEG,fruits and vegetables,fruits and vegetables," A street vendor's cart filled with various fruits and vegetables, with a man and woman standing behind it. ","A colorful assortment of fruits and vegetables, including apples, oranges, bananas, grapes, strawberries, broccoli, carrots, and bell peppers."
675,data/images/n02510455/n02510455_95099.JPEG,panda or pandas,panda or pandas, A panda bear sitting on a tree branch in an enclosure. ,"This image depicts a colorful and vibrant scene with various animals, plants, and objects arranged in an eye-catching manner."
676,data/images/n03982430/n03982430_17180.JPEG,pool table,pool table, A pool table with a cue ball on it. ,"A rectangular pool table with a green felt surface, surrounded by four pockets on each end."
677,data/images/n03709823/n03709823_7681.JPEG,handbag,handbag, A black leather handbag with a cartoon character on it. ,"A colorful, patterned handbag with a drawstring closure and multiple compartments."
678,data/images/n03775071/n03775071_3112.JPEG,gloves,gloves," Three handmade felt Christmas stockings in red, purple, and blue, each with a white pom pom on top. ",A close-up image of a pair of white gloves with black stitching on the seams and fingertips.
679,data/images/n03063599/n03063599_3606.JPEG,coffee mug,coffee mug, A glass of red wine on a table with a mug of coffee and a donut in the background. ,"A coffee mug, with a handle and a round body."
680,data/images/n03888257/n03888257_6749.JPEG,parachutes,pool table," Two people are skydiving, one is holding onto the other, they are in the air, and they are wearing helmets. ","A black and white image of a rectangular table with eight legs, each ending in a circular foot, and a flat surface at the center."
681,data/images/n03792972/n03792972_8672.JPEG,camp or camping,rocket, A tent in a mountainous area with trees and fog. ,"A rocket with a red, white, and blue design is depicted on the side of an American flag."
682,data/images/n04069434/n04069434_17439.JPEG,camera,camera, A person taking a selfie with a camera. ,"A photograph of a person holding a camera, with the background blurred."
683,data/images/n03773504/n03773504_8896.JPEG,rocket,ironing machine, A white missile on display in a museum. ,"A large, industrial-style ironing machine with multiple steam vents and a sturdy metal frame."
684,data/images/n03792782/n03792782_51296.JPEG,bicycle,bicycle, A green bicycle parked on a brick sidewalk. ,A person is riding a bicycle with their hands on the handlebars and looking straight ahead.
685,data/images/n03272010/n03272010_6705.JPEG,guitar,watch or watches, A green electric guitar leaning against a wall. ,"A watch, or watches, with multiple layers of meaning and purpose."
686,data/images/n02504458/n02504458_5897.JPEG,elephant,elephant, A large elephant walking on a dirt road in a natural setting. ,"A large, gray elephant with a trunk and two small ears."
687,data/images/n04069434/n04069434_12771.JPEG,camera,gun," The image shows a black digital single-lens reflex camera (DSLR) with a lens attached, set against a white background. ","A man holding a rifle with a camouflage pattern, standing in a forest clearing."
688,data/images/n02951358/n02951358_2037.JPEG,canoe or boat,canoe or boat, A woman in a canoe on a lake with trees in the background. ,"A canoe or boat is a small, narrow watercraft designed for one or two people to sit and paddle on the surface of a body of water."
689,data/images/n02106662/n02106662_16778.JPEG,dog,dog, Two dogs running in a park. ,A dog standing on a hill with a tree in the background.
690,data/images/n03376595/n03376595_8346.JPEG,chair,chair, A large number of blue seats in a stadium. ,"A wooden armchair with intricate carvings on the backrest and armrests, surrounded by a dimly lit room."
691,data/images/n03775071/n03775071_9939.JPEG,gloves,gloves," A green and white knitted sock in progress, with a crochet hook in the middle. ","A pair of white gloves with black stripes, worn by a person holding a small stuffed animal."
692,data/images/n03584829/n03584829_33459.JPEG,ironing machine,piano, An iron on a table with a compass and ink. ,"A small, rectangular musical instrument with keys that produces a variety of sounds when played."
693,data/images/n03982430/n03982430_7125.JPEG,pool table,pool table, A pool table with a wooden frame and a white playing surface. ,"A circular pool table with a white, blue, and gray checkered pattern on the surface."
694,data/images/n11939491/n11939491_12042.JPEG,flower,flower," A close-up photograph of white daisies with yellow centers, set against a dark blue background. ","A colorful bouquet of various flowers, skillfully arranged to create a visually appealing display."
695,data/images/n02492035/n02492035_3912.JPEG,monkey,elephant," A monkey in a cage, looking out with a sad expression. ","A gray elephant standing on a sandy beach, with waves crashing behind it."
696,data/images/n03792782/n03792782_15924.JPEG,bicycle,bicycle," A man is riding a mountain bike on a trail, jumping over a small hill. ",A bicycle with a basket attached to the handlebars.
697,data/images/n03100240/n03100240_8794.JPEG,car,guitar, A black convertible car parked on a gravel driveway. ,A vintage-looking guitar with intricate details and a dark wood finish.
698,data/images/n03180011/n03180011_10086.JPEG,computer,guitar," A man sitting at a desk in a room with two computers, a monitor, and a keyboard. ","A vintage, solid-body electric guitar with a maple neck and rosewood fretboard."
699,data/images/n03452741/n03452741_2982.JPEG,piano,ball, A showroom displaying a red grand piano and a black baby grand piano. ,"A large, inflatable ball with multiple smaller balls inside it."
700,data/images/n03100240/n03100240_3310.JPEG,car,car, A white classic mustang car on display. ,"A sleek, modern sports car with a vibrant red color and minimalistic design elements."
701,data/images/n02607072/n02607072_505.JPEG,clownfish or fish,airplane, A clownfish swimming among the tentacles of an anemone. ,A large airplane flying in the sky.
702,data/images/n03376595/n03376595_852.JPEG,chair,gloves, A colorful folding chair with a checkered pattern. ,A pair of white cotton gloves with a blue and red striped pattern.
703,data/images/n04120489/n04120489_10588.JPEG,shoes,gun, A white and red tennis shoe with a black and yellow logo. ,"A colorful, abstract painting of a cityscape with swirling buildings and geometric shapes."
704,data/images/n03982430/n03982430_13651.JPEG,pool table,pool table, A pool table with red balls and a black cue ball. ,A table with a pool surrounded by four chairs and an image of a man wearing glasses.
705,data/images/n03709823/n03709823_16780.JPEG,handbag,pumpkin, A close-up view of a red purse with a silver chain strap. ,"A large, orange pumpkin with a flat bottom and a small stem."
706,data/images/n04044716/n04044716_14882.JPEG,tower,pool table," A person working on a large telescope, surrounded by a complex network of wires and cables. ","A rectangular pool table with a dark wood veneer, surrounded by four white leather chairs and two matching side tables."
707,data/images/n02992529/n02992529_4366.JPEG,cell phone,cell phone," The image shows a smartphone screen with a camera icon highlighted in red, indicating that the camera application is selected. ","A small, rectangular device with a touchscreen and various buttons that allows users to make phone calls, send messages, access the internet, take photos, and perform other tasks."
708,data/images/n02504458/n02504458_296.JPEG,elephant,monkey," A group of elephants in a museum exhibit, with one elephant prominently facing the camera. ","A monkey sitting on a branch, holding a banana in its hand."
709,data/images/n07873807/n07873807_7685.JPEG,pizza,fruits and vegetables," A large pizza with cheese, basil, and tomato sauce on a plate. ","This image shows a variety of fruits and vegetables, including apples, bananas, oranges, carrots, tomatoes, and broccoli."
710,data/images/n03180011/n03180011_20934.JPEG,computer,computer, A desktop computer with a monitor displaying a webpage. ,"This image depicts a sleek, modern computer with an eye-catching color scheme and minimalistic design elements."
711,data/images/n02607072/n02607072_304.JPEG,clownfish or fish,clownfish or fish, Two clownfish swimming among the tentacles of an anemone. ,"A clownfish, also known as a ""Nemo,"" is swimming in the ocean with colorful coral and sea plants around it."
712,data/images/n03376595/n03376595_10737.JPEG,chair,coffee maker, A folding chair in a grassy field. ,A coffee maker is a small appliance that brews coffee by pouring hot water over ground coffee beans.
713,data/images/n02951358/n02951358_2350.JPEG,canoe or boat,cell phone, Three people in kayaks on the ocean. ,"A black and silver cell phone with a rounded rectangular screen, thin bezels, and an Apple logo on the back."
714,data/images/n03773504/n03773504_17692.JPEG,rocket,handbag," The image shows a missile with the word ""USA"" on it, standing in front of an American flag. ","A colorful, hand-drawn illustration of a woman wearing a stylish handbag."
715,data/images/n03773504/n03773504_370.JPEG,rocket,gloves, A large missile on display in a museum. ,"A pair of white gloves with black stripes, worn by a person who is standing and holding onto something."
716,data/images/n04069434/n04069434_7064.JPEG,camera,camera, A black Minolta camera with a zoom lens. ,A close-up of a person's face with dark circles under their eyes.
717,data/images/n03063599/n03063599_858.JPEG,coffee mug,coffee mug," Three coffee mugs with different colored handles and the word ""coffee matters"" on them. ","A coffee mug with a cartoon character on it, holding a speech bubble that says ""I'm the best."""
718,data/images/n03590841/n03590841_8067.JPEG,pumpkin,handbag," A woman carving a jack-o-lantern in a kitchen, with a table full of carved pumpkins. ","A small, rectangular handbag with a single handle and a zippered closure."
719,data/images/n03272010/n03272010_6978.JPEG,guitar,guitar, A white electric guitar leaning against a wall. ,"A guitar with a unique, eye-catching design featuring an abstract pattern of geometric shapes and vibrant colors."
720,data/images/n03709823/n03709823_16780.JPEG,handbag,ironing machine, A close-up view of a red purse with a silver chain strap. ,"A woman wearing a white shirt and black pants, standing in front of an ironing board with a steaming iron in hand."
721,data/images/n02951358/n02951358_2037.JPEG,canoe or boat,coffee mug, A woman in a canoe on a lake with trees in the background. ,"A coffee mug with a handle and a curved lip, typically used for holding hot beverages like coffee or tea."
722,data/images/n03063599/n03063599_2735.JPEG,coffee mug,cell phone," A red and black mug with a tiger logo on it, sitting on a table. ","A man is holding a small, rectangular object with rounded edges and a screen on the front."
723,data/images/n02992529/n02992529_39085.JPEG,cell phone,canoe or boat, A cup of coffee on a table with a cell phone and a coffee cup. ,A canoe and a boat are both small watercraft for traveling on or near the water.
724,data/images/n03709823/n03709823_12670.JPEG,handbag,handbag, A dark blue tote bag with brown leather accents and a tan strap. ,"A woman is holding a handbag with her arm, wearing a white dress and standing in front of a building."
725,data/images/n04044716/n04044716_14882.JPEG,tower,tower," A person working on a large telescope, surrounded by a complex network of wires and cables. ","A tall, cylindrical structure made of metal with a winding staircase leading to the top."
726,data/images/n02281787/n02281787_2105.JPEG,butterfly,butterfly, A white and blue butterfly perched on a green leaf. ,"A colorful butterfly with intricate patterns on its wings, gracefully perched atop a vibrant flower."
727,data/images/n03709823/n03709823_14136.JPEG,handbag,pumpkin," A small, colorful, child's tote bag with a cartoon character on it, sitting on a wooden floor. ","A smiling pumpkin with a wide-open mouth, surrounded by autumn leaves and a few small pumpkins."
728,data/images/n03452741/n03452741_3088.JPEG,piano,piano, A black and gold grand piano with the Boston Piano Company logo. ,"A grand piano with a polished ebony finish, surrounded by lush green plants and flowers."
729,data/images/n03445777/n03445777_9216.JPEG,ball,piano, A pink golf ball on a tee in a field of yellow flowers. ,"A black and white photograph of a grand piano, with the keys illuminated by a warm light."
730,data/images/n02504458/n02504458_3816.JPEG,elephant,panda or pandas, A large elephant standing in a grassy field. ,"A panda sitting on a branch, looking cute and fluffy."
731,data/images/n03100240/n03100240_10410.JPEG,car,coffee mug, A vintage blue Volkswagen Beetle parked in a parking lot. ,A white coffee mug with a cartoon character holding a cup of steaming hot coffee.
732,data/images/n03792972/n03792972_474.JPEG,camp or camping,bicycle, A dog sitting next to a tent on a city street. ,"A bicycle with a basket and handlebars, suitable for short trips or leisurely rides."
733,data/images/n02124075/n02124075_10525.JPEG,cat,cat," A gray and white cat is laying on its back, with its paws in the air, on a chair. ","A black cat with white fur sits on a wooden floor, surrounded by colorful toys and objects."
734,data/images/n03180011/n03180011_5279.JPEG,computer,coffee mug," A man sitting at a computer desk, working on a computer. ",A coffee mug with a cartoon character wearing a chef's hat and holding a large cooking spoon.
735,data/images/n02906734/n02906734_23744.JPEG,brush,brush, A group of people playing a game of broomball in an indoor rink. ,A brush with a long handle and soft bristles for cleaning hard-to-reach areas on walls or surfaces.
736,data/images/n04120489/n04120489_3979.JPEG,shoes,camera," The image shows a close-up of a Nike running shoe with the word ""RUNNING"" visible on the side. ","A camera with a lens and a flash, ready to take pictures."
737,data/images/n03272562/n03272562_9027.JPEG,train,train, A vintage train on tracks with passengers visible through the windows. ,"A detailed illustration of a train, with various components and mechanisms highlighted."
738,data/images/n03709823/n03709823_25550.JPEG,handbag,handbag, A black leather purse with a flap and a gold buckle. ,"A handbag is a type of bag designed to be carried by hand, often used for carrying personal items like keys, wallet, and phone."
739,data/images/n02389026/n02389026_2094.JPEG,horse,butterfly, A brown horse grazing in a field of tall grass. ,"A colorful butterfly with intricate patterns on its wings, hovering in mid-air."
740,data/images/n03590841/n03590841_1053.JPEG,pumpkin,gloves," A carved pumpkin with a face and a smaller carved pumpkin with a face, both sitting on a table with leaves around them. ",A pair of white leather gloves with a black rubber wrist cuff and metal accents.
741,data/images/n04069434/n04069434_12771.JPEG,camera,camera," The image shows a black digital single-lens reflex camera (DSLR) with a lens attached, set against a white background. ",This image shows a close-up of a wooden camera with intricate details and patterns on its surface.
742,data/images/n03272562/n03272562_4071.JPEG,train,guitar," An old train car sits on the tracks, waiting for its next journey. ","A guitar with a brown body and black pickguard, sitting on a red background."
743,data/images/n03792782/n03792782_12815.JPEG,bicycle,rocket," A group of bicyclists in a line, preparing for a race. ","A rocket with the words ""I'm a helpful assistant"" written on it, flying through the sky."
744,data/images/n11939491/n11939491_23775.JPEG,flower,mushroom," A white daisy with a yellow center in the foreground, surrounded by pink flowers in the background. ",A close-up photograph of a single white mushroom with intricate patterns and small droplets on its surface.
745,data/images/n03792972/n03792972_8672.JPEG,camp or camping,bicycle, A tent in a mountainous area with trees and fog. ,"A bicycle with a basket attached to the front, designed for transporting goods or small items."
746,data/images/n02389026/n02389026_2013.JPEG,horse,horse, A brown horse standing in a field. ,A majestic horse stands proudly in a serene landscape.
747,data/images/n03709823/n03709823_12670.JPEG,handbag,handbag, A dark blue tote bag with brown leather accents and a tan strap. ,"A small, rectangular handbag with a single handle and multiple compartments."
748,data/images/n03452741/n03452741_12409.JPEG,piano,piano," An old, black piano in a room. ","The image depicts a piano with intricate, colorful designs and patterns adorning its surface."
749,data/images/n07873807/n07873807_1477.JPEG,pizza,fruits and vegetables, A pepperoni pizza on a baking sheet. ,"A colorful still life of fruits and vegetables arranged on a wooden cutting board, with an emphasis on the variety and freshness."
750,data/images/n03877472/n03877472_8388.JPEG,girl,girl, A baby wearing a pink and purple pajamas is laying on a bed. ,"A girl wearing a white dress with blue and yellow flowers, standing on a hill overlooking a field of sunflowers."
751,data/images/n07753592/n07753592_10252.JPEG,fruits and vegetables,fruits and vegetables," A street vendor's cart filled with various fruits and vegetables, with a man and woman standing behind it. ","A colorful still life featuring a variety of fruits and vegetables arranged on a wooden cutting board, with the emphasis on freshness and natural beauty."
752,data/images/n03063599/n03063599_4172.JPEG,coffee mug,guitar, A black coffee mug on a window sill. ,"A guitar with a red body and black neck, sitting on a wooden stand."
753,data/images/n03272010/n03272010_13834.JPEG,guitar,train," Three guitar-shaped figurines in different colors, each with a pick guard and strings, displayed on a gray surface. ","A large, steam-powered locomotive with multiple cars attached to it."
754,data/images/n02992529/n02992529_14442.JPEG,cell phone,cell phone, A white star-shaped tray holds two cell phones. ,"A cell phone is a small electronic device that allows people to make and receive calls, send text messages, access the internet, and use various applications."
755,data/images/n02504458/n02504458_5897.JPEG,elephant,panda or pandas, A large elephant walking on a dirt road in a natural setting. ,"A panda bear sits on a log, looking cute and fluffy."
756,data/images/n03197337/n03197337_16730.JPEG,watch or watches,watch or watches," A black and white wristwatch with a digital display, sitting on a brown box. ",A digital watch with a round face and black numbers on a white background.
757,data/images/n03452741/n03452741_5127.JPEG,piano,piano, An older man in a red sweater is playing a black piano. ,"A woman is sitting at a piano, her hands poised above the keys as she contemplates playing a beautiful melody."
758,data/images/n02281787/n02281787_2971.JPEG,butterfly,horse, A blue butterfly perched on a tall green plant. ,"A close-up of a horse's eye, with long eyelashes and a slightly squinted expression."
759,data/images/n07873807/n07873807_1477.JPEG,pizza,shoes, A pepperoni pizza on a baking sheet. ,A pair of brown shoes with a pointed toe and laces.
760,data/images/n03877472/n03877472_23771.JPEG,girl,camp or camping," Three women in pajamas sitting on a couch, smiling and posing for the camera. ","The image depicts a group of people gathered around a campfire, with various camping-related objects and activities in the background."
761,data/images/n02504458/n02504458_480.JPEG,elephant,elephant, An elephant standing in a zoo enclosure. ,"A large, gray elephant with a long trunk standing on its hind legs next to a tree."
762,data/images/n04120489/n04120489_6792.JPEG,shoes,tower, A person's feet wearing white and blue sneakers. ,"A tower made of cereal boxes, milk cartons, and a spoon with a bowl on top."
763,data/images/n03297495/n03297495_2852.JPEG,coffee maker,train," This is an image of a black coffee maker with a digital display and buttons, placed on a white background. ","A large, detailed illustration of a medieval-style castle with turrets and battlements."
764,data/images/n04044716/n04044716_7208.JPEG,tower,tower, A large satellite dish in a field with sheep grazing. ,"A tall, narrow structure made of metal and wood with a spiral staircase inside."
765,data/images/n02607072/n02607072_3433.JPEG,clownfish or fish,clownfish or fish, A vibrant underwater scene with a variety of colorful fish and coral. ,"A clownfish, with a vibrant orange and white coloration, swims gracefully in the ocean."
766,data/images/n02690373/n02690373_398.JPEG,airplane,elephant, American airlines passenger jet in flight. ,"A large, gray elephant with a long trunk stands on all fours in a grassy field."
767,data/images/n04044716/n04044716_860.JPEG,tower,tower, A large satellite dish in a desert setting. ,A tower made of interlocking metal pieces that can be assembled and disassembled into various structures.
768,data/images/n04086273/n04086273_2383.JPEG,gun,tower, A collection of six antique firearms displayed on a wall. ,"A colorful tower made of various shapes and sizes, including a square, triangle, circle, and rectangle."
769,data/images/n02992529/n02992529_35743.JPEG,cell phone,canoe or boat, A cell phone displaying a text message with the date and time. ,A wooden canoe with a red stripe on its side is floating in the water.
770,data/images/n03445777/n03445777_7947.JPEG,ball,ball, A golf ball on a shelf with a logo on it. ,"A detailed illustration of a helpful assistant with various tools and objects, ready to assist users in completing tasks."
771,data/images/n02504458/n02504458_481.JPEG,elephant,elephant, Two elephants standing in the mud. ,"A close-up of a gray elephant's trunk, with wrinkles and texture visible."
772,data/images/n03982430/n03982430_38296.JPEG,pool table,tower, A small orange toy is sitting on a pool table. ,"A tall, slender tower made of interlocking cylindrical shapes."
773,data/images/n02906734/n02906734_9317.JPEG,brush,brush, A wooden broom leaning against a wooden fence. ,"A small, round brush with bristles on one side."
774,data/images/n07873807/n07873807_3896.JPEG,pizza,tower," A pizza with cheese, olives, and basil on a wooden cutting board. ","A tower made of many small objects, with each level decorated differently."
775,data/images/n03709823/n03709823_9033.JPEG,handbag,gloves, A black and yellow duffel bag with a black strap. ,A close-up of a pair of white cotton gloves with slightly wrinkled fabric and visible stitching.
776,data/images/n03792972/n03792972_1036.JPEG,camp or camping,pumpkin, A man sitting on the ground in front of a tent in a mountainous area. ,"This image depicts a group of people gathered around a table, with various objects and food items present."
777,data/images/n02906734/n02906734_17920.JPEG,brush,elephant, A woman holding a broom and standing in front of a display of brooms. ,"A large, colorful elephant with a smiling face and long eyelashes."
778,data/images/n02951358/n02951358_11607.JPEG,canoe or boat,cell phone, A man in a red life vest is paddling a green canoe on a river. ,"A cartoon drawing of a person holding up four signs that say ""Abbreviations"" while sitting at a table with a cell phone."
779,data/images/n03792782/n03792782_1105.JPEG,bicycle,bicycle, A group of people on bicycles in a forested area. ,"A bicycle is a human-powered vehicle with two wheels and a frame, typically used for transportation or recreation."
780,data/images/n03100240/n03100240_10410.JPEG,car,car, A vintage blue Volkswagen Beetle parked in a parking lot. ,"A car with a shiny, smooth surface and intricate details."
781,data/images/n02389026/n02389026_724.JPEG,horse,horse, A young brown horse with a white blaze on its face is walking in a grassy field. ,"A large, muscular horse with flowing mane and tail stands proudly in a field."
782,data/images/n02992529/n02992529_52043.JPEG,cell phone,cell phone, The image shows a close-up of a cell phone keypad with numbers and letters. ,A picture of a cell phone with rounded corners and a small camera lens on the back.
783,data/images/n03775071/n03775071_2160.JPEG,gloves,bicycle," A hand-knitted sock with a colorful pattern, sitting on a table with knitting needles and a piece of paper. ",A bicycle is a vehicle with two wheels that people ride on to travel without using motorized transportation.
784,data/images/n03063599/n03063599_5019.JPEG,coffee mug,coffee mug, A white coffee mug with a blue and red design on it. ,"A white ceramic coffee mug with a cartoon character of a cat holding a sign that says ""Meow"" on it."
785,data/images/n03584829/n03584829_33459.JPEG,ironing machine,ironing machine, An iron on a table with a compass and ink. ,"A vintage ironing machine with intricate details and a dark wooden finish, showcasing its craftsmanship."
786,data/images/n03709823/n03709823_18874.JPEG,handbag,handbag, A blue and white bag with a square design on it. ,"A close-up of a colorful butterfly with intricate patterns on its wings, surrounded by lush green leaves and small flowers."
787,data/images/n02124075/n02124075_4027.JPEG,cat,cat," A cat with its eyes closed, looking content and relaxed. ","A fluffy, orange cat with white paws and a black nose sits on a wooden bench."
788,data/images/n02389026/n02389026_6377.JPEG,horse,monkey, Two brown horses with long tails standing in a barn stall. ,"A monkey sitting on a branch, surrounded by lush green leaves and branches."
789,data/images/n03376595/n03376595_8916.JPEG,chair,chair, A wooden folding chair with a green cushion and a striped backrest. ,"A wooden chair with a cushioned seat and four legs, suitable for sitting on."
790,data/images/n04044716/n04044716_11204.JPEG,tower,pool table, A man standing in front of a large satellite dish on a mountain top. ,"A pool table with a blue and white checkered pattern on the walls, surrounded by wooden benches and chairs."
791,data/images/n03877472/n03877472_8388.JPEG,girl,girl, A baby wearing a pink and purple pajamas is laying on a bed. ,"A girl wearing a white dress with flowers on it, sitting in front of a tree and holding a basket."
792,data/images/n11939491/n11939491_5055.JPEG,flower,flower, A white daisy with a yellow center. ,"A colorful, intricate floral arrangement with various types of flowers and leaves arranged in a circular pattern on a white background."
793,data/images/n03452741/n03452741_11539.JPEG,piano,piano, A black grand piano in a living room. ,"This image depicts a close-up view of an intricate, hand-crafted wooden puzzle box with multiple compartments and hidden compartments within the main compartment."
794,data/images/n03376595/n03376595_8916.JPEG,chair,chair, A wooden folding chair with a green cushion and a striped backrest. ,"A wooden, high-backed chair with intricate carvings on the arms and backrest."
795,data/images/n03452741/n03452741_16744.JPEG,piano,ball, A man is playing a piano in a restaurant with a mcdonald's sign in the background. ,"A large, spherical object with a smooth surface and no discernible features."
796,data/images/n03197337/n03197337_1351.JPEG,watch or watches,watch or watches, A person's hand with a name written on it. ,"A watch with a round face and hands, possibly for telling time."
797,data/images/n03888257/n03888257_39021.JPEG,parachutes,parachutes, A person is skydiving with an American flag attached to their ankles. ,This image depicts a group of people wearing parachutes as they prepare to jump from an airplane.
798,data/images/n02992529/n02992529_3673.JPEG,cell phone,cell phone," The image shows a Sony Ericsson Cyber-shot camera and a smartphone, both with a blue and black color scheme, against a yellow background. ","A small, rectangular device with touch screen and multiple functions for communication, entertainment, and information access."
799,data/images/n07873807/n07873807_8875.JPEG,pizza,mushroom, A slice of pizza with mushrooms and spinach on a white plate. ,"A large, multi-colored mushroom with a wavy pattern and a small hole in the center."
800,data/images/n03584829/n03584829_45572.JPEG,ironing machine,pumpkin, An iron on a table. ,"A cheerful pumpkin with a friendly face, wearing glasses and a bowtie."
801,data/images/n03197337/n03197337_5937.JPEG,watch or watches,guitar, A man wearing a bright orange watch with a digital display. ,"A vintage, sunburst-colored electric guitar with a black pickguard and white tuning keys."
802,data/images/n07873807/n07873807_16625.JPEG,pizza,shoes, A large pizza with various toppings on a metal tray on a table. ,"A cartoon of a cat wearing sunglasses and holding a fish, with the caption ""I'm not afraid of you."""
803,data/images/n07873807/n07873807_1477.JPEG,pizza,mushroom, A pepperoni pizza on a baking sheet. ,"A large, brown mushroom with a white cap and several small holes on its surface."
804,data/images/n02124075/n02124075_57.JPEG,cat,cat, A small kitten with yellow eyes and a spotted coat is sitting on a carpeted floor. ,"A close-up of a colorful, abstract painting with swirls and shapes."
805,data/images/n02281787/n02281787_5793.JPEG,butterfly,airplane, A butterfly is flying over a flower in a lush green forest. ,"An airplane flying through the sky, with fluffy white clouds and a bright blue horizon below."
806,data/images/n03584829/n03584829_26740.JPEG,ironing machine,ironing machine," An old iron with rusted handle and a rope, placed on a rusted metal stand. ","A woman is holding a white ironing board with an iron in her hand, standing next to a large wooden table."
807,data/images/n03709823/n03709823_14136.JPEG,handbag,handbag," A small, colorful, child's tote bag with a cartoon character on it, sitting on a wooden floor. ","A handbag with a unique and eye-catching design, featuring intricate patterns and vibrant colors."
808,data/images/n02492035/n02492035_16430.JPEG,monkey,monkey, A white and black monkey with sad eyes is behind a metal cage. ,"A monkey sitting on a branch, with leaves and flowers in the background."
809,data/images/n03272010/n03272010_6219.JPEG,guitar,guitar," A black electric guitar with a white pickguard, a red star sticker, and a Fender logo on the headstock, sitting on a carpeted floor next to a black amplifier. ","A colorful, intricate guitar with a unique design and ornate details."
810,data/images/n02124075/n02124075_12430.JPEG,cat,cat, A brown and black cat with green eyes. ,"The image shows a close-up of a person's hand holding a smartphone with a screen displaying the Google logo, placed on top of a wooden table with an orange background."
811,data/images/n02992529/n02992529_13746.JPEG,cell phone,coffee mug, A man in glasses is talking on a cell phone while sitting at a table. ,A white coffee mug with a cartoon character of a cat wearing sunglasses and holding a surfboard.
812,data/images/n03709823/n03709823_25550.JPEG,handbag,handbag, A black leather purse with a flap and a gold buckle. ,"A stylish and versatile handbag, featuring a chic black colorway with gold hardware accents for an elegant touch."
813,data/images/n02389026/n02389026_2013.JPEG,horse,horse, A brown horse standing in a field. ,"A majestic stallion gallops through a lush forest, his flowing mane and powerful legs creating an unforgettable scene."
814,data/images/n03376595/n03376595_8346.JPEG,chair,chair, A large number of blue seats in a stadium. ,"A large, plush armchair with a high back and intricate carvings on the wooden frame."
815,data/images/n02281787/n02281787_2971.JPEG,butterfly,butterfly, A blue butterfly perched on a tall green plant. ,"A colorful butterfly with intricate patterns on its wings, resting on a leaf in the forest."
816,data/images/n03584829/n03584829_13149.JPEG,ironing machine,ironing machine," Two women standing on the street, one holding an iron and the other holding a shirt, both looking at the iron. ","A large, cylindrical machine with moving parts and multiple nozzles for different liquids is being spun at high speed in a factory setting."
817,data/images/n02492035/n02492035_3912.JPEG,monkey,monkey," A monkey in a cage, looking out with a sad expression. ","A monkey sitting on a branch, holding a banana in its hand."
818,data/images/n03272010/n03272010_6219.JPEG,guitar,train," A black electric guitar with a white pickguard, a red star sticker, and a Fender logo on the headstock, sitting on a carpeted floor next to a black amplifier. ","A train with multiple cars, each containing a variety of compartments and features."
819,data/images/n04120489/n04120489_6792.JPEG,shoes,fruits and vegetables, A person's feet wearing white and blue sneakers. ,"A colorful arrangement of fruits and vegetables on a wooden cutting board, with the focus being on an assortment of vibrantly-hued produce."
820,data/images/n03709823/n03709823_595.JPEG,handbag,ironing machine, A gray and white cat peeking out of a brown paper bag. ,"A woman is holding a large, colorful umbrella with intricate designs on the handle and canopy."
821,data/images/n03982430/n03982430_30922.JPEG,pool table,pool table, A pool table with balls and cues. ,A rectangular pool table with a blue and white checkered pattern.
822,data/images/n02690373/n02690373_3492.JPEG,airplane,clownfish or fish, A blue and white airplane on the runway. ,"A vibrant orange clownfish with a white spot on its tail fin, swimming in an underwater coral reef."
823,data/images/n03452741/n03452741_2982.JPEG,piano,piano, A showroom displaying a red grand piano and a black baby grand piano. ,"This image depicts a young boy sitting on the floor, surrounded by various toys and objects such as toy cars, blocks, and stuffed animals."
824,data/images/n03982430/n03982430_38296.JPEG,pool table,pool table, A small orange toy is sitting on a pool table. ,"The image depicts a serene, sunlit beach with clear blue water and soft white sand, surrounded by lush green palm trees."
825,data/images/n02906734/n02906734_3648.JPEG,brush,panda or pandas, A yellow and orange broom with a metal handle. ,"A panda sitting on a log, looking cute and fluffy with its black eyes focused intently."
826,data/images/n13054560/n13054560_294.JPEG,mushroom,mushroom," A large yellow mushroom with a brown stem and a brown cap, surrounded by green foliage. ","A large, multi-colored mushroom with a wavy pattern and bright orange gills protruding from the top."
827,data/images/n02281787/n02281787_2971.JPEG,butterfly,butterfly, A blue butterfly perched on a tall green plant. ,"A colorful butterfly with intricate patterns on its wings, resting on a leaf in a vibrant garden."
828,data/images/n03877472/n03877472_28707.JPEG,girl,girl, A young girl in a blue pajama with a snowman design is standing in a doorway. ,"A girl wearing a white dress with blue and yellow flowers, sitting on a wooden chair in front of a green background."
829,data/images/n02690373/n02690373_4671.JPEG,airplane,clownfish or fish, An Alaska Airlines airplane parked at an airport terminal. ,"A clownfish, a type of colorful fish with distinctive markings and vibrant colors."
830,data/images/n03272562/n03272562_8639.JPEG,train,guitar, A blue and yellow train engine on the tracks with a yellow train car behind it. ,A black and white photograph of a man holding an acoustic guitar with intricate inlays on the fretboard.
831,data/images/n03792782/n03792782_51296.JPEG,bicycle,pumpkin, A green bicycle parked on a brick sidewalk. ,"A cartoon character with a round face and large eyes, wearing a top hat and holding a cane."
832,data/images/n02124075/n02124075_7825.JPEG,cat,ball, Two cats lying on a bed with a leopard print blanket. ,"A close-up of a woman's hand holding a small, delicate flower with intricate veins and petals."
833,data/images/n04120489/n04120489_6792.JPEG,shoes,gun, A person's feet wearing white and blue sneakers. ,"A colorful, abstract painting with swirling shapes and bold patterns."
834,data/images/n03792972/n03792972_5525.JPEG,camp or camping,camp or camping, Two tents set up on a hillside with a rocky outcropping and trees in the background. ,"This image depicts a group of people participating in various outdoor activities, such as hiking and camping."
835,data/images/n03272010/n03272010_11611.JPEG,guitar,train, A man playing a guitar at sunset. ,"A large, colorful caterpillar with a smiling face and waving hands, surrounded by small children in various poses of excitement."
836,data/images/n02504458/n02504458_480.JPEG,elephant,horse, An elephant standing in a zoo enclosure. ,"A majestic horse, with flowing mane and powerful legs, stands confidently in a lush green field."
837,data/images/n03709823/n03709823_7134.JPEG,handbag,ironing machine," A dirty, beige canvas bag with a white label on it. ",A picture of a person holding an ironing board with clothes on it.
838,data/images/n03376595/n03376595_10579.JPEG,chair,chair, A wooden lawn chair with slats and armrests. ,"A wooden chair with a cushioned seat and four legs, perfect for relaxing or reading."
839,data/images/n03584829/n03584829_13555.JPEG,ironing machine,piano, A collection of various household appliance parts and components. ,"A musical instrument with keys, typically used to play various melodies and chords."
840,data/images/n03888257/n03888257_39168.JPEG,parachutes,tower," A group of parachutists in the sky, performing a stunt, with smoke trailing behind them. ","The image depicts a large, ornate tower with multiple balconies and intricate carvings."
841,data/images/n03180011/n03180011_9576.JPEG,computer,computer, A silver desktop computer with a monitor in the background. ,"A computer is a device that can process and store data, allowing users to perform various tasks such as browsing the internet, creating documents, or running software applications."
842,data/images/n03445777/n03445777_15294.JPEG,ball,ball, A crystal golf ball with a personalized message. ,"A large, colorful ball with multiple patterns and textures, perfect for parties or events."
843,data/images/n03100240/n03100240_2138.JPEG,car,cell phone, A blue convertible sports car on a gray background. ,"A cell phone is a portable electronic device used for making and receiving calls, sending messages, accessing the internet, and sometimes playing games or serving other functions."
844,data/images/n03709823/n03709823_7134.JPEG,handbag,gloves," A dirty, beige canvas bag with a white label on it. ",A pair of white gloves with black stripes and a red heart design on the back.
845,data/images/n02906734/n02906734_6542.JPEG,brush,brush, A collection of four brooms with different colored bristles. ,"A colorful brush with bristles in various shades of blue and green, designed for creating intricate artwork or designs."
846,data/images/n02951358/n02951358_33850.JPEG,canoe or boat,canoe or boat, A man in a yellow helmet is kayaking down a river. ,"A small canoe or boat is depicted in the image, with a serene and peaceful atmosphere surrounding it."
847,data/images/n02690373/n02690373_7499.JPEG,airplane,panda or pandas, An airplane on the runway at an airport. ,"A panda sitting on a branch, surrounded by lush green leaves."
848,data/images/n03063599/n03063599_5287.JPEG,coffee mug,coffee mug, A white coffee mug with a brown starbucks logo on it. ,"A white mug with a blue and yellow design, featuring the words ""Life is better"" in bold letters."
849,data/images/n03197337/n03197337_5937.JPEG,watch or watches,computer, A man wearing a bright orange watch with a digital display. ,"A computer is a device that can process information and perform various tasks, such as storing data, running software applications, and connecting to the internet."
850,data/images/n02281787/n02281787_1529.JPEG,butterfly,butterfly," A blue butterfly with brown spots on its wings, perched on a plant. ","A colorful butterfly with intricate patterns on its wings, hovering in mid-air."
851,data/images/n03100240/n03100240_18492.JPEG,car,computer," A vintage white car with a red interior and a black roof, parked on a street. ","A computer with a sleek, silver case and multiple ports for connecting peripherals."
852,data/images/n03297495/n03297495_2948.JPEG,coffee maker,coffee maker, A black espresso machine with two cups of coffee on the spout. ,"A coffee maker with a sleek, modern design and multiple features for brewing various types of coffee."
853,data/images/n07873807/n07873807_2421.JPEG,pizza,shoes, A variety of pizzas on display in a restaurant. ,A pair of brown leather shoes with a pointed toe and laces on the side.
854,data/images/n03445777/n03445777_7947.JPEG,ball,dog, A golf ball on a shelf with a logo on it. ,"A medium-sized dog with a white coat and brown spots, standing on all fours in a grassy field."
855,data/images/n11939491/n11939491_4441.JPEG,flower,flower," Three flowers with red, yellow, and white petals in a vase. ","A colorful, intricate pattern of overlapping circles and squares on a white background."
856,data/images/n03180011/n03180011_19233.JPEG,computer,computer, A dark room with a computer desk and multiple monitors. ,"The image depicts a serene, sunlit room with an open window overlooking a lush, verdant landscape."
857,data/images/n03180011/n03180011_5279.JPEG,computer,cell phone," A man sitting at a computer desk, working on a computer. ","A small, rectangular device with a touchscreen and various communication capabilities."
858,data/images/n03445777/n03445777_2493.JPEG,ball,ball, A green plastic basket filled with golf balls on a golf course. ,"A large, multicolored beach ball with a flat surface and no air inside."
859,data/images/n03982430/n03982430_20021.JPEG,pool table,camera, A pool table with multiple balls in motion. ,"This image shows a close-up of a camera, with intricate details visible in the lens and surrounding components."
860,data/images/n02504458/n02504458_481.JPEG,elephant,elephant, Two elephants standing in the mud. ,"A large, gray elephant with a long trunk stands on two legs in a grassy field."
861,data/images/n02504458/n02504458_4234.JPEG,elephant,elephant," A close-up of an elephant's face, showcasing its large, wrinkled skin and long, curved tusks. ","A large, gray elephant with a long trunk stands in a lush green forest."
862,data/images/n03792782/n03792782_122.JPEG,bicycle,bicycle, A man is riding a bicycle on a steep rocky mountain trail. ,A man is riding a bicycle with three other people on the back seat.
863,data/images/n03888257/n03888257_24025.JPEG,parachutes,pool table," A person is skydiving with a parachute, flying high in the sky. ",A man is sitting at a pool table with a glass of whiskey in front of him.
864,data/images/n07753592/n07753592_10233.JPEG,fruits and vegetables,fruits and vegetables, A ripe banana with a brown spot on the end. ,"A colorful basket of fresh fruits and vegetables, including apples, oranges, bananas, grapes, strawberries, carrots, broccoli, and tomatoes."
865,data/images/n03452741/n03452741_11539.JPEG,piano,ball, A black grand piano in a living room. ,"A large, spherical object with a flat surface and multiple protrusions, possibly used for play or exercise."
866,data/images/n03709823/n03709823_24745.JPEG,handbag,handbag, A pink duffel bag with a white logo on it. ,"A small, rectangular handbag with a single handle and a flat bottom, made of smooth leather in a neutral shade."
867,data/images/n03272010/n03272010_17735.JPEG,guitar,watch or watches, A band performing on stage with a large screen displaying a man's face. ,"A watch with multiple faces displaying time, date, and other information."
868,data/images/n02992529/n02992529_4366.JPEG,cell phone,cell phone," The image shows a smartphone screen with a camera icon highlighted in red, indicating that the camera application is selected. ","A small, rectangular device with a touchscreen and various communication capabilities, used for making calls, sending messages, accessing the internet, and performing other tasks."
869,data/images/n04044716/n04044716_11204.JPEG,tower,pool table, A man standing in front of a large satellite dish on a mountain top. ,"A rectangular pool table with a blue and green felt surface, surrounded by four wooden chairs and a small side table."
870,data/images/n03792972/n03792972_5525.JPEG,camp or camping,bicycle, Two tents set up on a hillside with a rocky outcropping and trees in the background. ,"A bicycle with a basket on the front, decorated with flowers and ribbons."
871,data/images/n03063599/n03063599_858.JPEG,coffee mug,coffee mug," Three coffee mugs with different colored handles and the word ""coffee matters"" on them. ","A sturdy, white coffee mug with a simple black handle and a small lip on the top."
872,data/images/n03792972/n03792972_17744.JPEG,camp or camping,bicycle," A man stands in a field with a tent, mountains, and a camera, looking out at the landscape. ",A bicycle is a two-wheeled vehicle with pedals that people ride to get around.
873,data/images/n07753592/n07753592_5699.JPEG,fruits and vegetables,fruits and vegetables, A ripe yellow banana with a brown spot on the end. ,A colorful assortment of fruits and vegetables arranged on a wooden cutting board.
874,data/images/n02951358/n02951358_33850.JPEG,canoe or boat,canoe or boat, A man in a yellow helmet is kayaking down a river. ,"A small, wooden canoe with a single person sitting in it on calm water."
875,data/images/n03792972/n03792972_2062.JPEG,camp or camping,gloves, A tent set up in a wooded area. ,"A pair of white, long-sleeved gloves with blue stripes and a red trim on the cuffs."
876,data/images/n02906734/n02906734_21984.JPEG,brush,clownfish or fish, A young boy holding a broom with straw. ,"A clownfish, also known as a fish with vibrant orange and white stripes on its body."
877,data/images/n03100240/n03100240_8794.JPEG,car,car, A black convertible car parked on a gravel driveway. ,"A detailed, colorful painting of a serene forest scene with lush greenery and sparkling water."
878,data/images/n02281787/n02281787_4566.JPEG,butterfly,butterfly, Two blue butterflies on a green leaf. ,"The image depicts a colorful and vibrant butterfly perched on a leaf, with its wings spread wide open."
879,data/images/n03272562/n03272562_9027.JPEG,train,train, A vintage train on tracks with passengers visible through the windows. ,"A large, ornate silver serving tray with intricate carvings and a delicate handle."
880,data/images/n02124075/n02124075_4027.JPEG,cat,cat," A cat with its eyes closed, looking content and relaxed. ","A colorful, abstract painting of overlapping circles and shapes on a white background."
881,data/images/n02906734/n02906734_20509.JPEG,brush,brush, Two people shoveling snow on an ice rink. ,"A brush with soft, fluffy white bristles on a wooden handle."
882,data/images/n03773504/n03773504_8896.JPEG,rocket,handbag, A white missile on display in a museum. ,"A woman holds a colorful, patterned handbag with an elegant and stylish design."
883,data/images/n02504458/n02504458_6428.JPEG,elephant,panda or pandas," An elephant standing on a pile of logs, eating a log. ","This image depicts a panda sitting on the ground, with its front paws resting on a tree trunk and its head turned slightly to the right."
884,data/images/n02504458/n02504458_296.JPEG,elephant,elephant," A group of elephants in a museum exhibit, with one elephant prominently facing the camera. ","A large, grey elephant with a long trunk and floppy ears stands in a field surrounded by trees."
885,data/images/n03584829/n03584829_28308.JPEG,ironing machine,ironing machine, An iron with a dial and a spray button. ,A woman wearing a white shirt and blue jeans is operating an old-fashioned washing machine with a wooden handle.
886,data/images/n03888257/n03888257_39168.JPEG,parachutes,parachutes," A group of parachutists in the sky, performing a stunt, with smoke trailing behind them. ","A group of people wearing parachutes land in a field, with mountains and trees visible in the background."
887,data/images/n03888257/n03888257_7960.JPEG,parachutes,pool table," Two people are skydiving, with one person in the air and the other person just about to jump from the plane. ","A large, intricately designed pool table with a variety of patterns and motifs."
888,data/images/n03584829/n03584829_36033.JPEG,ironing machine,ironing machine, An iron on a table. ,A woman is using a clothes ironing machine to press and smooth out clothing items.
889,data/images/n02281787/n02281787_5770.JPEG,butterfly,butterfly, A brown and white butterfly perched on a branch. ,"A colorful butterfly with intricate patterns on its wings, resting on a leaf."
890,data/images/n02389026/n02389026_24702.JPEG,horse,horse," A close-up of a horse's face, showing its brown coat, large brown eyes, and a white spot on its forehead. ","A majestic horse gallops through a lush green field, its powerful muscles rippling beneath its sleek coat."
891,data/images/n03775071/n03775071_10573.JPEG,gloves,gloves, A purple knitted glove with a white stripe on the palm. ,A pair of white gloves with a red heart-shaped design on the back.
892,data/images/n03272010/n03272010_11611.JPEG,guitar,guitar, A man playing a guitar at sunset. ,"A guitar with a unique and intricate design, featuring various elements such as feathers, beads, and other decorative accents."
893,data/images/n02992529/n02992529_35743.JPEG,cell phone,pizza, A cell phone displaying a text message with the date and time. ,"A round, cheesy pizza with toppings on top."
894,data/images/n03063599/n03063599_2735.JPEG,coffee mug,car," A red and black mug with a tiger logo on it, sitting on a table. ","A sleek, modern car with a minimalist design and an open door."
895,data/images/n03272562/n03272562_4071.JPEG,train,train," An old train car sits on the tracks, waiting for its next journey. ","A man wearing a suit and tie is standing in front of a large, ornate mirror while adjusting his collar."
896,data/images/n03063599/n03063599_5019.JPEG,coffee mug,cell phone, A white coffee mug with a blue and red design on it. ,"A sleek, silver smartphone with a large touchscreen display and minimal buttons."
897,data/images/n02690373/n02690373_3537.JPEG,airplane,airplane, A large airplane parked on the tarmac at an airport. ,A small airplane flying in the sky.
898,data/images/n03272010/n03272010_1242.JPEG,guitar,watch or watches, A red and white electric guitar with a pickguard and a pickup. ,"A round, silver watch with a black leather strap and a white dial displaying Arabic numerals."
899,data/images/n02504458/n02504458_480.JPEG,elephant,elephant, An elephant standing in a zoo enclosure. ,"A large, gray elephant with a long trunk stands on all fours in a lush green forest."
900,data/images/n07753592/n07753592_1198.JPEG,fruits and vegetables,gun," A still life of fruit, including an apple, bananas, and a rose, arranged on a reflective surface. ","A black and white photograph of a man's hand holding a small, silver revolver."
901,data/images/n07753592/n07753592_5699.JPEG,fruits and vegetables,fruits and vegetables, A ripe yellow banana with a brown spot on the end. ,A colorful image of various fruits and vegetables arranged on a wooden cutting board.
902,data/images/n02906734/n02906734_17920.JPEG,brush,brush, A woman holding a broom and standing in front of a display of brooms. ,"A large, colorful brush with many bristles of varying lengths and widths."
903,data/images/n03272010/n03272010_13834.JPEG,guitar,guitar," Three guitar-shaped figurines in different colors, each with a pick guard and strings, displayed on a gray surface. ","A vintage, mahogany-bodied acoustic guitar with a rosewood fretboard and mother-of-pearl inlays."
904,data/images/n03272562/n03272562_4339.JPEG,train,guitar, A train on the tracks with cargo cars behind it. ,"A vintage, wooden guitar with intricate detailing and a unique design."
905,data/images/n02906734/n02906734_21984.JPEG,brush,brush, A young boy holding a broom with straw. ,"A large, fluffy white dog with brown spots sitting on a grassy hilltop."
906,data/images/n03709823/n03709823_7134.JPEG,handbag,handbag," A dirty, beige canvas bag with a white label on it. ","A colorful, hand-bag with a playful design and multiple compartments for holding various items."
907,data/images/n02951358/n02951358_9376.JPEG,canoe or boat,canoe or boat, Two people walking on frozen lake with boat in background. ,"A small, wooden canoe with a single person sitting in it on calm water surrounded by lush green trees and mountains."
908,data/images/n03982430/n03982430_27656.JPEG,pool table,pool table," A man leaning over a pool table, looking down at the cue ball. ","A large, rectangular pool table with a blue felt surface and metal rails, surrounded by white walls and featuring two red balls on the left side."
909,data/images/n02389026/n02389026_6377.JPEG,horse,horse, Two brown horses with long tails standing in a barn stall. ,"A majestic horse with flowing mane and powerful hind legs, standing confidently in a field of vibrant green grass."
910,data/images/n07753592/n07753592_10233.JPEG,fruits and vegetables,fruits and vegetables, A ripe banana with a brown spot on the end. ,"A colorful assortment of fruits and vegetables, arranged on a wooden cutting board with a rustic background."
911,data/images/n03180011/n03180011_9576.JPEG,computer,car, A silver desktop computer with a monitor in the background. ,"A car with a sleek, aerodynamic design."
912,data/images/n03376595/n03376595_10737.JPEG,chair,chair, A folding chair in a grassy field. ,"A wooden chair with a high back and four legs, painted white."
913,data/images/n13054560/n13054560_5228.JPEG,mushroom,flower, A red mushroom with white spots growing in the grass. ,"A colorful flower with a vibrant red and yellow background, surrounded by intricate patterns of green leaves."
914,data/images/n03063599/n03063599_3714.JPEG,coffee mug,cell phone, Two blue mugs with handles on a table. ,"A small, rectangular device with a touchscreen and various buttons for making calls, sending texts, and accessing the internet."
915,data/images/n03775071/n03775071_10573.JPEG,gloves,pumpkin, A purple knitted glove with a white stripe on the palm. ,"A carved pumpkin with a smiling face and large, googly eyes."
916,data/images/n03773504/n03773504_14109.JPEG,rocket,handbag, A series of four photos showing a missile launching from the ocean. ,"A stylish, roomy tote bag with a chic hand-drawn illustration of an elegant woman."
917,data/images/n02281787/n02281787_5770.JPEG,butterfly,chair, A brown and white butterfly perched on a branch. ,"A wooden chair with a distinctive, curved back and sturdy legs."
918,data/images/n04044716/n04044716_17472.JPEG,tower,tower, A large white satellite dish in a field. ,A tower made of wooden planks with a person standing on top and holding onto ropes.
919,data/images/n03100240/n03100240_1391.JPEG,car,computer, An orange convertible sports car on display at a car show. ,"A sleek, silver laptop with a black Apple logo on the lid and an attached keyboard."
920,data/images/n02992529/n02992529_42996.JPEG,cell phone,cell phone, A shirtless man in a crowd is using his cell phone. ,"A small, rectangular device with a touchscreen and various communication capabilities."
921,data/images/n03100240/n03100240_1391.JPEG,car,coffee mug, An orange convertible sports car on display at a car show. ,"A coffee mug with a cartoon character on it, holding a steaming cup of hot chocolate."
922,data/images/n03888257/n03888257_54295.JPEG,parachutes,parachutes," Two parachutists flying high in the sky, each holding a Canadian flag, against a backdrop of a clear blue sky. ","A parachute is a large, square piece of fabric with four corners that open up like a flower when it's time to land."
923,data/images/n04069434/n04069434_12869.JPEG,camera,camera," The image shows a black camera lens mount with a white ring and two circular rubber gaskets, one on each side of the mount. ","A close-up of a woman's hand holding a small, round object with a flat surface."
924,data/images/n03590841/n03590841_6380.JPEG,pumpkin,pumpkin," Two carved pumpkins with faces, sitting on a table. ","https://tellT.com's, but you.

Here is a great way to show you.

Sometimes, here is a great way to showcase you.

Today, I want to show you because I need you!

Now, I want you!

	Last week!
	Last week!
	Last week!
	Last week!
	Last week!
	Last week!
	Last week!
	Last week!
"
925,data/images/n03590841/n03590841_6380.JPEG,pumpkin,pumpkin," Two carved pumpkins with faces, sitting on a table. ","A cute, smiling pumpkin with big eyes and a tiny nose."
926,data/images/n03775071/n03775071_794.JPEG,gloves,pumpkin," A red stocking with a white penguin inside, sitting on a green and white patterned surface. ","A large, orange pumpkin with a long neck and a small head."
927,data/images/n03773504/n03773504_21104.JPEG,rocket,girl," A large rocket with the name ""mace"" on it, flying through a cloudy sky. ","A young girl with long, curly hair and big eyes smiles at the camera while wearing a colorful dress."
928,data/images/n03100240/n03100240_18492.JPEG,car,coffee mug," A vintage white car with a red interior and a black roof, parked on a street. ",A white mug with a blue and red coffee bean design on the front.
929,data/images/n03063599/n03063599_552.JPEG,coffee mug,coffee mug," A small terracotta pot with the word ""shape"" written on it. ","A white mug with a blue and red striped handle, featuring the text ""World's Best Dad"" in bold black letters."
930,data/images/n02389026/n02389026_6377.JPEG,horse,horse, Two brown horses with long tails standing in a barn stall. ,"A horse with a long, flowing mane and tail."
931,data/images/n03888257/n03888257_18921.JPEG,parachutes,parachutes, A person is kiteboarding on a frozen lake. ,A man wearing a parachute jumps from an airplane while flying over a cityscape.
932,data/images/n02281787/n02281787_2216.JPEG,butterfly,cat, A small blue butterfly perched on a rock. ,A close-up of a woman's face with intricate makeup and jewelry.
933,data/images/n02690373/n02690373_736.JPEG,airplane,clownfish or fish," A white airplane with blue and orange lettering on the tail, parked on the tarmac at an airport. ",A clownfish swims in a vibrant coral reef.
934,data/images/n02124075/n02124075_4027.JPEG,cat,cat," A cat with its eyes closed, looking content and relaxed. ","A black cat with white paws and a white chest, sitting on a wooden floor surrounded by colorful pillows."
935,data/images/n03792782/n03792782_757.JPEG,bicycle,bicycle, A woman riding a bicycle on a trail. ,A person is riding a bicycle while holding onto the handlebars and pedaling with their feet.
936,data/images/n02951358/n02951358_31796.JPEG,canoe or boat,chair," Two people in red kayaks on a river, with a rocky cliff and a building in the background. ","A wooden armchair with a red cushion and four legs, decorated with intricate carvings on the backrest."
937,data/images/n07873807/n07873807_3896.JPEG,pizza,fruits and vegetables," A pizza with cheese, olives, and basil on a wooden cutting board. ",A colorful arrangement of fruits and vegetables on a wooden cutting board.
938,data/images/n03584829/n03584829_36033.JPEG,ironing machine,ironing machine, An iron on a table. ,"A woman is using a washing machine to wash her clothes, with the help of an ironing board and an iron."
939,data/images/n03982430/n03982430_11084.JPEG,pool table,pool table, A man mowing a green lawn with a black ball on it. ,A picture of a billiards table with cues and balls.
940,data/images/n03197337/n03197337_16730.JPEG,watch or watches,guitar," A black and white wristwatch with a digital display, sitting on a brown box. ","A guitar with a unique, eye-catching design featuring vibrant colors and intricate patterns."
941,data/images/n13054560/n13054560_13613.JPEG,mushroom,mushroom, A hand holding a mushroom with a brush in the background. ,"A colorful, slightly abstract image of a variety of mushrooms in various stages of growth and decay."
942,data/images/n03180011/n03180011_4854.JPEG,computer,coffee mug," A computer desk with a monitor, keyboard, mouse, and a lamp. ","A coffee mug with a unique design featuring the words ""abso-lutely"" and ""posi-tively""."
943,data/images/n02106662/n02106662_83638.JPEG,dog,cat, A German Shepherd dog in mid-run on a grassy field. ,"A cat sitting on a blue blanket, with its eyes closed and a white collar around its neck."
944,data/images/n03709823/n03709823_7134.JPEG,handbag,handbag," A dirty, beige canvas bag with a white label on it. ","A handbag with a unique, eye-catching design featuring an abstract pattern of geometric shapes and vibrant colors."
945,data/images/n13054560/n13054560_8062.JPEG,mushroom,mushroom, A white plate with sliced mushrooms. ,"A colorful, lumpy mushroom with a small stem and gills on its underside."
946,data/images/n03272010/n03272010_17735.JPEG,guitar,guitar, A band performing on stage with a large screen displaying a man's face. ,"A guitar-shaped object that is designed to look like a real guitar, but with an exaggerated size and appearance."
947,data/images/n03877472/n03877472_28953.JPEG,girl,mushroom, A woman in a pink pajama is playfully pinning a man to the floor while he is wearing a blue pajama. ,"A large, multi-colored mushroom with a unique pattern."
948,data/images/n03297495/n03297495_2948.JPEG,coffee maker,chair, A black espresso machine with two cups of coffee on the spout. ,A wooden armchair with intricate carvings and a high backrest.
949,data/images/n04086273/n04086273_26142.JPEG,gun,gun," This is an image of a vintage firearm, specifically a revolver, with a wooden grip and a metal barrel. The firearm is displayed against a wooden background. ","A cartoon character with a mustache and top hat, holding a sign that says ""It's okay to say no,"" below the words ""All done"" in smaller text."
950,data/images/n02951358/n02951358_2350.JPEG,canoe or boat,cell phone, Three people in kayaks on the ocean. ,"A close-up of a smartphone's screen, showing the camera app with a blurred background and a focus on a person's face."
951,data/images/n04044716/n04044716_12999.JPEG,tower,camera, A large metal satellite dish in a field. ,"A close-up image of a colorful, abstract pattern with swirling shapes and lines."
952,data/images/n11939491/n11939491_16390.JPEG,flower,flower," The image features a single white daisy with a yellow center, surrounded by green foliage. ","A colorful bouquet of flowers with various types, including roses and sunflowers."
953,data/images/n03877472/n03877472_4073.JPEG,girl,girl," A young child in pajamas with cupcake pattern, looking out a window. ","A girl with long, wavy hair and a pink dress is sitting on a white chair while holding a small teddy bear."
954,data/images/n04069434/n04069434_17439.JPEG,camera,camera, A person taking a selfie with a camera. ,"A close-up image of a camera with several layers of overlapping ""grill"" patterns."
955,data/images/n03982430/n03982430_4411.JPEG,pool table,pool table," A room with a pool table, dartboard, and a painting of a baseball team. ",A pool table with a netted cloth and cues leaning against the wall.
956,data/images/n03792972/n03792972_2062.JPEG,camp or camping,camp or camping, A tent set up in a wooded area. ,"This image depicts a group of people participating in various outdoor activities, such as hiking and camping."
957,data/images/n02281787/n02281787_4566.JPEG,butterfly,butterfly, Two blue butterflies on a green leaf. ,"A colorful butterfly with intricate patterns on its wings, resting on a leaf."
958,data/images/n02906734/n02906734_3648.JPEG,brush,airplane, A yellow and orange broom with a metal handle. ,"A small, single-engine airplane taking off from a grassy field."
959,data/images/n02690373/n02690373_1055.JPEG,airplane,airplane," A large white airplane with the words ""A380"" on the side, flying through a blue sky with clouds. ","A small, red biplane flying in the sky."
960,data/images/n03063599/n03063599_1320.JPEG,coffee mug,coffee mug, A red espresso machine with a pressure gauge and a black handle. ,"A coffee mug is a cylindrical container with a wide, flat base and a small opening at the top for holding liquid."
961,data/images/n02281787/n02281787_5793.JPEG,butterfly,butterfly, A butterfly is flying over a flower in a lush green forest. ,"A colorful butterfly with intricate wing patterns, perched on a leaf."
962,data/images/n03100240/n03100240_3310.JPEG,car,car, A white classic mustang car on display. ,A car with a unique design and multiple features.
963,data/images/n03584829/n03584829_13555.JPEG,ironing machine,piano, A collection of various household appliance parts and components. ,"""Once upon a time, at the Golden Horison,"" when the eyes of I roll, in amazement, the Shining Marvel Helper, the Great and Spacious One, the Grand Finale Station, the Great Galle Center, the Great Gondola System, the Greater Gnomegard System, the Greater Gnomesystem, The Unmentionable Uriel Union, U.S. Utility Union of U. S. United States of America.""

The above quotation is from ""It's A"
964,data/images/n04069434/n04069434_17439.JPEG,camera,camera, A person taking a selfie with a camera. ,The image shows a close-up of a woman's face with intricate makeup and jewelry.
965,data/images/n04086273/n04086273_26142.JPEG,gun,gun," This is an image of a vintage firearm, specifically a revolver, with a wooden grip and a metal barrel. The firearm is displayed against a wooden background. ","A cartoon character holding a gun with the words ""Guns Are Cool"" written on it."
966,data/images/n04044716/n04044716_9463.JPEG,tower,mushroom, A large white satellite dish. ,"A mushroom, but not just any mushroom - one that is particularly large and possibly unique in some way."
967,data/images/n02607072/n02607072_3433.JPEG,clownfish or fish,clownfish or fish, A vibrant underwater scene with a variety of colorful fish and coral. ,"A clownfish swims in a coral reef, with colorful fish and sea creatures nearby."
968,data/images/n03452741/n03452741_2540.JPEG,piano,piano," A man is sitting at a grand piano, playing music. ","A young girl with long, curly hair and a pink dress is sitting on the floor next to a large teddy bear."
969,data/images/n03792782/n03792782_5419.JPEG,bicycle,bicycle, A man riding a bicycle on a wooden bridge in a wooded area. ,"A bicycle with a basket on the front, ridden by two people and decorated with balloons."
970,data/images/n02389026/n02389026_2013.JPEG,horse,horse, A brown horse standing in a field. ,"A large, brown horse with a flowing mane and tail stands in a field of tall grass."
971,data/images/n03376595/n03376595_10579.JPEG,chair,chair, A wooden lawn chair with slats and armrests. ,"A wooden chair with a high back and four legs, painted white."
972,data/images/n03584829/n03584829_26740.JPEG,ironing machine,ironing machine," An old iron with rusted handle and a rope, placed on a rusted metal stand. ","A woman is holding a small, white ironing machine with rounded edges and a handle on top."
973,data/images/n03063599/n03063599_4172.JPEG,coffee mug,train, A black coffee mug on a window sill. ,"A train with a large, ornate ""M"" on the front and multiple windows."
974,data/images/n13054560/n13054560_7616.JPEG,mushroom,mushroom, A mushroom growing in the woods. ,"A large, multi-colored mushroom with a white cap and brown gills protruding from the ground."
975,data/images/n02389026/n02389026_724.JPEG,horse,monkey, A young brown horse with a white blaze on its face is walking in a grassy field. ,"A monkey sitting on a branch, looking at the camera."
976,data/images/n03792972/n03792972_17744.JPEG,camp or camping,gloves," A man stands in a field with a tent, mountains, and a camera, looking out at the landscape. ","A pair of white leather gloves with black stitching, worn by a person who is holding a small animal."
977,data/images/n03100240/n03100240_10410.JPEG,car,coffee mug, A vintage blue Volkswagen Beetle parked in a parking lot. ,A white ceramic coffee mug with a blue and red cartoon character on the front.
978,data/images/n03775071/n03775071_6122.JPEG,gloves,gloves, A person wearing a coat and holding their hands together in front of them. ,"A pair of white, rubber gloves with black stripes on the back and a red logo on the palm."
979,data/images/n02281787/n02281787_2216.JPEG,butterfly,butterfly, A small blue butterfly perched on a rock. ,"A colorful butterfly with intricate patterns on its wings, perched on a leaf in the middle of a lush green forest."
980,data/images/n02492035/n02492035_3912.JPEG,monkey,butterfly," A monkey in a cage, looking out with a sad expression. ","A colorful butterfly with intricate patterns on its wings, perched on a leaf in the forest."
981,data/images/n02992529/n02992529_3673.JPEG,cell phone,cell phone," The image shows a Sony Ericsson Cyber-shot camera and a smartphone, both with a blue and black color scheme, against a yellow background. ","A black rectangular object with rounded edges, displaying a white apple logo on its front face."
982,data/images/n03590841/n03590841_5746.JPEG,pumpkin,pumpkin," A carved pumpkin with a jack-o-lantern face and a sign that reads ""they eat their own"" in front of it. ","A detailed and colorful image of a pumpkin, with intricate patterns and shading."
983,data/images/n02607072/n02607072_3433.JPEG,clownfish or fish,piano, A vibrant underwater scene with a variety of colorful fish and coral. ,A piano with a dark wooden finish and intricate detailing on the legs.
984,data/images/n03888257/n03888257_7960.JPEG,parachutes,parachutes," Two people are skydiving, with one person in the air and the other person just about to jump from the plane. ","This image depicts a group of people standing on a hill, with parachutes hanging from trees in the background."
985,data/images/n03877472/n03877472_3847.JPEG,girl,girl, A young girl is sitting on the floor surrounded by Christmas presents. ,A woman wearing a white dress and holding a bouquet of flowers stands in front of a green background.
986,data/images/n02992529/n02992529_46.JPEG,cell phone,canoe or boat, A black cell phone with a keypad and a screen. ,"The image shows a wooden canoe with a single person sitting in the front, paddling on calm water surrounded by trees and greenery."
987,data/images/n03775071/n03775071_794.JPEG,gloves,rocket," A red stocking with a white penguin inside, sitting on a green and white patterned surface. ","A large, colorful octopus with tentacles reaching out from a deep-sea environment."
988,data/images/n02690373/n02690373_3537.JPEG,airplane,airplane, A large airplane parked on the tarmac at an airport. ,A small airplane with a triangular-shaped body and two large propellers is depicted in this image.
989,data/images/n02389026/n02389026_2013.JPEG,horse,horse, A brown horse standing in a field. ,"A large, muscular horse with a flowing mane and tail stands confidently in a field of tall grass."
990,data/images/n02389026/n02389026_24702.JPEG,horse,horse," A close-up of a horse's face, showing its brown coat, large brown eyes, and a white spot on its forehead. ","A large, muscular horse with flowing mane and tail trots gracefully through a field of wildflowers."
991,data/images/n02281787/n02281787_2105.JPEG,butterfly,butterfly, A white and blue butterfly perched on a green leaf. ,"A colorful butterfly with intricate patterns on its wings, resting on a leaf."
992,data/images/n02951358/n02951358_6087.JPEG,canoe or boat,canoe or boat, A green canoe on a rocky shoreline. ,"A canoe is a small, narrow boat that can be paddled by one or two people."
993,data/images/n03982430/n03982430_11084.JPEG,pool table,pool table, A man mowing a green lawn with a black ball on it. ,"A rectangular pool table with a green felt playing surface and black borders, surrounded by four wooden chairs."
994,data/images/n03877472/n03877472_23771.JPEG,girl,girl," Three women in pajamas sitting on a couch, smiling and posing for the camera. ","A woman wearing a red dress with white polka dots, standing in front of a green background."
995,data/images/n03180011/n03180011_16171.JPEG,computer,pumpkin, A silver desktop computer with keyboard and mouse on a white background. ,A pumpkin with a happy face and two smiling eyes.
996,data/images/n03100240/n03100240_20935.JPEG,car,computer, A silver car on display at a car show. ,"A computer with a sleek, futuristic design featuring multiple screens and buttons."
997,data/images/n03197337/n03197337_830.JPEG,watch or watches,guitar," A digital wristwatch with a black strap and a white face, inside a clear plastic case. ",A guitar is a musical instrument with six strings and frets.
998,data/images/n03877472/n03877472_28707.JPEG,girl,girl, A young girl in a blue pajama with a snowman design is standing in a doorway. ,"A girl with long, wavy hair and a pink dress is standing in front of a white wall decorated with colorful patterns."
999,data/images/n03180011/n03180011_5834.JPEG,computer,computer," A desktop computer with a monitor, keyboard, and mouse on a white background. ","A computer with a sleek, silver case and multiple ports for connecting peripherals."
1000,data/images/n03452741/n03452741_16744.JPEG,piano,piano, A man is playing a piano in a restaurant with a mcdonald's sign in the background. ,"This image depicts a serene, sunlit room with an elegant piano in the center and comfortable seating arrangements on either side."
1001,data/images/n02690373/n02690373_4671.JPEG,airplane,clownfish or fish, An Alaska Airlines airplane parked at an airport terminal. ,"A clownfish, also known as a ""nemo,"" swims in an underwater coral reef."
1002,data/images/n03272010/n03272010_17735.JPEG,guitar,dog, A band performing on stage with a large screen displaying a man's face. ,"A cute, fluffy dog wearing a red bow and sitting on a white rug with paw prints."
1003,data/images/n03452741/n03452741_3088.JPEG,piano,ironing machine, A black and gold grand piano with the Boston Piano Company logo. ,"A large, industrial-style ironing machine with a flat surface and multiple steam vents."
1004,data/images/n03773504/n03773504_21104.JPEG,rocket,rocket," A large rocket with the name ""mace"" on it, flying through a cloudy sky. ","A close-up of a person's hand holding a small, round rock with intricate patterns etched onto its surface."
1005,data/images/n02504458/n02504458_4080.JPEG,elephant,panda or pandas, A group of elephants with their tusks interlocked. ,"A fluffy, white panda sitting on a tree branch with its eyes closed."
1006,data/images/n03584829/n03584829_37429.JPEG,ironing machine,camp or camping, Two vintage irons on a table with white linen. ,"A group of campers, including a diverse range of ages and genders, are gathered around a campfire in the woods, roasting marshmallows and sharing stories."
1007,data/images/n03792782/n03792782_8799.JPEG,bicycle,bicycle," A collage of a mountain bike race, featuring a man in a blue and black jersey riding a bike, with various other cyclists and a collage of photos from the event. ",A bicycle with a basket on the front and a bell attached to the handlebars.
1008,data/images/n04044716/n04044716_9463.JPEG,tower,tower, A large white satellite dish. ,"A tall, narrow tower made of colorful blocks with a few smaller ones at the bottom."
1009,data/images/n02992529/n02992529_42996.JPEG,cell phone,cell phone, A shirtless man in a crowd is using his cell phone. ,A man wearing a suit is holding up his cell phone to take a selfie.
1010,data/images/n03100240/n03100240_13929.JPEG,car,computer, A vintage black car with red trim parked on grass. ,"A computer with a keyboard, mouse, and monitor."
1011,data/images/n03792782/n03792782_757.JPEG,bicycle,gloves, A woman riding a bicycle on a trail. ,A pair of white gloves with a red stripe pattern on the back.
1012,data/images/n03877472/n03877472_8388.JPEG,girl,girl, A baby wearing a pink and purple pajamas is laying on a bed. ,"The image depicts a girl wearing a white dress with floral patterns, sitting on a wooden bench in front of a brick wall adorned with climbing ivy."
1013,data/images/n03792782/n03792782_442.JPEG,bicycle,bicycle, A man riding a bicycle on a rocky trail. ,A bicycle with a basket and flowers on the front.
1014,data/images/n02690373/n02690373_1055.JPEG,airplane,airplane," A large white airplane with the words ""A380"" on the side, flying through a blue sky with clouds. ","A small airplane with a red and white striped tail, flying over a cityscape."
1015,data/images/n03773504/n03773504_17692.JPEG,rocket,bicycle," The image shows a missile with the word ""USA"" on it, standing in front of an American flag. ","A bicycle with a basket and fenders, designed for transportation or leisure."
1016,data/images/n11939491/n11939491_10024.JPEG,flower,mushroom, A black and white photograph of a single daisy with a white center and a dark brown center. ,"A large, multi-colored mushroom with a white cap and brown gills protruding from the ground."
1017,data/images/n03590841/n03590841_6380.JPEG,pumpkin,pumpkin," Two carved pumpkins with faces, sitting on a table. ","A large, orange gourd-shaped pumpkin with a smooth surface and a small stem sits on a wooden plank."
1018,data/images/n03197337/n03197337_2141.JPEG,watch or watches,train," The image shows a digital wristwatch with a blue screen displaying the time ""8:10"" and the date ""10"". ",A train passing through a tunnel with the sun shining on it.
1019,data/images/n02906734/n02906734_21440.JPEG,brush,monkey," A group of people playing indoor curling, with one person in the process of throwing the curling stone. ",A monkey sitting on a branch in a tree.
1020,data/images/n07873807/n07873807_18033.JPEG,pizza,shoes," Two pizzas on a baking sheet, one with cheese and olives, the other with cheese, olives, and sausage. ",A group of friends wearing colorful shoes and standing in front of a cityscape.
1021,data/images/n02690373/n02690373_3492.JPEG,airplane,airplane, A blue and white airplane on the runway. ,"A large, white airplane with red and blue stripes sits on a tarmac surrounded by buildings."
1022,data/images/n03775071/n03775071_3297.JPEG,gloves,rocket," A pair of handmade, knitted gloves with a mix of brown, orange, and black yarn. ","A rocket with a large, red ""X"" painted on its side."
1023,data/images/n03197337/n03197337_1045.JPEG,watch or watches,watch or watches, A white and black digital wristwatch with a white strap. ,"A watch with a black leather strap and silver-colored face, displaying the time in Arabic numerals."
1024,data/images/n07873807/n07873807_3354.JPEG,pizza,pizza, A large pepperoni pizza in a box. ,A colorful pizza slice with cheese and toppings on a white background.
1025,data/images/n03272010/n03272010_11611.JPEG,guitar,train, A man playing a guitar at sunset. ,"A large, detailed map of the United States with cities and states labeled."
1026,data/images/n11939491/n11939491_59345.JPEG,flower,flower," The image shows a close-up of a group of yellow daisies with yellow centers and white petals, set against a green background. ","A colorful bouquet of flowers, with various shades and textures."
1027,data/images/n02504458/n02504458_296.JPEG,elephant,elephant," A group of elephants in a museum exhibit, with one elephant prominently facing the camera. ","A large, gray elephant with a long trunk stands in a lush green forest."
1028,data/images/n03297495/n03297495_1447.JPEG,coffee maker,train, A vintage metal hand juicer on a table. ,"A close-up of a train's front, with intricate details visible."
1029,data/images/n02906734/n02906734_17960.JPEG,brush,brush, A broom leaning against a doorway in a building. ,A brush with bristles on a wooden handle.
1030,data/images/n03197337/n03197337_2141.JPEG,watch or watches,chair," The image shows a digital wristwatch with a blue screen displaying the time ""8:10"" and the date ""10"". ",A wooden chair with a red cushion and four legs.
1031,data/images/n03100240/n03100240_3310.JPEG,car,car, A white classic mustang car on display. ,A close-up image of a person's face with an expression of concentration and determination.
1032,data/images/n03100240/n03100240_16653.JPEG,car,coffee mug, A red convertible parked on a driveway. ,A white ceramic coffee mug with a blue and green floral pattern on the outside.
1033,data/images/n03452741/n03452741_16744.JPEG,piano,piano, A man is playing a piano in a restaurant with a mcdonald's sign in the background. ,"This image depicts a close-up view of an intricate, hand-painted wooden musical instrument known as the piano."
1034,data/images/n03063599/n03063599_3714.JPEG,coffee mug,car, Two blue mugs with handles on a table. ,"A close-up of a woman's face with long, curly hair and large eyes."
1035,data/images/n03982430/n03982430_38296.JPEG,pool table,pool table, A small orange toy is sitting on a pool table. ,"A round, wooden table with a green felt surface and pockets for balls on each side."
1036,data/images/n02690373/n02690373_2109.JPEG,airplane,clownfish or fish, A white airplane flying over a body of water with a city in the background. ,"A vibrant orange clownfish with white stripes and black spots, swimming in a clear blue ocean."
1037,data/images/n03877472/n03877472_3847.JPEG,girl,mushroom, A young girl is sitting on the floor surrounded by Christmas presents. ,"A large, multi-colored mushroom with a white cap and red spots."
1038,data/images/n03584829/n03584829_13555.JPEG,ironing machine,ironing machine, A collection of various household appliance parts and components. ,"A woman is holding a white ironing board with an attached iron, standing in front of a window displaying the city skyline."
1039,data/images/n03063599/n03063599_552.JPEG,coffee mug,panda or pandas," A small terracotta pot with the word ""shape"" written on it. ","A panda sitting on a branch, enjoying the view of a lush forest."
1040,data/images/n03775071/n03775071_3112.JPEG,gloves,pumpkin," Three handmade felt Christmas stockings in red, purple, and blue, each with a white pom pom on top. ","A pumpkin with a large, bulbous stem and intricate ridges on its surface."
1041,data/images/n04069434/n04069434_17439.JPEG,camera,tower, A person taking a selfie with a camera. ,A tall tower made of wooden planks and beams.
1042,data/images/n04120489/n04120489_6792.JPEG,shoes,gun, A person's feet wearing white and blue sneakers. ,"A close-up image of a person's hand holding a small, shiny gun."
1043,data/images/n03709823/n03709823_12670.JPEG,handbag,gloves, A dark blue tote bag with brown leather accents and a tan strap. ,"A pair of white, leather gloves with a black and red striped pattern on the back of each hand."
1044,data/images/n04044716/n04044716_12999.JPEG,tower,pool table, A large metal satellite dish in a field. ,"A pool table with a green felt surface and black lines, surrounded by walls on three sides."
1045,data/images/n03100240/n03100240_18492.JPEG,car,cell phone," A vintage white car with a red interior and a black roof, parked on a street. ","A black and white photograph of a man holding an iPhone 4s, with the Apple logo in the background."
1046,data/images/n02510455/n02510455_95099.JPEG,panda or pandas,ball, A panda bear sitting on a tree branch in an enclosure. ,"A close-up of a woman's face, with her eyes wide open and eyebrows furrowed in concentration."
1047,data/images/n02951358/n02951358_6087.JPEG,canoe or boat,canoe or boat, A green canoe on a rocky shoreline. ,"A canoe or boat is a small, narrow watercraft designed for one or two people to paddle and navigate on calm waters."
1048,data/images/n03792972/n03792972_1570.JPEG,camp or camping,bicycle, A tent set up in a field with camping gear. ,A bicycle with a basket and flowers on the handlebars is parked in front of a wooden fence.
1049,data/images/n03584829/n03584829_26740.JPEG,ironing machine,ironing machine," An old iron with rusted handle and a rope, placed on a rusted metal stand. ","A woman is holding a large, white laundry basket filled with folded clothes and surrounded by various cleaning supplies such as detergent bottles, fabric softener, and stain remover."
1050,data/images/n07873807/n07873807_3896.JPEG,pizza,pizza," A pizza with cheese, olives, and basil on a wooden cutting board. ","A colorful pizza with various toppings, including vegetables and meat, on a round crust."
1051,data/images/n03792782/n03792782_12815.JPEG,bicycle,bicycle," A group of bicyclists in a line, preparing for a race. ",A bicycle with a basket and flowers on the front.
1052,data/images/n13054560/n13054560_5228.JPEG,mushroom,mushroom, A red mushroom with white spots growing in the grass. ,"A colorful, multicolored, multi-colored mushroom with a white cap and brown gills."
1053,data/images/n03888257/n03888257_39021.JPEG,parachutes,pool table, A person is skydiving with an American flag attached to their ankles. ,"A close-up of a woman's face, with her eyes closed and her mouth slightly open."
1054,data/images/n02690373/n02690373_736.JPEG,airplane,clownfish or fish," A white airplane with blue and orange lettering on the tail, parked on the tarmac at an airport. ","A clownfish with a vibrant orange and white coloration, swimming in an underwater coral reef."
1055,data/images/n03792782/n03792782_5419.JPEG,bicycle,bicycle, A man riding a bicycle on a wooden bridge in a wooded area. ,A bicycle is a two-wheeled vehicle with pedals that are used for transportation and exercise.
1056,data/images/n03197337/n03197337_1351.JPEG,watch or watches,train, A person's hand with a name written on it. ,"A large, ornate chair with intricate carvings and delicate details."
1057,data/images/n04120489/n04120489_6812.JPEG,shoes,tower, A black and white shoe on a brick patio. ,"A large, ornate tower with multiple balconies and intricate carvings."
1058,data/images/n03877472/n03877472_2301.JPEG,girl,girl," Two young girls sitting on the floor, smiling and posing for the camera. ","A girl wearing a white dress with blue and yellow flowers, standing in front of a green background."
1059,data/images/n03100240/n03100240_10410.JPEG,car,car, A vintage blue Volkswagen Beetle parked in a parking lot. ,A car is a vehicle with four wheels and an engine.
1060,data/images/n03775071/n03775071_3297.JPEG,gloves,rocket," A pair of handmade, knitted gloves with a mix of brown, orange, and black yarn. ","A rocket with a long, slender body and four large fins, surrounded by clouds and a blue sky."
1061,data/images/n07873807/n07873807_8175.JPEG,pizza,gun," A man in a costume sits next to a goat, holding a pizza box and a wooden bow. ",A close-up of a woman's face with intricate makeup and jewelry.
1062,data/images/n02389026/n02389026_724.JPEG,horse,horse, A young brown horse with a white blaze on its face is walking in a grassy field. ,"A close-up of a woman's face, with her eyes closed and wearing glasses."
1063,data/images/n02992529/n02992529_35743.JPEG,cell phone,coffee mug, A cell phone displaying a text message with the date and time. ,"A white coffee mug with a blue handle and a small, yellow flower on the front."
1064,data/images/n02510455/n02510455_6311.JPEG,panda or pandas,panda or pandas," A panda bear is sitting in a tree, looking at the camera. ","A panda sitting on a branch, eating bamboo."
1065,data/images/n02690373/n02690373_398.JPEG,airplane,monkey, American airlines passenger jet in flight. ,"A monkey sitting on a branch, surrounded by colorful flowers and leaves."
1066,data/images/n04044716/n04044716_9463.JPEG,tower,tower, A large white satellite dish. ,"The image depicts a large, futuristic tower with multiple levels and various amenities for visitors to enjoy."
1067,data/images/n02992529/n02992529_13746.JPEG,cell phone,cell phone, A man in glasses is talking on a cell phone while sitting at a table. ,"A small, rectangular electronic device with touch screen capabilities and the ability to make phone calls."
1068,data/images/n03773504/n03773504_17692.JPEG,rocket,girl," The image shows a missile with the word ""USA"" on it, standing in front of an American flag. ","The image depicts a girl wearing a white dress with long sleeves, sitting on the floor and holding a small teddy bear in her left hand."
1069,data/images/n04120489/n04120489_3979.JPEG,shoes,tower," The image shows a close-up of a Nike running shoe with the word ""RUNNING"" visible on the side. ","A tall, slender tower with a peaked roof and multiple floors."
1070,data/images/n03792782/n03792782_122.JPEG,bicycle,bicycle, A man is riding a bicycle on a steep rocky mountain trail. ,A bicycle is a vehicle with two wheels that is propelled by human power.
1071,data/images/n02607072/n02607072_1617.JPEG,clownfish or fish,clownfish or fish, Two clownfish swimming near a coral reef. ,"A clownfish, also known as a ""Nemo,"" is a small orange fish with big eyes and a unique face."
1072,data/images/n03775071/n03775071_2160.JPEG,gloves,handbag," A hand-knitted sock with a colorful pattern, sitting on a table with knitting needles and a piece of paper. ","A colorful, patterned handbag with multiple compartments and a long strap."
1073,data/images/n11939491/n11939491_12042.JPEG,flower,flower," A close-up photograph of white daisies with yellow centers, set against a dark blue background. ","A colorful bouquet of flowers, with various types and shades of blooms arranged in a vase."
1074,data/images/n02504458/n02504458_3816.JPEG,elephant,monkey, A large elephant standing in a grassy field. ,"A monkey sitting on a branch, holding an apple in its hand."
1075,data/images/n03272562/n03272562_608.JPEG,train,train, A blue and white train on the tracks. ,"A train with multiple sets of wheels and a long, curved body."
1076,data/images/n03272010/n03272010_7501.JPEG,guitar,guitar, A young boy sitting on a chair playing a guitar. ,A man wearing a suit and tie is playing the guitar while sitting on a couch.
1077,data/images/n02504458/n02504458_4234.JPEG,elephant,elephant," A close-up of an elephant's face, showcasing its large, wrinkled skin and long, curved tusks. ","A large, grey elephant stands on a sandy beach with the sun setting behind it.
The sentence you provided is already one sentence long and describes an image of a grey elephant standing on a sandy beach as the sun sets in the background."
1078,data/images/n03063599/n03063599_4172.JPEG,coffee mug,canoe or boat, A black coffee mug on a window sill. ,"A small, wooden canoe with a single person sitting in the front and holding an oar."
1079,data/images/n03445777/n03445777_5342.JPEG,ball,ball, A white golf ball with a logo on it. ,"The image depicts a large, multi-colored ball with various textures and patterns on its surface."
1080,data/images/n03775071/n03775071_794.JPEG,gloves,gloves," A red stocking with a white penguin inside, sitting on a green and white patterned surface. ","A series of five circles, each with decreasing size, representing a hand gesture where the fingers are interlocked and extended."
1081,data/images/n03590841/n03590841_6633.JPEG,pumpkin,ironing machine," A carved pumpkin with a face and eyes, sitting on a table. ","A modern, stainless steel washing machine with a large capacity for laundry."
1082,data/images/n11939491/n11939491_5055.JPEG,flower,flower, A white daisy with a yellow center. ,"A colorful bouquet of flowers, with various petals and stems."
1083,data/images/n13054560/n13054560_8062.JPEG,mushroom,mushroom, A white plate with sliced mushrooms. ,"A large, colorful mushroom with a wide, curved cap and small bumps on its surface."
1084,data/images/n13054560/n13054560_11059.JPEG,mushroom,mushroom, A mushroom growing out of a tree stump. ,"A large, brown mushroom with a white stalk and gills."
1085,data/images/n02906734/n02906734_17960.JPEG,brush,airplane, A broom leaning against a doorway in a building. ,"A small airplane with a red and white color scheme is taking off from a runway, surrounded by green trees."
1086,data/images/n02281787/n02281787_5770.JPEG,butterfly,cat, A brown and white butterfly perched on a branch. ,A black cat with white paws and a red collar sitting on a wooden floor.
1087,data/images/n02951358/n02951358_6087.JPEG,canoe or boat,cell phone, A green canoe on a rocky shoreline. ,"A small, rectangular device with a touchscreen and various buttons for making calls, sending texts, accessing the internet, taking photos, and playing music."
1088,data/images/n02124075/n02124075_12430.JPEG,cat,butterfly, A brown and black cat with green eyes. ,"A colorful butterfly with intricate patterns on its wings, perched on a leaf."
1089,data/images/n07753592/n07753592_1198.JPEG,fruits and vegetables,pizza," A still life of fruit, including an apple, bananas, and a rose, arranged on a reflective surface. ","A pizza with a variety of toppings, including vegetables and cheese."
1090,data/images/n03445777/n03445777_6397.JPEG,ball,piano," A white golf ball with a black logo on it, sitting on a grassy surface. ",A woman playing the piano with her hands on the keys.
1091,data/images/n03297495/n03297495_1204.JPEG,coffee maker,pool table, This is an image of a coffee machine with two cups of coffee on the spout. ,A pool table with a cloth covering and surrounded by chairs.
1092,data/images/n04069434/n04069434_3119.JPEG,camera,camera, A vintage black and white Rolleicord camera sitting on a wooden floor. ,A close-up image of a person's face with visible pores and wrinkles.
1093,data/images/n02951358/n02951358_31796.JPEG,canoe or boat,canoe or boat," Two people in red kayaks on a river, with a rocky cliff and a building in the background. ","A wooden canoe with a person sitting in the middle, floating on water."
1094,data/images/n03197337/n03197337_830.JPEG,watch or watches,train," A digital wristwatch with a black strap and a white face, inside a clear plastic case. ","A train with multiple cars, each containing a large number of passengers."
1095,data/images/n11939491/n11939491_23775.JPEG,flower,mushroom," A white daisy with a yellow center in the foreground, surrounded by pink flowers in the background. ","A large, colorful mushroom with a tall stem and a wide cap."
1096,data/images/n03792782/n03792782_122.JPEG,bicycle,bicycle, A man is riding a bicycle on a steep rocky mountain trail. ,A bicycle with a basket and handlebars.
1097,data/images/n03272010/n03272010_7501.JPEG,guitar,guitar, A young boy sitting on a chair playing a guitar. ,"A guitar with a unique, asymmetrical body shape."
1098,data/images/n03297495/n03297495_7249.JPEG,coffee maker,coffee maker," This is an image of a white espresso machine with a silver and black front panel, featuring two spouts and two buttons. ","A coffee maker with a glass carafe and metal handle, on top of which is an attached milk frother."
1099,data/images/n03445777/n03445777_2548.JPEG,ball,ball," A golf ball on a green, with a logo for scott health & safety. ","A large, white ball with a red stripe down the center sits on a green field surrounded by trees."
1100,data/images/n03792972/n03792972_474.JPEG,camp or camping,girl, A dog sitting next to a tent on a city street. ,"A girl wearing a white dress with flowers, sitting on a wooden chair and holding a red balloon."
1101,data/images/n07873807/n07873807_18033.JPEG,pizza,shoes," Two pizzas on a baking sheet, one with cheese and olives, the other with cheese, olives, and sausage. ",A group of people wearing shoes in various styles and colors.
1102,data/images/n03376595/n03376595_3835.JPEG,chair,chair," Two wooden lounge chairs with slats, one leaning against the other. ","The image shows a wooden chair with four legs, a backrest, and two armrests."
1103,data/images/n07753592/n07753592_14206.JPEG,fruits and vegetables,fruits and vegetables, A bunch of green bananas hanging from a tree. ,A colorful arrangement of fruits and vegetables on a wooden cutting board.
1104,data/images/n03180011/n03180011_5279.JPEG,computer,computer," A man sitting at a computer desk, working on a computer. ","The image depicts a large, colorful abstract pattern with multiple geometric shapes and lines in various shades of blue, green, yellow, red, purple, and orange."
1105,data/images/n02951358/n02951358_30776.JPEG,canoe or boat,canoe or boat, A group of people in kayaks on the ocean. ,"A small, wooden boat with a single sail and no visible crew on board."
1106,data/images/n03445777/n03445777_2548.JPEG,ball,ball," A golf ball on a green, with a logo for scott health & safety. ","A large, colorful ball with intricate patterns and designs on its surface."
1107,data/images/n07873807/n07873807_2421.JPEG,pizza,fruits and vegetables, A variety of pizzas on display in a restaurant. ,"A colorful assortment of fruits and vegetables, including apples, oranges, bananas, carrots, and tomatoes, arranged on a wooden cutting board."
1108,data/images/n02510455/n02510455_15145.JPEG,panda or pandas,panda or pandas, A black and white panda bear sitting in an enclosure. ,"A panda sitting on a branch, looking cute and fluffy."
1109,data/images/n02281787/n02281787_5770.JPEG,butterfly,cat, A brown and white butterfly perched on a branch. ,"A close-up of a colorful, abstract painting with swirling patterns and bright hues."
1110,data/images/n02124075/n02124075_14886.JPEG,cat,cat, A cat with yellow eyes and a white nose. ,"A close-up of a colorful, abstract painting with swirls and shapes."
1111,data/images/n04044716/n04044716_555.JPEG,tower,camera, A cherry picker is lifting a worker to repair a satellite dish. ,"A close-up of a person's face with thick, curly hair and a small mole above their upper lip."
1112,data/images/n03775071/n03775071_9939.JPEG,gloves,girl," A green and white knitted sock in progress, with a crochet hook in the middle. ",A girl wearing a pink dress and holding a teddy bear stands in front of a white picket fence.
1113,data/images/n03792782/n03792782_12815.JPEG,bicycle,girl," A group of bicyclists in a line, preparing for a race. ","This image shows a girl with long, curly hair and big eyes."
1114,data/images/n02906734/n02906734_9317.JPEG,brush,brush, A wooden broom leaning against a wooden fence. ,A brush with bristles on a wooden handle.
1115,data/images/n02951358/n02951358_29817.JPEG,canoe or boat,canoe or boat," A person in a red kayak on a river, surrounded by lush greenery and a wooden bridge. ","A canoe or boat is a small, narrow watercraft designed for navigating rivers and lakes."
1116,data/images/n03590841/n03590841_6462.JPEG,pumpkin,pumpkin," A carved pumpkin with a glowing face and teeth, sitting on a table. ","A large, orange pumpkin with a long stem and intricate patterns on its surface."
1117,data/images/n02281787/n02281787_2216.JPEG,butterfly,butterfly, A small blue butterfly perched on a rock. ,"A colorful butterfly is gracefully perched on a vibrant flower, with the sun shining brightly behind it."
1118,data/images/n03100240/n03100240_16653.JPEG,car,car, A red convertible parked on a driveway. ,"A car with four wheels and a roof, powered by an engine."
1119,data/images/n03445777/n03445777_6397.JPEG,ball,ball," A white golf ball with a black logo on it, sitting on a grassy surface. ","A group of four people and one dog are gathered around a table, engaged in conversation."
1120,data/images/n04069434/n04069434_12869.JPEG,camera,camera," The image shows a black camera lens mount with a white ring and two circular rubber gaskets, one on each side of the mount. ","A camera with multiple lenses and attachments, designed for various photography purposes."
1121,data/images/n11939491/n11939491_4441.JPEG,flower,mushroom," Three flowers with red, yellow, and white petals in a vase. ","A large, white mushroom with a small hole in the center."
1122,data/images/n02951358/n02951358_2037.JPEG,canoe or boat,canoe or boat, A woman in a canoe on a lake with trees in the background. ,"A canoe and a boat are both small, narrow watercraft with pointed ends."
1123,data/images/n02124075/n02124075_57.JPEG,cat,cat, A small kitten with yellow eyes and a spotted coat is sitting on a carpeted floor. ,"A black cat with white paws and a white chin sits on a wooden floor, its green eyes looking directly at the camera."
1124,data/images/n03982430/n03982430_38296.JPEG,pool table,pool table, A small orange toy is sitting on a pool table. ,"A pool table with a dark wood surface, surrounded by four chairs and two windows."
1125,data/images/n03272010/n03272010_7501.JPEG,guitar,guitar, A young boy sitting on a chair playing a guitar. ,"A colorful, cartoon-style illustration of a guitar with an anthropomorphic face and curly hair."
1126,data/images/n02504458/n02504458_6428.JPEG,elephant,panda or pandas," An elephant standing on a pile of logs, eating a log. ","A panda sitting on a branch, enjoying the view of bamboo leaves and trees."
1127,data/images/n03100240/n03100240_16653.JPEG,car,car, A red convertible parked on a driveway. ,"A complex, detailed sentence describing an intricate image."
1128,data/images/n04069434/n04069434_9030.JPEG,camera,gun, A vintage black and white camera with a silver lens and a black strap. ,"A black and white photograph of a group of people gathered around a table, holding hands and smiling."
1129,data/images/n03590841/n03590841_11757.JPEG,pumpkin,rocket," Two carved pumpkins with faces, one with a neutral expression and the other with a scary expression, sitting on a table. ","A rocket with a large, cylindrical body and multiple fins is depicted in the image."
1130,data/images/n03445777/n03445777_2951.JPEG,ball,ball," A golf ball on a green, in front of a hole. ","A close-up of a group of people sitting in a circle, holding hands and looking at the camera with smiles on their faces."
1131,data/images/n03888257/n03888257_24025.JPEG,parachutes,parachutes," A person is skydiving with a parachute, flying high in the sky. ","A group of people wearing parachutes, standing on a hill with trees and mountains in the background."
1132,data/images/n13054560/n13054560_5228.JPEG,mushroom,mushroom, A red mushroom with white spots growing in the grass. ,"A colorful, multicolored mushroom with a white cap and brown gills."
1133,data/images/n03297495/n03297495_6860.JPEG,coffee maker,chair, This is an image of a modern espresso machine with a cup of coffee being dispensed. ,"This image depicts a chair with intricate carvings and gold embellishments, showcasing its luxurious design."
1134,data/images/n03590841/n03590841_8067.JPEG,pumpkin,pumpkin," A woman carving a jack-o-lantern in a kitchen, with a table full of carved pumpkins. ","A detailed, intricate illustration of a pumpkin, showcasing various aspects and textures."
1135,data/images/n03063599/n03063599_858.JPEG,coffee mug,canoe or boat," Three coffee mugs with different colored handles and the word ""coffee matters"" on them. ","A small, flat-bottomed boat with a curved back and two short vertical supports on either side."
1136,data/images/n03180011/n03180011_19233.JPEG,computer,coffee maker, A dark room with a computer desk and multiple monitors. ,"A coffee maker with a glass carafe, filter holder, and milk frother on top of a wooden countertop."
1137,data/images/n03709823/n03709823_17750.JPEG,handbag,handbag, A brown leather handbag with a pocket on the front. ,"A small, rectangular handbag with a single handle and a flap closure."
1138,data/images/n03180011/n03180011_16171.JPEG,computer,computer, A silver desktop computer with keyboard and mouse on a white background. ,A computer with a colorful background and multiple icons displayed on its screen.
1139,data/images/n03888257/n03888257_16741.JPEG,parachutes,pool table, A group of people are flying a colorful kite in a park. ,"A rectangular pool table with a green felt surface, surrounded by six chairs and two tall lamps."
1140,data/images/n04069434/n04069434_12771.JPEG,camera,tower," The image shows a black digital single-lens reflex camera (DSLR) with a lens attached, set against a white background. ","A tall tower made of multiple layers, with each layer containing a series of interconnected walkways and platforms."
1141,data/images/n03584829/n03584829_33459.JPEG,ironing machine,ironing machine, An iron on a table with a compass and ink. ,"A woman is holding a large, heavy ironing board with both hands as she leans over to place it on the floor."
1142,data/images/n03452741/n03452741_12409.JPEG,piano,piano," An old, black piano in a room. ","A beautiful, serene image of a piano in an elegant room with natural light streaming through the window."
1143,data/images/n02510455/n02510455_6311.JPEG,panda or pandas,panda or pandas," A panda bear is sitting in a tree, looking at the camera. ","A cute, fluffy panda sitting on a tree branch with its paws tucked under its chin."
1144,data/images/n04069434/n04069434_7064.JPEG,camera,pool table, A black Minolta camera with a zoom lens. ,"A close-up image of a pool table with multiple cues, balls, and pockets."
1145,data/images/n02504458/n02504458_480.JPEG,elephant,elephant, An elephant standing in a zoo enclosure. ,"A detailed and colorful painting of a majestic elephant, with intricate patterns on its trunk and tusks."
1146,data/images/n03445777/n03445777_9216.JPEG,ball,piano, A pink golf ball on a tee in a field of yellow flowers. ,"The image depicts a close-up view of an intricate, hand-painted wooden musical instrument called the ""piano"" or piano."
1147,data/images/n03180011/n03180011_19233.JPEG,computer,guitar, A dark room with a computer desk and multiple monitors. ,"The image depicts a person holding an electric guitar with various expressions on their face, including confusion and amusement."
1148,data/images/n04044716/n04044716_860.JPEG,tower,tower, A large satellite dish in a desert setting. ,"A tall, narrow tower made of interlocking bricks and blocks."
1149,data/images/n03584829/n03584829_37429.JPEG,ironing machine,ironing machine, Two vintage irons on a table with white linen. ,"A woman is using a large, box-shaped device with several compartments and hoses to wash clothes."
1150,data/images/n03775071/n03775071_10573.JPEG,gloves,gloves, A purple knitted glove with a white stripe on the palm. ,"A pair of white boxing gloves with red and black stripes on the back, designed for a professional fighter."
1151,data/images/n03773504/n03773504_8896.JPEG,rocket,rocket, A white missile on display in a museum. ,"A rocket is taking off, but it's not going anywhere."
1152,data/images/n03445777/n03445777_2951.JPEG,ball,ball," A golf ball on a green, in front of a hole. ","A large, inflatable ball with a smiling face and colorful patterns."
1153,data/images/n02690373/n02690373_398.JPEG,airplane,airplane, American airlines passenger jet in flight. ,A small airplane flying in the sky.
1154,data/images/n03197337/n03197337_5937.JPEG,watch or watches,computer, A man wearing a bright orange watch with a digital display. ,"The image depicts a person holding a smartphone with their other hand raised in the air, while standing on a sidewalk next to a building."
1155,data/images/n03452741/n03452741_16744.JPEG,piano,ball, A man is playing a piano in a restaurant with a mcdonald's sign in the background. ,"A white sphere with a blue stripe on one side, resting on a black surface."
1156,data/images/n03180011/n03180011_9576.JPEG,computer,guitar, A silver desktop computer with a monitor in the background. ,"A vintage, wooden guitar with a natural wood finish and six strings."
1157,data/images/n03452741/n03452741_2123.JPEG,piano,piano, A man in a red coat and black pants is playing a piano in a room with a chandelier. ,"A grand piano with a polished finish, set against a neutral background and illuminated by warm lighting."
1158,data/images/n03100240/n03100240_16653.JPEG,car,cell phone, A red convertible parked on a driveway. ,"A small, rectangular device with a touchscreen and cellular capabilities for making calls, sending messages, accessing the internet, and running various applications."
1159,data/images/n03063599/n03063599_3606.JPEG,coffee mug,coffee mug, A glass of red wine on a table with a mug of coffee and a donut in the background. ,"A cartoon cat wearing a chef's hat and apron, holding a coffee mug with the words ""Meowy Coffee"" written on it."
1160,data/images/n07753592/n07753592_1198.JPEG,fruits and vegetables,shoes," A still life of fruit, including an apple, bananas, and a rose, arranged on a reflective surface. ",A pair of brown shoes with white laces and a black sole.
1161,data/images/n03877472/n03877472_23771.JPEG,girl,girl," Three women in pajamas sitting on a couch, smiling and posing for the camera. ","A young girl with long, wavy hair and a floral dress stands in front of a white picket fence while holding a bouquet of flowers."
1162,data/images/n03100240/n03100240_18492.JPEG,car,monkey," A vintage white car with a red interior and a black roof, parked on a street. ","A monkey sitting on a branch, looking out at the viewer with its eyes wide open."
1163,data/images/n03888257/n03888257_54295.JPEG,parachutes,tower," Two parachutists flying high in the sky, each holding a Canadian flag, against a backdrop of a clear blue sky. ","This image shows a tall, narrow tower made of wooden blocks with various shapes and sizes."
1164,data/images/n03180011/n03180011_19233.JPEG,computer,car, A dark room with a computer desk and multiple monitors. ,"A large, colorful bouquet of flowers with various types and sizes of blooms."
1165,data/images/n02992529/n02992529_52043.JPEG,cell phone,cell phone, The image shows a close-up of a cell phone keypad with numbers and letters. ,"A small, rectangular device with a touchscreen and various communication capabilities."
1166,data/images/n02504458/n02504458_6155.JPEG,elephant,panda or pandas, An elephant walking in a grassy area. ,"A panda is a black and white bear-like animal with round, cute face and fluffy fur."
1167,data/images/n03877472/n03877472_4073.JPEG,girl,girl," A young child in pajamas with cupcake pattern, looking out a window. ","A girl is sitting on a chair, wearing a white dress and holding a small purse in her hand."
1168,data/images/n03197337/n03197337_830.JPEG,watch or watches,train," A digital wristwatch with a black strap and a white face, inside a clear plastic case. ","A train with multiple cars, each carrying a different type of cargo."
1169,data/images/n03272562/n03272562_9027.JPEG,train,train, A vintage train on tracks with passengers visible through the windows. ,"A train with a long, curved body and multiple windows on each side."
1170,data/images/n03709823/n03709823_16780.JPEG,handbag,pumpkin, A close-up view of a red purse with a silver chain strap. ,A pumpkin with a face that looks like it is smiling and has big eyes.
1171,data/images/n11939491/n11939491_55377.JPEG,flower,mushroom, A vibrant pink flower with yellow center in a field of grass. ,"A large, white mushroom with a small hole in the center."
1172,data/images/n03452741/n03452741_2123.JPEG,piano,piano, A man in a red coat and black pants is playing a piano in a room with a chandelier. ,A black and white piano with a red velvet cushion on top.
1173,data/images/n03297495/n03297495_6860.JPEG,coffee maker,train, This is an image of a modern espresso machine with a cup of coffee being dispensed. ,"A train with multiple cars, each decorated to look like a different type of animal."
1174,data/images/n03888257/n03888257_39021.JPEG,parachutes,tower, A person is skydiving with an American flag attached to their ankles. ,A tall tower made of many smaller towers.
1175,data/images/n04044716/n04044716_555.JPEG,tower,car, A cherry picker is lifting a worker to repair a satellite dish. ,"A photo of a car with multiple layers of ""aluminum"" and ""chrome"" detailing on its exterior."
1176,data/images/n03272562/n03272562_4071.JPEG,train,train," An old train car sits on the tracks, waiting for its next journey. ","A large, ornate clock with multiple faces and intricate details is depicted on the front of a vintage wooden train."
1177,data/images/n03709823/n03709823_18874.JPEG,handbag,handbag, A blue and white bag with a square design on it. ,"A brown leather handbag with a gold-tone chain handle and multiple compartments, perfect for everyday use."
1178,data/images/n04086273/n04086273_8280.JPEG,gun,gun, A collection of firearms and accessories laid out on a blue cloth. ,"A close-up image of a colorful, abstract painting with swirling patterns and bright colors."
1179,data/images/n03100240/n03100240_13929.JPEG,car,train, A vintage black car with red trim parked on grass. ,"A large, detailed illustration of a steam-powered train chugging along a winding track surrounded by lush greenery and mountains in the background."
1180,data/images/n02607072/n02607072_2525.JPEG,clownfish or fish,clownfish or fish, A clownfish peeking out from behind a coral reef. ,"A vibrant orange clownfish with black stripes and white dots, swimming gracefully in a clear blue ocean."
1181,data/images/n02504458/n02504458_3816.JPEG,elephant,elephant, A large elephant standing in a grassy field. ,"A large, gray elephant with a long trunk and floppy ears stands on all fours in a grassy field."
1182,data/images/n03197337/n03197337_4120.JPEG,watch or watches,guitar, A silver wristwatch with a digital display and a black strap. ,A person holding a guitar with intricate details and vibrant colors.
1183,data/images/n11939491/n11939491_7263.JPEG,flower,pizza, A white daisy with yellow center in the center of a large green leaf. ,"A round, cheesy pizza with various toppings on a wooden cutting board."
1184,data/images/n03792782/n03792782_15924.JPEG,bicycle,bicycle," A man is riding a mountain bike on a trail, jumping over a small hill. ","A group of people riding bicycles in a park, enjoying the beautiful scenery and fresh air."
1185,data/images/n03063599/n03063599_3890.JPEG,coffee mug,coffee mug, A hand holding a mug with a blue background and a handprint design. ,"A plain white coffee mug with a simple design, featuring no text or graphics on its surface."
1186,data/images/n03773504/n03773504_8896.JPEG,rocket,rocket, A white missile on display in a museum. ,"A rocket with a sleek, futuristic design soars through the cosmos, symbolizing innovation and exploration."
1187,data/images/n07873807/n07873807_3896.JPEG,pizza,pizza," A pizza with cheese, olives, and basil on a wooden cutting board. ","A colorful, hand-drawn illustration of a helpful assistant holding a slice of pizza with the words ""You are a helpful assistant"" written on it."
1188,data/images/n04086273/n04086273_26142.JPEG,gun,flower," This is an image of a vintage firearm, specifically a revolver, with a wooden grip and a metal barrel. The firearm is displayed against a wooden background. ","A colorful, intricate flower with multiple petals and a central stem, surrounded by a mix of smaller flowers and leaves."
1189,data/images/n03877472/n03877472_28707.JPEG,girl,girl, A young girl in a blue pajama with a snowman design is standing in a doorway. ,"The image depicts a girl with long, flowing hair and large eyes surrounded by intricate patterns and vibrant colors."
1190,data/images/n03297495/n03297495_1447.JPEG,coffee maker,coffee maker, A vintage metal hand juicer on a table. ,"A coffee maker with a small, round container on top."
1191,data/images/n11939491/n11939491_51732.JPEG,flower,fruits and vegetables," The image shows a close-up of a daisy with white petals and a yellow center, surrounded by other daisies in the background. ","A colorful assortment of fruits and vegetables, including apples, bananas, oranges, carrots, broccoli, and tomatoes, arranged on a wooden cutting board."
1192,data/images/n02504458/n02504458_481.JPEG,elephant,elephant, Two elephants standing in the mud. ,"A close-up of a large, friendly elephant with expressive eyes and long eyelashes."
1193,data/images/n03197337/n03197337_16730.JPEG,watch or watches,watch or watches," A black and white wristwatch with a digital display, sitting on a brown box. ","A silver watch on a black leather strap, with a white face and Roman numerals."
1194,data/images/n03792782/n03792782_757.JPEG,bicycle,bicycle, A woman riding a bicycle on a trail. ,"A colorful, hand-drawn illustration of a girl riding her bicycle through a forest with birds and butterflies flying around."
1195,data/images/n03792782/n03792782_8799.JPEG,bicycle,rocket," A collage of a mountain bike race, featuring a man in a blue and black jersey riding a bike, with various other cyclists and a collage of photos from the event. ","A rocket with multiple layers of text, including ""rocket,"" ""rocket,"" and ""rocket"" written on it."
1196,data/images/n03590841/n03590841_10934.JPEG,pumpkin,handbag," A carved pumpkin with a scary face sits on a porch, illuminated by red lights. ","A stylish, colorful handbag with a unique and eye-catching design."
1197,data/images/n02389026/n02389026_3269.JPEG,horse,horse, A brown horse with a white stripe down its face and a white spot on its forehead. ,A white horse with a black mane and tail stands in a field of tall green grass.
1198,data/images/n03180011/n03180011_4854.JPEG,computer,guitar," A computer desk with a monitor, keyboard, mouse, and a lamp. ","A black-and-white photograph of a man playing the guitar, with his face and hands in focus."
1199,data/images/n03100240/n03100240_3310.JPEG,car,car, A white classic mustang car on display. ,"A sleek, black sports car with a low-slung body and aggressive front end."
1200,data/images/n03792782/n03792782_51723.JPEG,bicycle,bicycle," A man riding a bicycle on a steep, narrow path. ","A bicycle with a basket and handlebars, suitable for leisurely rides."
1201,data/images/n04086273/n04086273_26142.JPEG,gun,camera," This is an image of a vintage firearm, specifically a revolver, with a wooden grip and a metal barrel. The firearm is displayed against a wooden background. ",A close-up of a person's face with a neutral expression.
1202,data/images/n07753592/n07753592_1198.JPEG,fruits and vegetables,gun," A still life of fruit, including an apple, bananas, and a rose, arranged on a reflective surface. ","A black and white image of a woman holding a small, fluffy dog in her arms."
1203,data/images/n03063599/n03063599_1320.JPEG,coffee mug,coffee mug, A red espresso machine with a pressure gauge and a black handle. ,A coffee mug with a cartoon character on it.
1204,data/images/n04069434/n04069434_7064.JPEG,camera,camera, A black Minolta camera with a zoom lens. ,"A close-up image of a camera, taken from above and showing its various components."
1205,data/images/n02906734/n02906734_17960.JPEG,brush,brush, A broom leaning against a doorway in a building. ,"A brush with bristles made of natural fibers, designed for cleaning and maintaining various surfaces."
1206,data/images/n02690373/n02690373_2109.JPEG,airplane,clownfish or fish, A white airplane flying over a body of water with a city in the background. ,"A clownfish, also known as a ""nemo fish,"" with orange and white stripes on its body."
1207,data/images/n02124075/n02124075_10525.JPEG,cat,cat," A gray and white cat is laying on its back, with its paws in the air, on a chair. ","A black cat with white fur and a red collar sits on a wooden floor, surrounded by colorful toys."
1208,data/images/n02690373/n02690373_1055.JPEG,airplane,clownfish or fish," A large white airplane with the words ""A380"" on the side, flying through a blue sky with clouds. ","A colorful clownfish hides in a vibrant coral reef, surrounded by various sea creatures."
1209,data/images/n07753592/n07753592_11911.JPEG,fruits and vegetables,fruits and vegetables, A street vendor selling fruit to customers. ,"A colorful assortment of fruits and vegetables, including apples, bananas, oranges, carrots, broccoli, and tomatoes."
1210,data/images/n04069434/n04069434_17439.JPEG,camera,gun, A person taking a selfie with a camera. ,"A cartoon of a man holding a gun with the caption ""Guns are bad"" and an image of a broken heart above it."
1211,data/images/n02607072/n02607072_2525.JPEG,clownfish or fish,brush, A clownfish peeking out from behind a coral reef. ,"A close-up of a colorful, abstract painting with swirling patterns and bold brushstrokes."
1212,data/images/n02992529/n02992529_42996.JPEG,cell phone,cell phone, A shirtless man in a crowd is using his cell phone. ,"A sleek, modern smartphone with a large touchscreen display and slim bezels."
1213,data/images/n11939491/n11939491_23775.JPEG,flower,flower," A white daisy with a yellow center in the foreground, surrounded by pink flowers in the background. ","A vibrant, multicolored flower with intricate patterns and textures."
1214,data/images/n03590841/n03590841_5746.JPEG,pumpkin,handbag," A carved pumpkin with a jack-o-lantern face and a sign that reads ""they eat their own"" in front of it. ","A colorful, intricate pattern of overlapping circles and squares on a white background."
1215,data/images/n03297495/n03297495_2948.JPEG,coffee maker,chair, A black espresso machine with two cups of coffee on the spout. ,A wooden armchair with intricate carvings on the backrest and armrests.
1216,data/images/n02504458/n02504458_5897.JPEG,elephant,monkey, A large elephant walking on a dirt road in a natural setting. ,"A monkey sitting on a branch, surrounded by lush green leaves and vines."
1217,data/images/n03877472/n03877472_4073.JPEG,girl,rocket," A young child in pajamas with cupcake pattern, looking out a window. ","A rocket with a large, curved body and four smaller engines attached to its sides."
1218,data/images/n02951358/n02951358_2350.JPEG,canoe or boat,handbag, Three people in kayaks on the ocean. ,A woman holds a colorful handbag with various compartments and straps.
1219,data/images/n11939491/n11939491_55377.JPEG,flower,flower, A vibrant pink flower with yellow center in a field of grass. ,"A colorful bouquet of flowers, symbolizing love and appreciation."
1220,data/images/n04120489/n04120489_5424.JPEG,shoes,camera," Two men sitting on a boat with their feet on a board, wearing sneakers and drinking water. ","A camera with a lens and a flash, used for taking photos."
1221,data/images/n02389026/n02389026_724.JPEG,horse,horse, A young brown horse with a white blaze on its face is walking in a grassy field. ,"A majestic horse, with flowing mane and elegant tail, stands proudly in a lush green field."
1222,data/images/n02492035/n02492035_16869.JPEG,monkey,horse, A monkey is sitting on a palm tree branch. ,"A horse with a rider, standing in front of a wooden fence."
1223,data/images/n02124075/n02124075_10525.JPEG,cat,cat," A gray and white cat is laying on its back, with its paws in the air, on a chair. ","A close-up photograph of a cat's face, with its eyes wide open and whiskers visible."
1224,data/images/n04120489/n04120489_14875.JPEG,shoes,shoes, A close-up view of a sports shoe with a blue and white color scheme. ,A pair of shoes with a simple design and neutral color.
1225,data/images/n03792782/n03792782_757.JPEG,bicycle,handbag, A woman riding a bicycle on a trail. ,"A stylish, roomy handbag with a chic design and elegant gold hardware."
1226,data/images/n02690373/n02690373_4671.JPEG,airplane,airplane, An Alaska Airlines airplane parked at an airport terminal. ,"A large, slow-flying aircraft with four engines and a distinctive hump on its upper fuselage."
1227,data/images/n03584829/n03584829_26740.JPEG,ironing machine,ironing machine," An old iron with rusted handle and a rope, placed on a rusted metal stand. ",A woman is using an ironing machine to press a white shirt.
1228,data/images/n04120489/n04120489_5424.JPEG,shoes,shoes," Two men sitting on a boat with their feet on a board, wearing sneakers and drinking water. ",A pair of black leather shoes with white laces and a small logo on the side.
1229,data/images/n03775071/n03775071_44.JPEG,gloves,handbag, A person wearing a colorful knitted glove and holding a tree. ,"A handbag with a unique, eye-catching design featuring multiple layers of varying shades of brown and gold."
1230,data/images/n02504458/n02504458_6155.JPEG,elephant,elephant, An elephant walking in a grassy area. ,"A gray elephant with a striped tail stands on all fours, its trunk raised in the air."
1231,data/images/n03063599/n03063599_1096.JPEG,coffee mug,cell phone," A white mug with a green design and the word ""tea"" on it. ","A small, rectangular device with a touchscreen and various communication capabilities."
1232,data/images/n11939491/n11939491_4441.JPEG,flower,flower," Three flowers with red, yellow, and white petals in a vase. ","A vibrant, multicolored flower with intricate patterns and a striking color palette."
1233,data/images/n03590841/n03590841_10934.JPEG,pumpkin,handbag," A carved pumpkin with a scary face sits on a porch, illuminated by red lights. ","A colorful, patterned handbag with a distinctive design and multiple compartments."
1234,data/images/n02281787/n02281787_2971.JPEG,butterfly,cat, A blue butterfly perched on a tall green plant. ,A cat sitting on a white background with blue and yellow accents.
1235,data/images/n03180011/n03180011_4255.JPEG,computer,train," The image shows a desktop computer with a monitor, keyboard, and mouse, along with a water cooler system. ","A small robot with a circular body and four legs, designed for cleaning floors."
1236,data/images/n03590841/n03590841_11757.JPEG,pumpkin,handbag," Two carved pumpkins with faces, one with a neutral expression and the other with a scary expression, sitting on a table. ","A colorful, abstract painting of a woman's face with intricate patterns and swirls in various shades of pink, purple, blue, and green."
1237,data/images/n03877472/n03877472_28953.JPEG,girl,girl, A woman in a pink pajama is playfully pinning a man to the floor while he is wearing a blue pajama. ,"A young woman with long, wavy hair and a white dress stands in front of a green background."
1238,data/images/n03063599/n03063599_5019.JPEG,coffee mug,coffee mug, A white coffee mug with a blue and red design on it. ,A cartoon character holding a steaming mug of coffee.
1239,data/images/n07753592/n07753592_3018.JPEG,fruits and vegetables,fruits and vegetables, A bunch of bananas growing on a tree. ,A colorful assortment of fruits and vegetables arranged on a wooden cutting board.
1240,data/images/n03590841/n03590841_5746.JPEG,pumpkin,pumpkin," A carved pumpkin with a jack-o-lantern face and a sign that reads ""they eat their own"" in front of it. ",A pumpkin with a smiling face.
1241,data/images/n03888257/n03888257_39168.JPEG,parachutes,pool table," A group of parachutists in the sky, performing a stunt, with smoke trailing behind them. ","A table with a pool-like surface, surrounded by six chairs and decorated with plants."
1242,data/images/n02690373/n02690373_20090.JPEG,airplane,airplane, A blue and white airplane on the runway. ,"A small airplane with a single propeller in the back, flying through a cloudy sky."
1243,data/images/n02951358/n02951358_29817.JPEG,canoe or boat,canoe or boat," A person in a red kayak on a river, surrounded by lush greenery and a wooden bridge. ","A canoe or boat is a small, narrow watercraft with a curved bottom and two rounded ends."
1244,data/images/n03297495/n03297495_7249.JPEG,coffee maker,train," This is an image of a white espresso machine with a silver and black front panel, featuring two spouts and two buttons. ","A train with multiple cars, each containing a variety of cargo and passengers."
1245,data/images/n02906734/n02906734_21440.JPEG,brush,clownfish or fish," A group of people playing indoor curling, with one person in the process of throwing the curling stone. ","A clownfish, also known as a ""damselfish,"" is a small, colorful fish with orange and white stripes on its body."
1246,data/images/n03773504/n03773504_370.JPEG,rocket,handbag, A large missile on display in a museum. ,"A group of people holding hands forming a circle, symbolizing unity and support."
1247,data/images/n03452741/n03452741_16744.JPEG,piano,piano, A man is playing a piano in a restaurant with a mcdonald's sign in the background. ,A black and white photograph of a grand piano with a red rose on the keys.
1248,data/images/n03063599/n03063599_4086.JPEG,coffee mug,cell phone," The image shows two rings, one purple and one yellow, against a white background. ","A small, rectangular device with touch screen and camera capabilities that allows users to make calls, send messages, access the internet, play music and videos, take photos and videos, run apps, and perform other tasks."
1249,data/images/n04086273/n04086273_2383.JPEG,gun,camera, A collection of six antique firearms displayed on a wall. ,"A close-up image of a colorful, patterned fabric with intricate designs and patterns."
1250,data/images/n03445777/n03445777_15294.JPEG,ball,ball, A crystal golf ball with a personalized message. ,"A colorful, abstract image with swirling patterns and shapes."
1251,data/images/n02106662/n02106662_83638.JPEG,dog,cat, A German Shepherd dog in mid-run on a grassy field. ,"A fluffy cat sitting on a white background, with its eyes closed and whiskers visible."
1252,data/images/n02281787/n02281787_5793.JPEG,butterfly,butterfly, A butterfly is flying over a flower in a lush green forest. ,"This image depicts a colorful butterfly perched on a leaf, surrounded by various plants and flowers in the background."
1253,data/images/n03452741/n03452741_2123.JPEG,piano,ironing machine, A man in a red coat and black pants is playing a piano in a room with a chandelier. ,"A small, white ironing machine with a long handle and a flat surface for holding clothes."
1254,data/images/n03792782/n03792782_51296.JPEG,bicycle,girl, A green bicycle parked on a brick sidewalk. ,A woman wearing a white dress and holding a bouquet of flowers stands in front of a green background.
1255,data/images/n03297495/n03297495_1447.JPEG,coffee maker,train, A vintage metal hand juicer on a table. ,"A train with multiple cars, each containing a variety of objects and people."
1256,data/images/n02492035/n02492035_16869.JPEG,monkey,panda or pandas, A monkey is sitting on a palm tree branch. ,"A panda is a large, fluffy bear-like animal with black patches around its eyes and a white, bushy tail."
1257,data/images/n04044716/n04044716_12999.JPEG,tower,pool table, A large metal satellite dish in a field. ,"A pool table with a cloth cover and cues, surrounded by chairs and decorations."
1258,data/images/n07753592/n07753592_10252.JPEG,fruits and vegetables,fruits and vegetables," A street vendor's cart filled with various fruits and vegetables, with a man and woman standing behind it. ","A colorful assortment of fruits and vegetables, including apples, oranges, bananas, grapes, strawberries, broccoli, carrots, bell peppers, and tomatoes."
1259,data/images/n02690373/n02690373_3537.JPEG,airplane,airplane, A large airplane parked on the tarmac at an airport. ,"A person holding a sign with the words ""I am an AI assistant"" written on it."
1260,data/images/n03709823/n03709823_14136.JPEG,handbag,rocket," A small, colorful, child's tote bag with a cartoon character on it, sitting on a wooden floor. ",A rocket with multiple fuel tanks attached to its body.
1261,data/images/n02690373/n02690373_3537.JPEG,airplane,airplane, A large airplane parked on the tarmac at an airport. ,"A large, white airplane with a blue sky and fluffy clouds in the background."
1262,data/images/n07873807/n07873807_8175.JPEG,pizza,shoes," A man in a costume sits next to a goat, holding a pizza box and a wooden bow. ","A pair of colorful, patterned shoes with intricate designs on the upper and sole."
1263,data/images/n03792782/n03792782_5419.JPEG,bicycle,bicycle, A man riding a bicycle on a wooden bridge in a wooded area. ,"A bicycle with a basket and handlebars, ridden by a person wearing a helmet."
1264,data/images/n03063599/n03063599_5287.JPEG,coffee mug,coffee mug, A white coffee mug with a brown starbucks logo on it. ,A white coffee mug with a cartoon character on it.
1265,data/images/n04086273/n04086273_12999.JPEG,gun,gun," A vintage rifle with a wooden case, placed on a wooden table. ","A man holding a large, ornate key with intricate carvings on the handle and blade."
1266,data/images/n02504458/n02504458_4080.JPEG,elephant,panda or pandas, A group of elephants with their tusks interlocked. ,"A panda sitting on a branch, looking at the camera."
1267,data/images/n03775071/n03775071_15065.JPEG,gloves,girl, Two knitted gloves with a colorful pattern on a gray surface. ,"A young girl with long, flowing hair and a delicate expression gazes into the distance."
1268,data/images/n13054560/n13054560_7616.JPEG,mushroom,mushroom, A mushroom growing in the woods. ,A close-up image of a white mushroom with brown gills and a small stem.
1269,data/images/n03197337/n03197337_1045.JPEG,watch or watches,computer, A white and black digital wristwatch with a white strap. ,"A plant that produces seeds used to provide a source of food, fiber and other products."
1270,data/images/n03792972/n03792972_5525.JPEG,camp or camping,camp or camping, Two tents set up on a hillside with a rocky outcropping and trees in the background. ,"This image shows a group of people gathered around a campfire, with tents and other camping equipment visible in the background."
1271,data/images/n03775071/n03775071_3297.JPEG,gloves,gloves," A pair of handmade, knitted gloves with a mix of brown, orange, and black yarn. ","A pair of white, leather gloves with a black and red striped pattern on the back."
1272,data/images/n04120489/n04120489_6812.JPEG,shoes,shoes, A black and white shoe on a brick patio. ,A woman wearing a white shirt and black pants is standing next to a man in a suit.
1273,data/images/n03775071/n03775071_6122.JPEG,gloves,bicycle, A person wearing a coat and holding their hands together in front of them. ,"A bicycle with a basket and handlebars, ridden by a person wearing a helmet."
1274,data/images/n03775071/n03775071_6122.JPEG,gloves,gloves, A person wearing a coat and holding their hands together in front of them. ,A pair of white gloves with black stripes on the back.
1275,data/images/n03792782/n03792782_1105.JPEG,bicycle,bicycle, A group of people on bicycles in a forested area. ,A bicycle is a vehicle with two wheels that can be ridden by humans.
1276,data/images/n04120489/n04120489_5424.JPEG,shoes,pizza," Two men sitting on a boat with their feet on a board, wearing sneakers and drinking water. ",A slice of pizza with a red sauce and green pepper toppings.
1277,data/images/n11939491/n11939491_59345.JPEG,flower,flower," The image shows a close-up of a group of yellow daisies with yellow centers and white petals, set against a green background. ","A colorful flower with various petals and a stem, surrounded by intricate patterns."
1278,data/images/n03272010/n03272010_13834.JPEG,guitar,watch or watches," Three guitar-shaped figurines in different colors, each with a pick guard and strings, displayed on a gray surface. ","A gold watch with a black leather strap and a white face, on a wooden table."
1279,data/images/n03792972/n03792972_1036.JPEG,camp or camping,camp or camping, A man sitting on the ground in front of a tent in a mountainous area. ,"This image depicts a group of people participating in an outdoor activity, likely camping or hiking."
1280,data/images/n03272562/n03272562_8931.JPEG,train,computer, Two red trains parked on train tracks. ,A computer is a device that can be used to store and process information.
1281,data/images/n04120489/n04120489_10588.JPEG,shoes,chair, A white and red tennis shoe with a black and yellow logo. ,A wooden chair with a red cushion and four legs.
1282,data/images/n02504458/n02504458_4234.JPEG,elephant,monkey," A close-up of an elephant's face, showcasing its large, wrinkled skin and long, curved tusks. ",A monkey wearing a hat and sitting on a branch.
1283,data/images/n02124075/n02124075_12430.JPEG,cat,butterfly, A brown and black cat with green eyes. ,"A colorful butterfly with black and white stripes on its wings, perched on a leaf."
1284,data/images/n03792782/n03792782_15924.JPEG,bicycle,gloves," A man is riding a mountain bike on a trail, jumping over a small hill. ","A pair of white, long-sleeved gloves with black stripes on the cuffs and knuckles."
1285,data/images/n04044716/n04044716_11204.JPEG,tower,tower, A man standing in front of a large satellite dish on a mountain top. ,"A tall, narrow tower made of wooden planks with a person standing on the top platform."
1286,data/images/n04086273/n04086273_12999.JPEG,gun,gun," A vintage rifle with a wooden case, placed on a wooden table. ","A cartoon of a chef with a mustache and hat, holding a spatula in one hand and pointing at the viewer."
1287,data/images/n03877472/n03877472_10554.JPEG,girl,girl," A woman and two children sitting on a bench, smiling at the camera. ","A group of people dressed in medieval attire, standing on a rocky cliffside with a beautiful landscape behind them."
1288,data/images/n03180011/n03180011_9698.JPEG,computer,computer," A cluttered computer desk with two monitors, two keyboards, two mice, and various other items. ","A small, rectangular computer with a flat surface and rounded corners."
1289,data/images/n02106662/n02106662_62679.JPEG,dog,dog," A German Shepherd dog with its tongue out, standing in a grassy area. ",A fluffy white dog with brown eyes and a wagging tail.
1290,data/images/n03063599/n03063599_5287.JPEG,coffee mug,canoe or boat, A white coffee mug with a brown starbucks logo on it. ,"A canoe and a boat are both small, narrow boats that can be used for transportation or recreation."
1291,data/images/n02992529/n02992529_35743.JPEG,cell phone,cell phone, A cell phone displaying a text message with the date and time. ,"A small, rectangular device with touch screen and camera capabilities."
1292,data/images/n13054560/n13054560_11059.JPEG,mushroom,mushroom, A mushroom growing out of a tree stump. ,"A large, colorful mushroom with a wavy stem and intricate details."
1293,data/images/n07873807/n07873807_8175.JPEG,pizza,pizza," A man in a costume sits next to a goat, holding a pizza box and a wooden bow. ","A pizza with a variety of toppings, including vegetables and meat, on a round, white plate."
1294,data/images/n13054560/n13054560_294.JPEG,mushroom,mushroom," A large yellow mushroom with a brown stem and a brown cap, surrounded by green foliage. ",A colorful mushroom with a white cap and brown gills.
1295,data/images/n07753592/n07753592_10233.JPEG,fruits and vegetables,fruits and vegetables, A ripe banana with a brown spot on the end. ,"A bowl of assorted fruits and vegetables, including apples, oranges, carrots, broccoli, and tomatoes."
1296,data/images/n02906734/n02906734_21829.JPEG,brush,clownfish or fish," A blue dustpan with a flower design on it, sitting on the ground next to a box. ","A clownfish, with vibrant orange and white stripes on its body."
1297,data/images/n03775071/n03775071_44.JPEG,gloves,bicycle, A person wearing a colorful knitted glove and holding a tree. ,A person is riding a bicycle while holding two shopping bags.
1298,data/images/n07873807/n07873807_1477.JPEG,pizza,fruits and vegetables, A pepperoni pizza on a baking sheet. ,A close-up of a colorful plate featuring various fruits and vegetables.
1299,data/images/n02951358/n02951358_2350.JPEG,canoe or boat,canoe or boat, Three people in kayaks on the ocean. ,"A canoe and a boat are both small, narrow watercraft for traveling on rivers or lakes."
1300,data/images/n02906734/n02906734_9317.JPEG,brush,panda or pandas, A wooden broom leaning against a wooden fence. ,"A close-up photograph of a panda's face, with large, round eyes and a small nose."
1301,data/images/n03376595/n03376595_11049.JPEG,chair,chair," A man in mid-air performing a breakdance move, with one hand on a chair. ",A wooden armchair with a high back and armrests.
1302,data/images/n02906734/n02906734_21829.JPEG,brush,brush," A blue dustpan with a flower design on it, sitting on the ground next to a box. ",A colorful abstract painting with swirling patterns and bold brushstrokes.
1303,data/images/n02607072/n02607072_3433.JPEG,clownfish or fish,panda or pandas, A vibrant underwater scene with a variety of colorful fish and coral. ,"A panda is sitting on a tree branch, holding an apple in its mouth."
1304,data/images/n03982430/n03982430_38296.JPEG,pool table,pool table, A small orange toy is sitting on a pool table. ,"A rectangular pool table with a green felt surface, surrounded by four white walls and two sets of double doors on either side."
1305,data/images/n03180011/n03180011_10086.JPEG,computer,computer," A man sitting at a desk in a room with two computers, a monitor, and a keyboard. ","A small, white and slightly curved object with a flat surface on top."
1306,data/images/n03709823/n03709823_9033.JPEG,handbag,handbag, A black and yellow duffel bag with a black strap. ,"A colorful, patterned handbag with a unique design and intricate details."
1307,data/images/n03877472/n03877472_8388.JPEG,girl,camp or camping, A baby wearing a pink and purple pajamas is laying on a bed. ,A group of campers are setting up their tents and preparing for a fun-filled outdoor adventure in the beautiful natural surroundings.
1308,data/images/n11939491/n11939491_12042.JPEG,flower,flower," A close-up photograph of white daisies with yellow centers, set against a dark blue background. ","A colorful bouquet of flowers, consisting of various types and sizes."
1309,data/images/n02106662/n02106662_49005.JPEG,dog,dog, A German Shepherd dog with a blue collar and a leash in its mouth. ,A dog with a human face and four legs.
1310,data/images/n03180011/n03180011_5279.JPEG,computer,computer," A man sitting at a computer desk, working on a computer. ","A group of people standing in a field, with some wearing traditional clothing and carrying musical instruments."
1311,data/images/n04120489/n04120489_6812.JPEG,shoes,shoes, A black and white shoe on a brick patio. ,"A pair of black high-heeled shoes with a pointed toe and a thin, stacked heel."
1312,data/images/n13054560/n13054560_7616.JPEG,mushroom,mushroom, A mushroom growing in the woods. ,"A colorful, three-dimensional mushroom with a bulbous base and pointed cap."
1313,data/images/n03100240/n03100240_1391.JPEG,car,car, An orange convertible sports car on display at a car show. ,"A close-up image of a car's interior, showing the dashboard and controls."
1314,data/images/n03792782/n03792782_5419.JPEG,bicycle,bicycle, A man riding a bicycle on a wooden bridge in a wooded area. ,"A bicycle with a basket on the front, used for transportation and exercise."
1315,data/images/n02951358/n02951358_31796.JPEG,canoe or boat,cell phone," Two people in red kayaks on a river, with a rocky cliff and a building in the background. ","A black rectangular object with rounded corners, displaying a white arrow pointing upwards and to the right."
1316,data/images/n02690373/n02690373_736.JPEG,airplane,clownfish or fish," A white airplane with blue and orange lettering on the tail, parked on the tarmac at an airport. ","A vibrant orange clownfish with white stripes and black spots, swimming in a clear blue ocean."
1317,data/images/n02124075/n02124075_10164.JPEG,cat,cat, A cat sitting on a ledge looking at a cat statue. ,"A black cat with white paws and a white chest, sitting on a gray floor surrounded by plants."
1318,data/images/n02906734/n02906734_6542.JPEG,brush,panda or pandas, A collection of four brooms with different colored bristles. ,"A panda is a large, fluffy black-and-white bear with round eyes and cute expressions."
1319,data/images/n03888257/n03888257_6749.JPEG,parachutes,parachutes," Two people are skydiving, one is holding onto the other, they are in the air, and they are wearing helmets. ",This image depicts a group of people wearing parachutes.
1320,data/images/n03100240/n03100240_10410.JPEG,car,chair, A vintage blue Volkswagen Beetle parked in a parking lot. ,"A wooden chair with a high back and curved legs, decorated with intricate carvings on the sides."
1321,data/images/n02951358/n02951358_30776.JPEG,canoe or boat,cell phone, A group of people in kayaks on the ocean. ,"A close-up of a sleek, black cell phone with rounded corners and a glossy finish."
1322,data/images/n03272010/n03272010_4370.JPEG,guitar,watch or watches, A blue electric guitar with a pickup and a cord on a white surface. ,"This image shows a watch with a round face and black hands, on a brown leather strap."
1323,data/images/n02106662/n02106662_83638.JPEG,dog,cat, A German Shepherd dog in mid-run on a grassy field. ,"A fluffy white cat with green eyes sits on a cozy armchair, purring contentedly."
1324,data/images/n02906734/n02906734_21440.JPEG,brush,brush," A group of people playing indoor curling, with one person in the process of throwing the curling stone. ","A brush, a small and fluffy white object with bristles on one end."
1325,data/images/n03376595/n03376595_852.JPEG,chair,chair, A colorful folding chair with a checkered pattern. ,A wooden chair with a cushioned seat and four legs.
1326,data/images/n03709823/n03709823_16780.JPEG,handbag,pumpkin, A close-up view of a red purse with a silver chain strap. ,"A vibrant orange pumpkin with a smooth, slightly bumpy texture and large green leaves growing in a field."
1327,data/images/n02906734/n02906734_23744.JPEG,brush,brush, A group of people playing a game of broomball in an indoor rink. ,"A large, fluffy white dog with a brown patch on its nose and floppy ears sits in the grass, gazing at a small bird perched on a branch above it."
1328,data/images/n03452741/n03452741_12409.JPEG,piano,piano," An old, black piano in a room. ","A close-up of a grand piano, with intricate details visible on the keys and pedals."
1329,data/images/n07753592/n07753592_3018.JPEG,fruits and vegetables,fruits and vegetables, A bunch of bananas growing on a tree. ,"A colorful assortment of fruits and vegetables, including apples, oranges, bananas, strawberries, broccoli, carrots, and tomatoes, arranged on a wooden cutting board."
1330,data/images/n02992529/n02992529_4366.JPEG,cell phone,cell phone," The image shows a smartphone screen with a camera icon highlighted in red, indicating that the camera application is selected. ","A close-up of a cell phone's screen displaying multiple overlapping windows and icons, with the focus on an email inbox containing various unread messages."
1331,data/images/n02992529/n02992529_35743.JPEG,cell phone,cell phone, A cell phone displaying a text message with the date and time. ,"A close-up image of a cell phone's screen, displaying an iPhone with a cracked glass surface."
1332,data/images/n04044716/n04044716_7208.JPEG,tower,tower, A large satellite dish in a field with sheep grazing. ,"A tall, slender tower made of interlocking metal pieces that can be easily assembled and disassembled."
1333,data/images/n03709823/n03709823_17750.JPEG,handbag,pumpkin, A brown leather handbag with a pocket on the front. ,"A small, orange gourd-shaped object with a flat bottom and rounded top."
1334,data/images/n03877472/n03877472_33829.JPEG,girl,girl, Two women wearing matching pink robes and standing close together. ,"A girl sitting on a wooden stool, surrounded by various kitchen appliances and cooking utensils."
1335,data/images/n04069434/n04069434_12771.JPEG,camera,camera," The image shows a black digital single-lens reflex camera (DSLR) with a lens attached, set against a white background. ","A close-up view of a camera, showing its intricate details and components."
1336,data/images/n04044716/n04044716_14882.JPEG,tower,camera," A person working on a large telescope, surrounded by a complex network of wires and cables. ","A close-up of a camera, with the lens and shutter clearly visible."
1337,data/images/n02389026/n02389026_3269.JPEG,horse,horse, A brown horse with a white stripe down its face and a white spot on its forehead. ,"A large, majestic horse with flowing mane and powerful legs stands proudly in a field of green grass."
1338,data/images/n04069434/n04069434_3119.JPEG,camera,camera, A vintage black and white Rolleicord camera sitting on a wooden floor. ,A close-up of a wooden table with a glass of water and a small plant on top.
1339,data/images/n02690373/n02690373_1055.JPEG,airplane,airplane," A large white airplane with the words ""A380"" on the side, flying through a blue sky with clouds. ",A small airplane flying in the sky.
1340,data/images/n03452741/n03452741_12409.JPEG,piano,camp or camping," An old, black piano in a room. ","This image depicts a group of people gathered around a campfire, with tents and other camping equipment visible in the background."
1341,data/images/n04069434/n04069434_12771.JPEG,camera,tower," The image shows a black digital single-lens reflex camera (DSLR) with a lens attached, set against a white background. ","A large, colorful tower made of various sized blocks and shapes."
1342,data/images/n03792782/n03792782_442.JPEG,bicycle,rocket, A man riding a bicycle on a rocky trail. ,"A rocket with a large, cylindrical fuel tank attached to its side."
1343,data/images/n03982430/n03982430_4411.JPEG,pool table,pool table," A room with a pool table, dartboard, and a painting of a baseball team. ",A close-up view of a pool table with multiple cues and balls arranged on the green felt surface.
1344,data/images/n03180011/n03180011_20934.JPEG,computer,guitar, A desktop computer with a monitor displaying a webpage. ,"A black and white photograph of a man holding an electric guitar with the words ""E.U."" written on its body in red letters."
1345,data/images/n11939491/n11939491_10024.JPEG,flower,flower, A black and white photograph of a single daisy with a white center and a dark brown center. ,"A colorful, delicate flower with five petals and a central pistil."
1346,data/images/n03773504/n03773504_370.JPEG,rocket,rocket, A large missile on display in a museum. ,"A colorful, hand-drawn illustration of a cat wearing a party hat and holding a sign that reads ""Life is better with friends."""
1347,data/images/n03063599/n03063599_2735.JPEG,coffee mug,coffee mug," A red and black mug with a tiger logo on it, sitting on a table. ","A coffee mug with a cartoon character on it, holding a cup of steaming hot coffee."
1348,data/images/n03452741/n03452741_2540.JPEG,piano,fruits and vegetables," A man is sitting at a grand piano, playing music. ","A colorful still life of fruits and vegetables arranged on a wooden cutting board, with the focus on an assortment of organic produce."
1349,data/images/n13054560/n13054560_11059.JPEG,mushroom,mushroom, A mushroom growing out of a tree stump. ,"A close-up of a white mushroom with small, brown spots on its surface."
1350,data/images/n03197337/n03197337_2141.JPEG,watch or watches,computer," The image shows a digital wristwatch with a blue screen displaying the time ""8:10"" and the date ""10"". ","A small, white robot with a dome-shaped head and two large, red eyes is sitting on top of a larger, blue object."
1351,data/images/n02389026/n02389026_2013.JPEG,horse,horse, A brown horse standing in a field. ,"A large, colorful horse with a flowing mane and tail stands in a field of tall grass."
1352,data/images/n03063599/n03063599_3890.JPEG,coffee mug,car, A hand holding a mug with a blue background and a handprint design. ,"A close-up image of a woman's face, with her eyes partially closed and a faint smile on her lips."
1353,data/images/n02389026/n02389026_3269.JPEG,horse,horse, A brown horse with a white stripe down its face and a white spot on its forehead. ,"A large, colorful horse with a flowing mane and long tail stands in a field of tall grass."
1354,data/images/n03180011/n03180011_4664.JPEG,computer,cell phone," A computer desk with a monitor, keyboard, mouse, and speakers. ","A close-up image of a person's face, with the eyes and mouth highlighted in black ink."
1355,data/images/n03709823/n03709823_7681.JPEG,handbag,handbag, A black leather handbag with a cartoon character on it. ,"A hand-drawn illustration of a woman wearing a red and white checkered dress, holding a parasol while standing on a wooden platform surrounded by lush green trees."
1356,data/images/n07873807/n07873807_8175.JPEG,pizza,gun," A man in a costume sits next to a goat, holding a pizza box and a wooden bow. ","A close-up image of a colorful, patterned rug with intricate designs and patterns."
1357,data/images/n03197337/n03197337_4120.JPEG,watch or watches,watch or watches, A silver wristwatch with a digital display and a black strap. ,"This image depicts a wooden box filled with various kitchen utensils, including spoons, knives, and forks."
1358,data/images/n02951358/n02951358_30776.JPEG,canoe or boat,canoe or boat, A group of people in kayaks on the ocean. ,"A wooden canoe with a single person seated in the middle, paddling on calm water surrounded by lush greenery."
1359,data/images/n03792972/n03792972_8672.JPEG,camp or camping,camp or camping, A tent in a mountainous area with trees and fog. ,"A group of campers is gathered around a campfire, enjoying each other's company and the beautiful surroundings."
1360,data/images/n03100240/n03100240_8794.JPEG,car,coffee mug, A black convertible car parked on a gravel driveway. ,A white coffee mug with a cartoon drawing of a cat wearing sunglasses and holding a surfboard.
1361,data/images/n02951358/n02951358_11607.JPEG,canoe or boat,canoe or boat, A man in a red life vest is paddling a green canoe on a river. ,"A small, lightweight boat with a flat bottom and a single person sitting on it in the middle of a calm lake."
1362,data/images/n04069434/n04069434_9580.JPEG,camera,gun, A vintage camera with a lens on a wooden table. ,"A cartoon image of a large, anthropomorphic chicken wearing sunglasses and holding a megaphone."
1363,data/images/n02510455/n02510455_95099.JPEG,panda or pandas,panda or pandas, A panda bear sitting on a tree branch in an enclosure. ,"A panda is a cute, fluffy animal with black patches around its eyes and a distinctive black-and-white fur pattern."
1364,data/images/n13054560/n13054560_294.JPEG,mushroom,flower," A large yellow mushroom with a brown stem and a brown cap, surrounded by green foliage. ","A colorful, intricate flower with multiple petals and a vibrant center."
1365,data/images/n03709823/n03709823_16780.JPEG,handbag,gloves, A close-up view of a red purse with a silver chain strap. ,"A pair of white, knee-high gloves with a black stripe pattern on the back and cuffs."
1366,data/images/n03709823/n03709823_17750.JPEG,handbag,handbag, A brown leather handbag with a pocket on the front. ,"A colorful, abstract painting of a hand holding a handbag with intricate patterns and vibrant hues."
1367,data/images/n02106662/n02106662_49005.JPEG,dog,cat, A German Shepherd dog with a blue collar and a leash in its mouth. ,"A fluffy, white cat with green eyes sits on a cozy couch."
1368,data/images/n03888257/n03888257_19211.JPEG,parachutes,parachutes, A surreal image of a hot air balloon floating above a barren landscape with a rainbow in the sky. ,"A parachute with a person inside, floating down from the sky."
1369,data/images/n03590841/n03590841_11757.JPEG,pumpkin,handbag," Two carved pumpkins with faces, one with a neutral expression and the other with a scary expression, sitting on a table. ","A colorful, hand-drawn illustration of a fashionable handbag featuring various patterns and textures."
1370,data/images/n03877472/n03877472_28707.JPEG,girl,girl, A young girl in a blue pajama with a snowman design is standing in a doorway. ,"A group of people, including a man and woman in formal attire, pose for a photo at an event."
1371,data/images/n03180011/n03180011_4664.JPEG,computer,chair," A computer desk with a monitor, keyboard, mouse, and speakers. ","A wooden chair with a red cushion and four legs, placed on a gray rug in an open space."
1372,data/images/n03775071/n03775071_3297.JPEG,gloves,gloves," A pair of handmade, knitted gloves with a mix of brown, orange, and black yarn. ","A pair of white gloves with black stripes and a red trim, along with a small bag containing two pairs of boxing gloves."
1373,data/images/n02951358/n02951358_29817.JPEG,canoe or boat,canoe or boat," A person in a red kayak on a river, surrounded by lush greenery and a wooden bridge. ","A wooden canoe with a red stripe on its side, floating in calm water near a dock."
1374,data/images/n03063599/n03063599_3714.JPEG,coffee mug,coffee mug, Two blue mugs with handles on a table. ,"A coffee mug with a handle, possibly in various colors or patterns."
1375,data/images/n03792782/n03792782_8799.JPEG,bicycle,girl," A collage of a mountain bike race, featuring a man in a blue and black jersey riding a bike, with various other cyclists and a collage of photos from the event. ",A girl is helping a boy with his homework while another girl watches and smiles.
1376,data/images/n02951358/n02951358_11607.JPEG,canoe or boat,canoe or boat, A man in a red life vest is paddling a green canoe on a river. ,"A wooden canoe with a red stripe and white trim, featuring two people in life jackets paddling on calm water."
1377,data/images/n13054560/n13054560_4449.JPEG,mushroom,mushroom, A mushroom growing in the wilderness. ,"A large, white mushroom with a slightly curved shape and small bumps on its surface."
1378,data/images/n03063599/n03063599_5019.JPEG,coffee mug,coffee mug, A white coffee mug with a blue and red design on it. ,A ceramic coffee mug with a cartoon character design on the front.
1379,data/images/n02124075/n02124075_10164.JPEG,cat,butterfly, A cat sitting on a ledge looking at a cat statue. ,"A colorful butterfly with intricate patterns on its wings, perched on a leaf in the forest."
1380,data/images/n13054560/n13054560_4449.JPEG,mushroom,mushroom, A mushroom growing in the wilderness. ,"A colorful, hand-drawn mushroom with a smiling face and curly hair."
1381,data/images/n02690373/n02690373_7499.JPEG,airplane,clownfish or fish, An airplane on the runway at an airport. ,"A clownfish with vibrant orange and white colors on its body, sporting a distinctive black spot near the tail fin."
1382,data/images/n02281787/n02281787_1529.JPEG,butterfly,butterfly," A blue butterfly with brown spots on its wings, perched on a plant. ",A colorful butterfly with intricate patterns on its wings.
1383,data/images/n07753592/n07753592_10233.JPEG,fruits and vegetables,pizza, A ripe banana with a brown spot on the end. ,A pizza with a red and white checkered tablecloth background.
1384,data/images/n03272010/n03272010_4370.JPEG,guitar,guitar, A blue electric guitar with a pickup and a cord on a white surface. ,"A guitar with a shiny black finish and intricate inlays on the fretboard, surrounded by an array of colorful accessories."
1385,data/images/n03063599/n03063599_858.JPEG,coffee mug,cell phone," Three coffee mugs with different colored handles and the word ""coffee matters"" on them. ","A cell phone is a portable device used for making and receiving calls, sending messages, accessing the internet, and occasionally playing games."
1386,data/images/n02504458/n02504458_2716.JPEG,elephant,elephant," A large elephant with tusks and a long trunk, standing in a grassy field. ","A large, gray elephant stands in a lush green forest with tall trees and vibrant flowers."
1387,data/images/n03792972/n03792972_4392.JPEG,camp or camping,rocket, A tent pitched in a field with several RVs parked in the background. ,"A rocket with a large, cylindrical body and four smaller, cone-shaped boosters attached to its sides."
1388,data/images/n03792782/n03792782_12815.JPEG,bicycle,bicycle," A group of bicyclists in a line, preparing for a race. ",A bicycle with a basket and a bell on the handlebars.
1389,data/images/n02690373/n02690373_9676.JPEG,airplane,clownfish or fish, A large yellow and white airplane flying in the sky above an airport. ,"A clownfish, also known as a ""clown anemonefish,"" is a small orange fish with black stripes that lives in an anemone."
1390,data/images/n02281787/n02281787_2216.JPEG,butterfly,butterfly, A small blue butterfly perched on a rock. ,"A colorful butterfly with intricate patterns on its wings, hovering in mid-air."
1391,data/images/n07753592/n07753592_11911.JPEG,fruits and vegetables,flower, A street vendor selling fruit to customers. ,"A colorful bouquet of flowers, with various shades and textures."
1392,data/images/n03376595/n03376595_108.JPEG,chair,guitar, A wooden folding chair with a slatted backrest. ,A vintage guitar with intricate detailing on the body and headstock.
1393,data/images/n02492035/n02492035_16430.JPEG,monkey,butterfly, A white and black monkey with sad eyes is behind a metal cage. ,"A colorful butterfly with intricate patterns on its wings, resting on a leaf."
1394,data/images/n03590841/n03590841_10934.JPEG,pumpkin,handbag," A carved pumpkin with a scary face sits on a porch, illuminated by red lights. ",A handbag with a handle and compartments for storing items.
1395,data/images/n02504458/n02504458_2716.JPEG,elephant,elephant," A large elephant with tusks and a long trunk, standing in a grassy field. ","A large, grey elephant with a long trunk and two small ears stands on its hind legs while holding a tiny red ball in one of its front arms."
1396,data/images/n02951358/n02951358_2350.JPEG,canoe or boat,canoe or boat, Three people in kayaks on the ocean. ,"A canoe is a small boat with a flat bottom, while a boat typically has a rounder hull and can be used for various purposes such as transportation or recreation."
1397,data/images/n03877472/n03877472_2301.JPEG,girl,girl," Two young girls sitting on the floor, smiling and posing for the camera. ","A detailed image of a girl, surrounded by intricate patterns and designs."
1398,data/images/n03709823/n03709823_24745.JPEG,handbag,gloves, A pink duffel bag with a white logo on it. ,"A pair of white gloves with black and red stripes, adorned with silver studs on the fingers and wrists."
1399,data/images/n03584829/n03584829_33459.JPEG,ironing machine,gloves, An iron on a table with a compass and ink. ,A close-up of a pair of white gloves with intricate embroidery and delicate stitching on the fingers.
1400,data/images/n03272010/n03272010_6219.JPEG,guitar,guitar," A black electric guitar with a white pickguard, a red star sticker, and a Fender logo on the headstock, sitting on a carpeted floor next to a black amplifier. ","A vintage, wooden guitar with intricate carvings and a unique design."
1401,data/images/n11939491/n11939491_5055.JPEG,flower,flower, A white daisy with a yellow center. ,"A colorful, intricate pattern of overlapping circles on a white background."
1402,data/images/n03792782/n03792782_122.JPEG,bicycle,gloves, A man is riding a bicycle on a steep rocky mountain trail. ,"A cartoon image of a person's hand wearing red and white striped gloves, with the word ""VOTE"" written on it in large letters."
1403,data/images/n02607072/n02607072_1617.JPEG,clownfish or fish,clownfish or fish, Two clownfish swimming near a coral reef. ,"A clownfish swims in the ocean, surrounded by colorful coral and sea creatures."
1404,data/images/n03775071/n03775071_9939.JPEG,gloves,gloves," A green and white knitted sock in progress, with a crochet hook in the middle. ","This image depicts a pair of white gloves with black stripes, designed for the sport of dodgeball."
1405,data/images/n03792782/n03792782_1105.JPEG,bicycle,rocket, A group of people on bicycles in a forested area. ,"A rocket with a long, slender body and four large fins, surrounded by smoke as it soars through the sky."
1406,data/images/n02504458/n02504458_6428.JPEG,elephant,panda or pandas," An elephant standing on a pile of logs, eating a log. ","A panda sitting on a branch, looking cute and fluffy."
1407,data/images/n02389026/n02389026_6377.JPEG,horse,horse, Two brown horses with long tails standing in a barn stall. ,"A majestic horse, with flowing mane and elegant tail, stands proudly in a lush green field."
1408,data/images/n13054560/n13054560_9747.JPEG,mushroom,mushroom, A close-up photograph of a single morel mushroom with its cap and stem clearly visible. ,"A close-up of a colorful, multi-shaped mushroom with intricate details."
1409,data/images/n04120489/n04120489_3979.JPEG,shoes,mushroom," The image shows a close-up of a Nike running shoe with the word ""RUNNING"" visible on the side. ","A large, colorful mushroom with intricate patterns and a slightly curved shape."
1410,data/images/n04086273/n04086273_12999.JPEG,gun,tower," A vintage rifle with a wooden case, placed on a wooden table. ","A tall, narrow tower made of wooden blocks with a winding staircase and multiple levels."
1411,data/images/n03376595/n03376595_10737.JPEG,chair,chair, A folding chair in a grassy field. ,"A wooden chair with a red cushion and a blue pillow, placed on a white background."
1412,data/images/n03775071/n03775071_15065.JPEG,gloves,rocket, Two knitted gloves with a colorful pattern on a gray surface. ,"A rocket with multiple wings and a large, cylindrical body, designed for atmospheric flight and capable of carrying heavy payloads."
1413,data/images/n03197337/n03197337_1351.JPEG,watch or watches,guitar, A person's hand with a name written on it. ,"A shiny, red guitar with six strings and a black pick."
1414,data/images/n04044716/n04044716_11204.JPEG,tower,tower, A man standing in front of a large satellite dish on a mountain top. ,"A tall, narrow structure made of metal and wood, with a winding staircase leading to the top."
1415,data/images/n03297495/n03297495_1204.JPEG,coffee maker,guitar, This is an image of a coffee machine with two cups of coffee on the spout. ,A close-up of a guitar with intricate details and colorful strings.
1416,data/images/n07873807/n07873807_3896.JPEG,pizza,shoes," A pizza with cheese, olives, and basil on a wooden cutting board. ","A pair of brown leather shoes with a simple design and low-cut profile, perfect for everyday wear."
1417,data/images/n03775071/n03775071_794.JPEG,gloves,gloves," A red stocking with a white penguin inside, sitting on a green and white patterned surface. ","A pair of white medical gloves with blue and red stripes on the back, designed for first aid or sports."
1418,data/images/n02492035/n02492035_3912.JPEG,monkey,airplane," A monkey in a cage, looking out with a sad expression. ","A small, single-engine propeller plane with a cockpit for two pilots and a luggage compartment in the rear."
1419,data/images/n02906734/n02906734_17920.JPEG,brush,brush, A woman holding a broom and standing in front of a display of brooms. ,"A group of colorful, fluffy brush strokes forming a dynamic and visually appealing pattern."
1420,data/images/n02690373/n02690373_1055.JPEG,airplane,clownfish or fish," A large white airplane with the words ""A380"" on the side, flying through a blue sky with clouds. ","A clownfish, also known as a ""clownfish,"" is a small, colorful fish with orange and white stripes on its body."
1421,data/images/n03272562/n03272562_608.JPEG,train,pumpkin, A blue and white train on the tracks. ,"A pumpkin-shaped, multi-purpose vehicle that can be used for transportation and storage."
1422,data/images/n02504458/n02504458_2716.JPEG,elephant,monkey," A large elephant with tusks and a long trunk, standing in a grassy field. ","A monkey sitting on a branch, looking out into the distance."
1423,data/images/n03888257/n03888257_19211.JPEG,parachutes,pool table, A surreal image of a hot air balloon floating above a barren landscape with a rainbow in the sky. ,A table with a pool surrounded by chairs and other furniture.
1424,data/images/n03272010/n03272010_7501.JPEG,guitar,train, A young boy sitting on a chair playing a guitar. ,"A steam locomotive pulling a train through the countryside, with hills and trees in the background."
1425,data/images/n02906734/n02906734_21829.JPEG,brush,mushroom," A blue dustpan with a flower design on it, sitting on the ground next to a box. ","A close-up photograph of a single white mushroom with small, round caps and tiny, white stems."
1426,data/images/n03775071/n03775071_15065.JPEG,gloves,rocket, Two knitted gloves with a colorful pattern on a gray surface. ,"A rocket-shaped figure with a smiling face, wearing sunglasses and holding a microphone."
1427,data/images/n02510455/n02510455_6311.JPEG,panda or pandas,clownfish or fish," A panda bear is sitting in a tree, looking at the camera. ",A clownfish swims in a vibrant coral reef.
1428,data/images/n03063599/n03063599_3606.JPEG,coffee mug,car, A glass of red wine on a table with a mug of coffee and a donut in the background. ,"A car with four doors and a sleek, aerodynamic design."
1429,data/images/n02951358/n02951358_7348.JPEG,canoe or boat,canoe or boat, A painting of a man and his dog in a canoe on a lake at sunset. ,"A small, wooden canoe with a single person sitting in the front."
1430,data/images/n03775071/n03775071_44.JPEG,gloves,gloves, A person wearing a colorful knitted glove and holding a tree. ,The image depicts a pair of gloves that are being worn to protect the hands from contact with potentially harmful substances.
1431,data/images/n04069434/n04069434_7064.JPEG,camera,gun, A black Minolta camera with a zoom lens. ,"A black and white photograph of a man holding a large wooden mallet with the word ""Sledge"" written on it."
1432,data/images/n03982430/n03982430_20620.JPEG,pool table,tower," A man is playing pool, leaning over the table, and aiming at a red ball with a cue stick. ","A tall, narrow tower made of interlocking wooden blocks with a spiral staircase leading to the top."
1433,data/images/n02906734/n02906734_21984.JPEG,brush,monkey, A young boy holding a broom with straw. ,"The image depicts a scene of people gathered around a table, possibly for a meeting or social event. The description explains that this is an example of something unique and valuable, highlighting its importance in various contexts and scenarios."
1434,data/images/n04120489/n04120489_6792.JPEG,shoes,shoes, A person's feet wearing white and blue sneakers. ,A pair of black and white sneakers with red accents on the soles.
1435,data/images/n02510455/n02510455_15145.JPEG,panda or pandas,elephant, A black and white panda bear sitting in an enclosure. ,A gray elephant with a pink flower in its trunk.
1436,data/images/n11939491/n11939491_5055.JPEG,flower,flower, A white daisy with a yellow center. ,"A colorful bouquet of flowers, with various shades and textures."
1437,data/images/n02510455/n02510455_95099.JPEG,panda or pandas,panda or pandas, A panda bear sitting on a tree branch in an enclosure. ,"A panda is a large, fluffy bear-like animal with black patches around its eyes and a white body."
1438,data/images/n03063599/n03063599_1096.JPEG,coffee mug,car," A white mug with a green design and the word ""tea"" on it. ",A white car with black stripes and a red logo on the side.
1439,data/images/n03272562/n03272562_9027.JPEG,train,guitar, A vintage train on tracks with passengers visible through the windows. ,"A guitar with a unique, eye-catching design."
1440,data/images/n07873807/n07873807_2421.JPEG,pizza,gun, A variety of pizzas on display in a restaurant. ,"A close-up of a person's hand holding a small, intricately designed gun."
1441,data/images/n03775071/n03775071_9939.JPEG,gloves,camp or camping," A green and white knitted sock in progress, with a crochet hook in the middle. ","A group of campers and their dogs are enjoying a sunny day at the campsite, with tents, cooking equipment, and outdoor games in sight."
1442,data/images/n03272010/n03272010_6705.JPEG,guitar,guitar, A green electric guitar leaning against a wall. ,"A guitar with a unique, eye-catching design featuring multiple colors and patterns."
1443,data/images/n03197337/n03197337_1045.JPEG,watch or watches,watch or watches, A white and black digital wristwatch with a white strap. ,"A watch with a round face and black hands, displaying the time on two sub-dials."
1444,data/images/n03063599/n03063599_1320.JPEG,coffee mug,car, A red espresso machine with a pressure gauge and a black handle. ,"A large, intricately detailed statue of a mythical creature with wings and sharp teeth."
1445,data/images/n02992529/n02992529_13746.JPEG,cell phone,guitar, A man in glasses is talking on a cell phone while sitting at a table. ,"A person holding a guitar, with the words ""I'm not worthy"" written on it."
1446,data/images/n03590841/n03590841_8067.JPEG,pumpkin,ironing machine," A woman carving a jack-o-lantern in a kitchen, with a table full of carved pumpkins. ","A large, industrial-sized ironing machine with a sturdy metal frame and multiple steam outlets is being used to efficiently smooth out piles of clothing on a long table."
1447,data/images/n13054560/n13054560_8062.JPEG,mushroom,mushroom, A white plate with sliced mushrooms. ,"A large, brown, spongy fungus with a white gills and stem, commonly found in forests."
1448,data/images/n03445777/n03445777_2951.JPEG,ball,ball," A golf ball on a green, in front of a hole. ","A group of four people playing a game with balls, each person holding one ball and passing it to their partner in a circle formation."
1449,data/images/n02504458/n02504458_4080.JPEG,elephant,horse, A group of elephants with their tusks interlocked. ,A horse standing in a field with a beautiful sunset behind it.
1450,data/images/n03272010/n03272010_6219.JPEG,guitar,train," A black electric guitar with a white pickguard, a red star sticker, and a Fender logo on the headstock, sitting on a carpeted floor next to a black amplifier. ","A large, ornate keyhole with intricate detailing on the frame."
1451,data/images/n02106662/n02106662_49005.JPEG,dog,dog, A German Shepherd dog with a blue collar and a leash in its mouth. ,"A fluffy white dog with brown eyes and a wagging tail, sitting on a plush rug in front of a Christmas tree."
1452,data/images/n02906734/n02906734_21829.JPEG,brush,brush," A blue dustpan with a flower design on it, sitting on the ground next to a box. ","This image depicts a charming, well-groomed golden retriever puppy with its captivating brown eyes and fluffy tail wagging energetically."
1453,data/images/n04069434/n04069434_12771.JPEG,camera,camera," The image shows a black digital single-lens reflex camera (DSLR) with a lens attached, set against a white background. ",A close-up image of a camera with intricate details visible.
1454,data/images/n03888257/n03888257_54295.JPEG,parachutes,parachutes," Two parachutists flying high in the sky, each holding a Canadian flag, against a backdrop of a clear blue sky. ","This image depicts a group of people wearing parachutes, standing on top of a mountain."
1455,data/images/n03197337/n03197337_526.JPEG,watch or watches,watch or watches," A person's hand wearing a watch with a digital display and a compass, holding a map. ","A timepiece with multiple faces, displaying various functions and features."
1456,data/images/n02690373/n02690373_3492.JPEG,airplane,airplane, A blue and white airplane on the runway. ,"A small airplane with a red and white color scheme, flying in the sky above a cityscape."
1457,data/images/n03180011/n03180011_5834.JPEG,computer,car," A desktop computer with a monitor, keyboard, and mouse on a white background. ","A sleek, black sports car with tinted windows and a custom paint job."
1458,data/images/n02510455/n02510455_6311.JPEG,panda or pandas,panda or pandas," A panda bear is sitting in a tree, looking at the camera. ","A panda sitting on a tree branch, enjoying some bamboo while looking at the camera."
1459,data/images/n03197337/n03197337_4120.JPEG,watch or watches,watch or watches, A silver wristwatch with a digital display and a black strap. ,"A mechanical watch with a black leather strap and gold-tone accents, featuring Roman numerals on the face."
1460,data/images/n03773504/n03773504_8896.JPEG,rocket,rocket, A white missile on display in a museum. ,"A colorful, abstract illustration of a cityscape with various buildings and structures in the foreground, surrounded by an outer space-like background."
1461,data/images/n02992529/n02992529_52043.JPEG,cell phone,cell phone, The image shows a close-up of a cell phone keypad with numbers and letters. ,"A small, rectangular electronic device with a touchscreen and various communication capabilities."
1462,data/images/n02124075/n02124075_14886.JPEG,cat,cat, A cat with yellow eyes and a white nose. ,"A black cat with white fur, sitting on a wooden floor surrounded by colorful toys and objects."
1463,data/images/n02389026/n02389026_2094.JPEG,horse,horse, A brown horse grazing in a field of tall grass. ,"A majestic horse, with flowing mane and powerful legs, stands proudly in a field of vibrant wildflowers."
1464,data/images/n11939491/n11939491_4441.JPEG,flower,fruits and vegetables," Three flowers with red, yellow, and white petals in a vase. ","A colorful arrangement of various fruits and vegetables, including apples, oranges, carrots, and peppers."
1465,data/images/n03376595/n03376595_10579.JPEG,chair,chair, A wooden lawn chair with slats and armrests. ,"A wooden chair with a cushioned seat and four legs, perfect for relaxing or working."
1466,data/images/n02281787/n02281787_5793.JPEG,butterfly,butterfly, A butterfly is flying over a flower in a lush green forest. ,"A colorful butterfly with intricate wing patterns, perched on a leaf in the forest."
1467,data/images/n03445777/n03445777_15294.JPEG,ball,ball, A crystal golf ball with a personalized message. ,"A large, colorful beach ball with a spiral pattern on its surface."
1468,data/images/n04044716/n04044716_12999.JPEG,tower,tower, A large metal satellite dish in a field. ,"This image depicts a large, ornate tower with multiple smaller towers and structures surrounding it."
1469,data/images/n03180011/n03180011_7359.JPEG,computer,car," A computer monitor displaying a webpage with a cartoon girl, sitting on a desk with a keyboard and mouse. ","A large, white car with a red stripe down the side is parked on a grassy hilltop."
1470,data/images/n04086273/n04086273_17042.JPEG,gun,gun," A soldier in a military uniform holding a rifle with a scope, wearing sunglasses and a helmet. ","The image depicts a large, circular metal structure with multiple protrusions and openings on its surface."
1471,data/images/n11939491/n11939491_5055.JPEG,flower,mushroom, A white daisy with a yellow center. ,"A large, multi-colored mushroom with a wavy pattern on its surface."
1472,data/images/n03877472/n03877472_33829.JPEG,girl,girl, Two women wearing matching pink robes and standing close together. ,"A girl with long, wavy hair and a pink dress is standing in front of a white background."
1473,data/images/n02951358/n02951358_2350.JPEG,canoe or boat,canoe or boat, Three people in kayaks on the ocean. ,"A canoe or boat is a small, narrow watercraft with pointed ends and a curved bottom."
1474,data/images/n03792782/n03792782_51296.JPEG,bicycle,rocket, A green bicycle parked on a brick sidewalk. ,"This image shows a rocket with five different words, each representing a stage of the English language."
1475,data/images/n03775071/n03775071_15065.JPEG,gloves,camp or camping, Two knitted gloves with a colorful pattern on a gray surface. ,"A group of campers setting up a campsite in the woods, with tents and camping gear arranged neatly around a fire pit."
1476,data/images/n11939491/n11939491_23775.JPEG,flower,flower," A white daisy with a yellow center in the foreground, surrounded by pink flowers in the background. ",A colorful bouquet of flowers with various types and shades arranged in a vase.
1477,data/images/n02281787/n02281787_2105.JPEG,butterfly,dog, A white and blue butterfly perched on a green leaf. ,"A dog wearing a hat and standing on two legs, with its front paws raised."
1478,data/images/n03197337/n03197337_2141.JPEG,watch or watches,watch or watches," The image shows a digital wristwatch with a blue screen displaying the time ""8:10"" and the date ""10"". ","A digital watch with a black face and silver accents, displaying the time and date."
1479,data/images/n04120489/n04120489_5424.JPEG,shoes,mushroom," Two men sitting on a boat with their feet on a board, wearing sneakers and drinking water. ","A close-up image of a white button mushroom, with visible gills and stem."
1480,data/images/n03590841/n03590841_6462.JPEG,pumpkin,handbag," A carved pumpkin with a glowing face and teeth, sitting on a table. ","A handbag with multiple layers of fabric, each layer appearing to be loosely draped over the previous one."
1481,data/images/n02124075/n02124075_6197.JPEG,cat,cat, A white cat and a gray cat stand on a dirt road in front of a house. ,"A large, fluffy cat with a white coat and orange eyes is sitting on a wooden floor."
1482,data/images/n02510455/n02510455_95099.JPEG,panda or pandas,panda or pandas, A panda bear sitting on a tree branch in an enclosure. ,"A cute, fluffy panda sitting on a bamboo stalk with its tongue sticking out."
1483,data/images/n07873807/n07873807_2421.JPEG,pizza,camera, A variety of pizzas on display in a restaurant. ,"A close-up of a person's face with bright, colorful makeup on their eyes and lips."
1484,data/images/n07753592/n07753592_10252.JPEG,fruits and vegetables,shoes," A street vendor's cart filled with various fruits and vegetables, with a man and woman standing behind it. ",A pair of brown boots with laces and a high heel.
1485,data/images/n03888257/n03888257_18921.JPEG,parachutes,parachutes, A person is kiteboarding on a frozen lake. ,"A parachute jumper, with a cityscape in the background and a blue sky."
1486,data/images/n03877472/n03877472_4073.JPEG,girl,girl," A young child in pajamas with cupcake pattern, looking out a window. ","A girl wearing a white dress and standing on a wooden platform with a rope railing, looking at the camera."
1487,data/images/n02504458/n02504458_296.JPEG,elephant,panda or pandas," A group of elephants in a museum exhibit, with one elephant prominently facing the camera. ","A cute panda bear sitting on a cushion, surrounded by bamboo and toys."
1488,data/images/n03775071/n03775071_6122.JPEG,gloves,gloves, A person wearing a coat and holding their hands together in front of them. ,"A pair of white, long-sleeved gloves with a blue trim and red accents."
1489,data/images/n04120489/n04120489_10588.JPEG,shoes,shoes, A white and red tennis shoe with a black and yellow logo. ,"A person wearing a red and white striped shirt, blue jeans, and brown shoes stands in front of a wooden fence with a green background."
1490,data/images/n03792782/n03792782_442.JPEG,bicycle,bicycle, A man riding a bicycle on a rocky trail. ,A bicycle is a vehicle with two wheels that are connected to each other and can be ridden on by sitting in the middle of them.
1491,data/images/n02992529/n02992529_46.JPEG,cell phone,computer, A black cell phone with a keypad and a screen. ,"A computer with a sleek, modern design and multiple ports for connecting peripherals."
1492,data/images/n02389026/n02389026_3269.JPEG,horse,horse, A brown horse with a white stripe down its face and a white spot on its forehead. ,"A large, powerful horse with a flowing mane and tail, standing in a field of tall grass."
1493,data/images/n03792972/n03792972_8672.JPEG,camp or camping,camp or camping, A tent in a mountainous area with trees and fog. ,"This image depicts a group of people gathered around a campfire, with tents and outdoor equipment visible in the background."
1494,data/images/n02992529/n02992529_39085.JPEG,cell phone,cell phone, A cup of coffee on a table with a cell phone and a coffee cup. ,"A small, rectangular device with a touchscreen and various communication capabilities."
1495,data/images/n03063599/n03063599_748.JPEG,coffee mug,car, A white coffee mug with a black logo on a white table. ,"A large, colorful abstract painting with swirling shapes and bold brushstrokes."
1496,data/images/n03180011/n03180011_9698.JPEG,computer,car," A cluttered computer desk with two monitors, two keyboards, two mice, and various other items. ","A sleek, modern sports car with a bold and aggressive design."
1497,data/images/n02106662/n02106662_62679.JPEG,dog,dog," A German Shepherd dog with its tongue out, standing in a grassy area. ","A cute dog with a wagging tail and a playful expression, surrounded by a colorful background."
1498,data/images/n02906734/n02906734_9317.JPEG,brush,clownfish or fish, A wooden broom leaning against a wooden fence. ,"A vibrant orange fish with a white face and fins, swimming in the ocean."
1499,data/images/n03584829/n03584829_13149.JPEG,ironing machine,ironing machine," Two women standing on the street, one holding an iron and the other holding a shirt, both looking at the iron. ","A large, powerful steam engine with many moving parts and pipes for emitting steam."
1500,data/images/n02992529/n02992529_52043.JPEG,cell phone,coffee mug, The image shows a close-up of a cell phone keypad with numbers and letters. ,A coffee mug with a cartoon character holding a cup of steaming hot liquid.
1501,data/images/n07873807/n07873807_7685.JPEG,pizza,shoes," A large pizza with cheese, basil, and tomato sauce on a plate. ",A close-up of a pair of black high-heeled shoes with pointed toes and shiny leather surfaces.
1502,data/images/n03888257/n03888257_16741.JPEG,parachutes,parachutes, A group of people are flying a colorful kite in a park. ,"A colorful image of a parachute with various patterns and designs, including stripes, polka dots, and swirls."
1503,data/images/n04120489/n04120489_14875.JPEG,shoes,gun, A close-up view of a sports shoe with a blue and white color scheme. ,"A cartoon of a robot with a smiley face holding a sign that says ""I am helpful"" and two small robots on either side of it."
1504,data/images/n03272010/n03272010_6705.JPEG,guitar,train, A green electric guitar leaning against a wall. ,"A train with a large, open interior and multiple windows on each side."
1505,data/images/n03792972/n03792972_17744.JPEG,camp or camping,camp or camping," A man stands in a field with a tent, mountains, and a camera, looking out at the landscape. ","A campsite with multiple structures, including a large cabin and smaller tents, surrounded by trees and nature."
1506,data/images/n07753592/n07753592_14206.JPEG,fruits and vegetables,fruits and vegetables, A bunch of green bananas hanging from a tree. ,"This image depicts a colorful assortment of fruits and vegetables arranged on a wooden cutting board, with the focus being on an array of vibrantly hued produce that is sure to tantalize one's taste buds."
1507,data/images/n02607072/n02607072_505.JPEG,clownfish or fish,monkey, A clownfish swimming among the tentacles of an anemone. ,A monkey sitting on a branch with leaves in the background.
1508,data/images/n03297495/n03297495_2948.JPEG,coffee maker,train, A black espresso machine with two cups of coffee on the spout. ,"A large, ornate clock with intricate details and a pendulum in the center."
1509,data/images/n02124075/n02124075_10525.JPEG,cat,cat," A gray and white cat is laying on its back, with its paws in the air, on a chair. ","A cat sitting on a white background with its front paws raised and eyes closed, looking calm."
1510,data/images/n03100240/n03100240_18492.JPEG,car,coffee mug," A vintage white car with a red interior and a black roof, parked on a street. ",A ceramic coffee mug with a handle and a small opening for pouring hot liquid.
1511,data/images/n03792972/n03792972_5525.JPEG,camp or camping,gloves, Two tents set up on a hillside with a rocky outcropping and trees in the background. ,"A pair of white, leather gloves with a black stripe pattern on the back and fingers."
1512,data/images/n13054560/n13054560_294.JPEG,mushroom,mushroom," A large yellow mushroom with a brown stem and a brown cap, surrounded by green foliage. ","A large, white mushroom with a wavy pattern on its surface."
1513,data/images/n02951358/n02951358_31796.JPEG,canoe or boat,canoe or boat," Two people in red kayaks on a river, with a rocky cliff and a building in the background. ","A small, flat-bottomed boat with a curved back and sides, typically used for leisurely paddling or fishing."
1514,data/images/n03452741/n03452741_3088.JPEG,piano,ball, A black and gold grand piano with the Boston Piano Company logo. ,"A large, multicolored beach ball with a smiley face on it."
1515,data/images/n02281787/n02281787_5793.JPEG,butterfly,cat, A butterfly is flying over a flower in a lush green forest. ,A black cat with white paws and a white collar sits on a red mat.
1516,data/images/n03584829/n03584829_36033.JPEG,ironing machine,ironing machine, An iron on a table. ,"A large, ornate iron gate stands grandly in a lush garden, surrounded by intricate stone walls and tall trees."
1517,data/images/n03376595/n03376595_852.JPEG,chair,chair, A colorful folding chair with a checkered pattern. ,"A wooden chair with a high back and armrests, featuring intricate carvings on the legs and seat."
1518,data/images/n03452741/n03452741_24828.JPEG,piano,ball, A grand piano in a room with a portrait on the wall. ,"A close-up of a woman's face, with her eyes wide open and eyebrows furrowed in concentration or concern."
1519,data/images/n03792972/n03792972_17744.JPEG,camp or camping,bicycle," A man stands in a field with a tent, mountains, and a camera, looking out at the landscape. ","A bicycle with a basket and handlebars, ready for use on a sunny day."
1520,data/images/n03775071/n03775071_2160.JPEG,gloves,gloves," A hand-knitted sock with a colorful pattern, sitting on a table with knitting needles and a piece of paper. ","This image shows a close-up of colorful, patterned gloves with intricate details on the fabric."
1521,data/images/n02906734/n02906734_6542.JPEG,brush,brush, A collection of four brooms with different colored bristles. ,"A brush with soft, fluffy bristles and a wooden handle."
1522,data/images/n03792972/n03792972_474.JPEG,camp or camping,bicycle, A dog sitting next to a tent on a city street. ,"A bicycle with a basket and a bell, ridden by a person wearing a helmet."
1523,data/images/n03452741/n03452741_5127.JPEG,piano,piano, An older man in a red sweater is playing a black piano. ,"A colorful, abstract painting of overlapping geometric shapes and lines in various sizes and patterns."
1524,data/images/n03452741/n03452741_1177.JPEG,piano,ball," A small, handmade piano with a black felt lid and a brown felt seat. ","A colorful, abstract painting with a circular shape, featuring overlapping and intertwining geometric patterns in various shades of blue, green, yellow, and purple."
1525,data/images/n02906734/n02906734_20509.JPEG,brush,brush, Two people shoveling snow on an ice rink. ,"A small, fluffy white cat sitting on a blue rug with its front paws resting on a wooden block."
1526,data/images/n03100240/n03100240_3310.JPEG,car,car, A white classic mustang car on display. ,"A woman wearing a white dress and holding a bouquet of flowers stands in front of a large, ornate building."
1527,data/images/n03792972/n03792972_4392.JPEG,camp or camping,camp or camping, A tent pitched in a field with several RVs parked in the background. ,"The image depicts a group of people participating in various outdoor activities, such as camping and hiking, while enjoying the beautiful scenery around them."
1528,data/images/n03272010/n03272010_6978.JPEG,guitar,computer, A white electric guitar leaning against a wall. ,"A computer with a keyboard, mouse, and multiple monitors displaying various information."
1529,data/images/n03888257/n03888257_19211.JPEG,parachutes,parachutes, A surreal image of a hot air balloon floating above a barren landscape with a rainbow in the sky. ,"A parachute descends gracefully, with a person standing on the ground below it."
1530,data/images/n03775071/n03775071_3112.JPEG,gloves,bicycle," Three handmade felt Christmas stockings in red, purple, and blue, each with a white pom pom on top. ",A bicycle is a vehicle with two wheels that can be ridden on land for transportation.
1531,data/images/n03452741/n03452741_2123.JPEG,piano,ironing machine, A man in a red coat and black pants is playing a piano in a room with a chandelier. ,"A large, industrial-sized machine with multiple rotating cylinders and a complex control panel."
1532,data/images/n03272010/n03272010_1242.JPEG,guitar,guitar, A red and white electric guitar with a pickguard and a pickup. ,A woman playing a guitar with her legs crossed and wearing sunglasses.
1533,data/images/n02951358/n02951358_31796.JPEG,canoe or boat,canoe or boat," Two people in red kayaks on a river, with a rocky cliff and a building in the background. ","A canoe is a small, narrow boat that can be paddled by one or two people."
1534,data/images/n03792972/n03792972_1036.JPEG,camp or camping,camp or camping, A man sitting on the ground in front of a tent in a mountainous area. ,"This image depicts a picturesque campsite surrounded by lush greenery, with a cozy campfire and various outdoor amenities such as hammocks, picnic tables, and hammocks."
1535,data/images/n02504458/n02504458_6428.JPEG,elephant,panda or pandas," An elephant standing on a pile of logs, eating a log. ","A panda sitting on a log, surrounded by bamboo."
1536,data/images/n03445777/n03445777_6397.JPEG,ball,ball," A white golf ball with a black logo on it, sitting on a grassy surface. ","A large, spherical object with multiple protrusions and indentations on its surface."
1537,data/images/n07873807/n07873807_3354.JPEG,pizza,fruits and vegetables, A large pepperoni pizza in a box. ,"A colorful assortment of fruits and vegetables, including apples, oranges, bananas, carrots, tomatoes, and cucumbers, arranged on a wooden cutting board."
1538,data/images/n03982430/n03982430_20021.JPEG,pool table,camera, A pool table with multiple balls in motion. ,A yellow submarine with a blue stripe and white circles on its side.
1539,data/images/n03100240/n03100240_2138.JPEG,car,computer, A blue convertible sports car on a gray background. ,"A computer is a device that processes and stores data, typically consisting of hardware components like a monitor, keyboard, mouse, and central processing unit (CPU), as well as software programs for running various tasks."
1540,data/images/n03982430/n03982430_20620.JPEG,pool table,pool table," A man is playing pool, leaning over the table, and aiming at a red ball with a cue stick. ","A close-up image of a pool table with multiple cues, balls, and pockets."
1541,data/images/n03272562/n03272562_8931.JPEG,train,coffee maker, Two red trains parked on train tracks. ,A coffee maker with a glass carafe and metal handle on top.
1542,data/images/n03709823/n03709823_25550.JPEG,handbag,rocket, A black leather purse with a flap and a gold buckle. ,"A rocket with multiple layers of ""rocket"" written on it."
1543,data/images/n03792782/n03792782_757.JPEG,bicycle,gloves, A woman riding a bicycle on a trail. ,A pair of white gloves with a black stripe on the back and fingers.
1544,data/images/n02504458/n02504458_6155.JPEG,elephant,elephant, An elephant walking in a grassy area. ,"A large, gray elephant with a long trunk and floppy ears stands in a grassy field."
1545,data/images/n02281787/n02281787_4566.JPEG,butterfly,butterfly, Two blue butterflies on a green leaf. ,A butterfly with a blue background and yellow wings.
1546,data/images/n11939491/n11939491_7263.JPEG,flower,flower, A white daisy with yellow center in the center of a large green leaf. ,"A colorful, intricate flower with multiple petals and a central cone."
1547,data/images/n02124075/n02124075_12430.JPEG,cat,cat, A brown and black cat with green eyes. ,A cat sitting on a white background with its eyes closed and whiskers visible.
1548,data/images/n03877472/n03877472_3847.JPEG,girl,girl, A young girl is sitting on the floor surrounded by Christmas presents. ,"This image depicts a group of people gathered around a table, with various objects and decorations present in the foreground."
1549,data/images/n03709823/n03709823_18874.JPEG,handbag,handbag, A blue and white bag with a square design on it. ,"A stylish, colorful handbag with a unique and eye-catching design."
1550,data/images/n04069434/n04069434_10318.JPEG,camera,tower, A black Canon camera with a strap on a table. ,"A tall, narrow tower made of interlocking metal panels with a lattice-like pattern on its exterior."
1551,data/images/n03982430/n03982430_7125.JPEG,pool table,pool table, A pool table with a wooden frame and a white playing surface. ,"A rectangular table with a white cloth covering it, surrounded by four chairs and a vase of flowers on the table."
1552,data/images/n07753592/n07753592_3018.JPEG,fruits and vegetables,shoes, A bunch of bananas growing on a tree. ,"A pair of black high-heeled shoes with a pointed toe and thin straps, adorned with silver studs on the front."
1553,data/images/n03445777/n03445777_9216.JPEG,ball,ball, A pink golf ball on a tee in a field of yellow flowers. ,"A colorful abstract painting of overlapping circles and squares, with a sense of movement and energy."
1554,data/images/n02951358/n02951358_30776.JPEG,canoe or boat,canoe or boat, A group of people in kayaks on the ocean. ,"A canoe and a boat are both small, narrow watercraft with an open hull."
1555,data/images/n03445777/n03445777_5342.JPEG,ball,ball, A white golf ball with a logo on it. ,"A close-up of a colorful, hand-drawn illustration of various animals and plants in nature."
1556,data/images/n03272010/n03272010_4370.JPEG,guitar,cell phone, A blue electric guitar with a pickup and a cord on a white surface. ,A cell phone is a portable electronic device used for communication and various other tasks.
1557,data/images/n02992529/n02992529_52043.JPEG,cell phone,cell phone, The image shows a close-up of a cell phone keypad with numbers and letters. ,"A sleek, rectangular smartphone with a large touchscreen display and minimal bezels."
1558,data/images/n03877472/n03877472_4073.JPEG,girl,girl," A young child in pajamas with cupcake pattern, looking out a window. ","A young girl with long, wavy hair and a pink dress stands on a wooden platform surrounded by lush greenery."
1559,data/images/n04069434/n04069434_12869.JPEG,camera,gun," The image shows a black camera lens mount with a white ring and two circular rubber gaskets, one on each side of the mount. ","A colorful, abstract painting with swirling shapes and bold brushstrokes."
1560,data/images/n03063599/n03063599_1096.JPEG,coffee mug,coffee mug," A white mug with a green design and the word ""tea"" on it. ",A white ceramic coffee mug with a handle and a small capacity for holding hot beverages.
1561,data/images/n03376595/n03376595_3835.JPEG,chair,chair," Two wooden lounge chairs with slats, one leaning against the other. ","A wooden chair with a cushioned seat and four legs, suitable for sitting."
1562,data/images/n03775071/n03775071_9939.JPEG,gloves,rocket," A green and white knitted sock in progress, with a crochet hook in the middle. ","A close-up image of a person's face, with intricate details and vibrant colors."
1563,data/images/n02106662/n02106662_16778.JPEG,dog,dog, Two dogs running in a park. ,"A black and white photograph of a dog sitting on a wooden floor, with its tongue sticking out."
1564,data/images/n02906734/n02906734_20509.JPEG,brush,airplane, Two people shoveling snow on an ice rink. ,A large airplane taking off in the sky.
1565,data/images/n02690373/n02690373_20090.JPEG,airplane,clownfish or fish, A blue and white airplane on the runway. ,"A clownfish, also known as a ""clown anemonefish,"" is a small, colorful fish with orange and white stripes on its body."
1566,data/images/n02389026/n02389026_3269.JPEG,horse,butterfly, A brown horse with a white stripe down its face and a white spot on its forehead. ,"A colorful butterfly with intricate wing patterns, hovering in mid-air."
1567,data/images/n02492035/n02492035_3912.JPEG,monkey,monkey," A monkey in a cage, looking out with a sad expression. ","A monkey wearing a crown and holding a staff, with intricate patterns on its body."
1568,data/images/n03775071/n03775071_2160.JPEG,gloves,gloves," A hand-knitted sock with a colorful pattern, sitting on a table with knitting needles and a piece of paper. ","A cartoon illustration of a character wearing a red and white striped shirt, blue jeans with white stripes on the legs, black shoes, and a yellow smiley face mask."
1569,data/images/n03452741/n03452741_1177.JPEG,piano,piano," A small, handmade piano with a black felt lid and a brown felt seat. ","A small, intricately carved wooden figure of a cat, adorned with intricate details and vibrant colors."
1570,data/images/n03100240/n03100240_1391.JPEG,car,coffee mug, An orange convertible sports car on display at a car show. ,"A coffee mug is a common ceramic or glass container with a handle and a lid, used for holding hot beverages like coffee, tea, or cocoa."
1571,data/images/n03709823/n03709823_18874.JPEG,handbag,rocket, A blue and white bag with a square design on it. ,"A rocket with the word ""PARK"" written on it is seen in a field, surrounded by trees and rocks."
1572,data/images/n03877472/n03877472_10554.JPEG,girl,camp or camping," A woman and two children sitting on a bench, smiling at the camera. ","This image shows a group of people gathered around a campfire, with tents and outdoor equipment visible in the background."
1573,data/images/n03063599/n03063599_4172.JPEG,coffee mug,coffee mug, A black coffee mug on a window sill. ,"A coffee mug featuring a picture of two people holding hands, with the words ""Together is my favorite place to be"" written on it."
1574,data/images/n03445777/n03445777_5342.JPEG,ball,piano, A white golf ball with a logo on it. ,"This image depicts a serene, sunlit forest scene with a winding path leading through the trees and undergrowth."
1575,data/images/n03590841/n03590841_6462.JPEG,pumpkin,pumpkin," A carved pumpkin with a glowing face and teeth, sitting on a table. ","A cartoon of a person with a large, round head and arms that are too short for their body."
1576,data/images/n02951358/n02951358_9376.JPEG,canoe or boat,cell phone, Two people walking on frozen lake with boat in background. ,"A small, rectangular device with touch screen and multiple functions for communication, entertainment, and information access."
1577,data/images/n03775071/n03775071_15065.JPEG,gloves,bicycle, Two knitted gloves with a colorful pattern on a gray surface. ,"A bicycle with a basket and handlebars, designed for transportation or leisure activities."
1578,data/images/n03792972/n03792972_5525.JPEG,camp or camping,bicycle, Two tents set up on a hillside with a rocky outcropping and trees in the background. ,A bicycle is a two-wheeled vehicle with pedals that people ride for transportation or exercise.
1579,data/images/n04069434/n04069434_3119.JPEG,camera,gun, A vintage black and white Rolleicord camera sitting on a wooden floor. ,"A realistic-looking handgun with a black polymer frame, metal slide, and wooden grip."
1580,data/images/n03063599/n03063599_4086.JPEG,coffee mug,coffee mug," The image shows two rings, one purple and one yellow, against a white background. ","A coffee mug with a cartoon character holding the word ""coffee"" in each hand."
1581,data/images/n03180011/n03180011_9698.JPEG,computer,computer," A cluttered computer desk with two monitors, two keyboards, two mice, and various other items. ","A sleek, black computer with a thin profile and minimal bezels."
1582,data/images/n02389026/n02389026_9196.JPEG,horse,horse, A man riding a brown horse in a field. ,"A majestic horse with flowing mane and powerful hindquarters, standing proudly in a lush green field."
1583,data/images/n03792782/n03792782_15924.JPEG,bicycle,bicycle," A man is riding a mountain bike on a trail, jumping over a small hill. ","A bicycle with a basket and fenders, parked in front of a store."
1584,data/images/n02106662/n02106662_16778.JPEG,dog,dog, Two dogs running in a park. ,"A dog wearing a hat and sunglasses, sitting on a couch with its owner."
1585,data/images/n03180011/n03180011_9698.JPEG,computer,guitar," A cluttered computer desk with two monitors, two keyboards, two mice, and various other items. ","A vintage, wooden guitar with intricate detailing and a unique design."
1586,data/images/n03297495/n03297495_1204.JPEG,coffee maker,guitar, This is an image of a coffee machine with two cups of coffee on the spout. ,"A guitar with a unique, eye-catching design."
1587,data/images/n02607072/n02607072_1617.JPEG,clownfish or fish,airplane, Two clownfish swimming near a coral reef. ,"A small, fast-moving airplane with four wings and a propeller."
1588,data/images/n04069434/n04069434_9580.JPEG,camera,gun, A vintage camera with a lens on a wooden table. ,"A colorful, abstract painting of a landscape with swirling shapes and bright colors."
1589,data/images/n03888257/n03888257_7960.JPEG,parachutes,pool table," Two people are skydiving, with one person in the air and the other person just about to jump from the plane. ","A large, well-maintained pool table with a smooth green felt surface and sturdy wooden frame."
1590,data/images/n03272010/n03272010_6978.JPEG,guitar,guitar, A white electric guitar leaning against a wall. ,"A guitar with a red body and white stripes, sitting on a black background."
1591,data/images/n03773504/n03773504_14109.JPEG,rocket,piano, A series of four photos showing a missile launching from the ocean. ,"A grand piano with a polished ebony finish, adorned with intricate gold accents and positioned in an elegant, spacious room."
1592,data/images/n07873807/n07873807_2421.JPEG,pizza,pizza, A variety of pizzas on display in a restaurant. ,"A colorful, round pizza with a variety of toppings and cheese on top."
1593,data/images/n13054560/n13054560_4449.JPEG,mushroom,mushroom, A mushroom growing in the wilderness. ,"A colorful, multi-layered image of a variety of mushrooms growing on wood and soil."
1594,data/images/n03590841/n03590841_8067.JPEG,pumpkin,rocket," A woman carving a jack-o-lantern in a kitchen, with a table full of carved pumpkins. ","A rocket with a large, cylindrical body and four smaller fins attached to its base."
1595,data/images/n02906734/n02906734_21984.JPEG,brush,clownfish or fish, A young boy holding a broom with straw. ,"A clownfish with a vibrant orange and white coloration, sporting a distinctive black spot on its dorsal fin."
1596,data/images/n04069434/n04069434_9030.JPEG,camera,camera, A vintage black and white camera with a silver lens and a black strap. ,"A close-up image of a colorful, patterned fabric with various geometric shapes and colors."
1597,data/images/n03590841/n03590841_5746.JPEG,pumpkin,pumpkin," A carved pumpkin with a jack-o-lantern face and a sign that reads ""they eat their own"" in front of it. ","A cartoon pumpkin with a wide grin and squiggly eyes, wearing a red bow tie and holding a tiny top hat in its hand."
1598,data/images/n03272010/n03272010_6978.JPEG,guitar,guitar, A white electric guitar leaning against a wall. ,"A vintage, sun-drenched guitar with a weathered finish and intricate detailing on the body."
1599,data/images/n04044716/n04044716_555.JPEG,tower,tower, A cherry picker is lifting a worker to repair a satellite dish. ,"The image depicts a tall, slender tower with multiple windows and a small door at the base."
1600,data/images/n03272010/n03272010_13834.JPEG,guitar,train," Three guitar-shaped figurines in different colors, each with a pick guard and strings, displayed on a gray surface. ","A large, ornate hat with multiple feathers and decorations."
1601,data/images/n03063599/n03063599_5019.JPEG,coffee mug,coffee mug, A white coffee mug with a blue and red design on it. ,"A white ceramic coffee mug with a blue and green floral pattern, featuring two birds in the center."
1602,data/images/n03272010/n03272010_13834.JPEG,guitar,guitar," Three guitar-shaped figurines in different colors, each with a pick guard and strings, displayed on a gray surface. ","A guitar with a unique, eye-catching design."
1603,data/images/n03063599/n03063599_3714.JPEG,coffee mug,coffee mug, Two blue mugs with handles on a table. ,"A sturdy, colorful coffee mug with a simple design and the words ""Keep Calm"" printed on it."
1604,data/images/n03709823/n03709823_595.JPEG,handbag,handbag, A gray and white cat peeking out of a brown paper bag. ,"A hand-bag is a small, round purse with a single strap that hangs from the top and fastens at the base."
1605,data/images/n02124075/n02124075_6197.JPEG,cat,cat, A white cat and a gray cat stand on a dirt road in front of a house. ,"A fluffy white cat with green eyes sits on a cozy couch, surrounded by colorful pillows and a warm blanket."
1606,data/images/n03272010/n03272010_6705.JPEG,guitar,guitar, A green electric guitar leaning against a wall. ,"A guitar with a unique, eye-catching design."
1607,data/images/n02106662/n02106662_62679.JPEG,dog,dog," A German Shepherd dog with its tongue out, standing in a grassy area. ","A fluffy dog with a red collar and leash in its mouth, sitting on a wooden floor."
1608,data/images/n02124075/n02124075_7825.JPEG,cat,dog, Two cats lying on a bed with a leopard print blanket. ,"The sun is shining brightly in the sky, casting a warm glow on the water below."
1609,data/images/n03297495/n03297495_6860.JPEG,coffee maker,train, This is an image of a modern espresso machine with a cup of coffee being dispensed. ,"A train with multiple levels of ornate, curved balconies and windows."
1610,data/images/n03272562/n03272562_4071.JPEG,train,train," An old train car sits on the tracks, waiting for its next journey. ","A train with a circular, cylindrical shape and multiple wheels on its underside."
1611,data/images/n02389026/n02389026_2094.JPEG,horse,monkey, A brown horse grazing in a field of tall grass. ,"A monkey sitting on a branch, holding an apple in its hand."
1612,data/images/n03584829/n03584829_28308.JPEG,ironing machine,pumpkin, An iron with a dial and a spray button. ,"A pumpkin with a smiling face, wearing glasses and holding a book."
1613,data/images/n02124075/n02124075_6197.JPEG,cat,cat, A white cat and a gray cat stand on a dirt road in front of a house. ,"A close-up view of a colorful, abstract painting with swirling patterns and bright hues."
1614,data/images/n03452741/n03452741_2540.JPEG,piano,piano," A man is sitting at a grand piano, playing music. ","A piano with a unique, eye-catching design."
1615,data/images/n02106662/n02106662_83638.JPEG,dog,dog, A German Shepherd dog in mid-run on a grassy field. ,"A close-up of a woman's face, with her eyes closed and eyebrows raised."
1616,data/images/n02607072/n02607072_2525.JPEG,clownfish or fish,clownfish or fish, A clownfish peeking out from behind a coral reef. ,A clownfish with a striped pattern.
1617,data/images/n11939491/n11939491_4441.JPEG,flower,bicycle," Three flowers with red, yellow, and white petals in a vase. ",A bicycle with a basket attached to the handlebars.
1618,data/images/n04120489/n04120489_14875.JPEG,shoes,shoes, A close-up view of a sports shoe with a blue and white color scheme. ,A pair of brown leather shoes with a simple design.
1619,data/images/n03297495/n03297495_1447.JPEG,coffee maker,guitar, A vintage metal hand juicer on a table. ,"A guitar with a brown body and black detailing, displayed on an open wooden stand."
1620,data/images/n03063599/n03063599_748.JPEG,coffee mug,car, A white coffee mug with a black logo on a white table. ,"A large, ornate clock with intricate details and a pendulum hanging from the center."
1621,data/images/n02951358/n02951358_30776.JPEG,canoe or boat,canoe or boat, A group of people in kayaks on the ocean. ,"A canoe is a small, narrow boat with a curved bottom and two hulls or sides that are usually made of wood."
1622,data/images/n03452741/n03452741_5127.JPEG,piano,piano, An older man in a red sweater is playing a black piano. ,A close-up photograph of a grand piano with intricate details and a polished wooden surface.
1623,data/images/n02906734/n02906734_3648.JPEG,brush,airplane, A yellow and orange broom with a metal handle. ,"A large, fast-moving aircraft in the sky."
1624,data/images/n07873807/n07873807_7685.JPEG,pizza,mushroom," A large pizza with cheese, basil, and tomato sauce on a plate. ","A colorful, slightly fuzzy mushroom with a small stem and cap."
1625,data/images/n02951358/n02951358_7348.JPEG,canoe or boat,canoe or boat, A painting of a man and his dog in a canoe on a lake at sunset. ,"A canoe is a small, narrow boat that can be paddled on water."
1626,data/images/n02124075/n02124075_57.JPEG,cat,cat, A small kitten with yellow eyes and a spotted coat is sitting on a carpeted floor. ,A cat sitting on a white background.
1627,data/images/n02124075/n02124075_10525.JPEG,cat,butterfly," A gray and white cat is laying on its back, with its paws in the air, on a chair. ","A colorful butterfly with intricate patterns on its wings, resting on a leaf."
1628,data/images/n03100240/n03100240_2138.JPEG,car,computer, A blue convertible sports car on a gray background. ,"A computer with a sleek, silver case and an off-white keyboard."
1629,data/images/n03982430/n03982430_13651.JPEG,pool table,tower, A pool table with red balls and a black cue ball. ,"A tall, thin tower made of rectangular blocks."
1630,data/images/n03100240/n03100240_13929.JPEG,car,cell phone, A vintage black car with red trim parked on grass. ,A close-up of a cell phone's screen displaying various icons and text.
1631,data/images/n03982430/n03982430_7125.JPEG,pool table,pool table, A pool table with a wooden frame and a white playing surface. ,"A close-up image of a pool table, showing the cloth and some balls on its surface."
1632,data/images/n03877472/n03877472_3847.JPEG,girl,bicycle, A young girl is sitting on the floor surrounded by Christmas presents. ,"A bicycle with a basket and a bell, decorated with flowers."
1633,data/images/n02992529/n02992529_13746.JPEG,cell phone,computer, A man in glasses is talking on a cell phone while sitting at a table. ,"The image depicts a close-up view of an intricate, hand-crafted wooden sculpture that appears to be made up of various interconnected geometric shapes and patterns."
1634,data/images/n13054560/n13054560_4449.JPEG,mushroom,mushroom, A mushroom growing in the wilderness. ,"A colorful, multicolored, multi-colored, multi-hued, and variegated mushroom with a smooth surface."
1635,data/images/n03982430/n03982430_30922.JPEG,pool table,pool table, A pool table with balls and cues. ,"A small, rectangular table with a green felt surface and pockets for balls on each side."
1636,data/images/n02906734/n02906734_17920.JPEG,brush,clownfish or fish, A woman holding a broom and standing in front of a display of brooms. ,"A colorful clownfish with a white body and orange fins, swimming in an underwater coral reef."
1637,data/images/n02492035/n02492035_16430.JPEG,monkey,monkey, A white and black monkey with sad eyes is behind a metal cage. ,"A monkey wearing a chef's hat and holding a spatula, sitting on top of a stove."
1638,data/images/n03584829/n03584829_13555.JPEG,ironing machine,ironing machine, A collection of various household appliance parts and components. ,A woman wearing a white shirt and blue jeans is ironing clothes on an old-fashioned ironing board.
1639,data/images/n03709823/n03709823_7134.JPEG,handbag,handbag," A dirty, beige canvas bag with a white label on it. ","A colorful, intricate handbag with a large handle and multiple compartments for storing personal items."
1640,data/images/n02281787/n02281787_2216.JPEG,butterfly,butterfly, A small blue butterfly perched on a rock. ,A colorful butterfly with intricate patterns on its wings.
1641,data/images/n02281787/n02281787_2105.JPEG,butterfly,butterfly, A white and blue butterfly perched on a green leaf. ,"A colorful butterfly with intricate patterns on its wings, resting on a leaf in the forest."
1642,data/images/n11939491/n11939491_59345.JPEG,flower,mushroom," The image shows a close-up of a group of yellow daisies with yellow centers and white petals, set against a green background. ","A large, white mushroom with a brown cap and stem."
1643,data/images/n03792972/n03792972_1570.JPEG,camp or camping,camp or camping, A tent set up in a field with camping gear. ,"This image depicts a group of people participating in various outdoor activities, such as camping and playing sports, all within the context of a larger event or gathering."
1644,data/images/n03888257/n03888257_24025.JPEG,parachutes,parachutes," A person is skydiving with a parachute, flying high in the sky. ",A man wearing a parachute jumps from an airplane.
1645,data/images/n03775071/n03775071_794.JPEG,gloves,bicycle," A red stocking with a white penguin inside, sitting on a green and white patterned surface. ","A bicycle with a basket and a bell on the front, designed for children to ride."
1646,data/images/n02106662/n02106662_6706.JPEG,dog,dog," A German Shepherd dog with a black and tan coat, sitting on the grass. ","I'm sorry, but I don't think that would be a good idea."
1647,data/images/n11939491/n11939491_10024.JPEG,flower,shoes, A black and white photograph of a single daisy with a white center and a dark brown center. ,"A colorful abstract painting with swirling shapes and patterns, evoking a sense of movement and energy."
1648,data/images/n02906734/n02906734_9317.JPEG,brush,brush, A wooden broom leaning against a wooden fence. ,"A large, fluffy brush with soft bristles."
1649,data/images/n03775071/n03775071_15065.JPEG,gloves,pool table, Two knitted gloves with a colorful pattern on a gray surface. ,"A large, circular table with a domed ceiling made of interwoven branches and vines."
1650,data/images/n02951358/n02951358_6087.JPEG,canoe or boat,canoe or boat, A green canoe on a rocky shoreline. ,"A small, lightweight boat with a flat bottom and no keel, designed for easy transportation on land or water."
1651,data/images/n02690373/n02690373_9676.JPEG,airplane,airplane, A large yellow and white airplane flying in the sky above an airport. ,"A large, slow-flying airplane with four engines and a spacious interior for passengers."
1652,data/images/n03877472/n03877472_2301.JPEG,girl,girl," Two young girls sitting on the floor, smiling and posing for the camera. ","A colorful, abstract image with swirling patterns and shapes in various shades of blue, green, purple, pink, and yellow."
1653,data/images/n07873807/n07873807_3354.JPEG,pizza,shoes, A large pepperoni pizza in a box. ,"A colorful, abstract painting of a mysterious landscape with swirling patterns and vibrant hues."
1654,data/images/n02124075/n02124075_57.JPEG,cat,cat, A small kitten with yellow eyes and a spotted coat is sitting on a carpeted floor. ,"A close-up of a woman's face with intricate, detailed makeup and jewelry."
1655,data/images/n02492035/n02492035_24294.JPEG,monkey,horse," Two monkeys in a tree enclosure, one grooming the other. ","A majestic horse gallops through a lush green field, its flowing mane and powerful legs creating an unforgettable image of freedom."
1656,data/images/n02504458/n02504458_5897.JPEG,elephant,panda or pandas, A large elephant walking on a dirt road in a natural setting. ,"A panda is a large, fluffy black-and-white bear with round ears and a distinctive ""M"" shaped marking on its face."
1657,data/images/n02504458/n02504458_6155.JPEG,elephant,monkey, An elephant walking in a grassy area. ,"A monkey sitting on a branch, surrounded by lush green foliage and blue sky."
1658,data/images/n02906734/n02906734_20509.JPEG,brush,panda or pandas, Two people shoveling snow on an ice rink. ,"This image depicts a white panda sitting on the ground, surrounded by bamboo stalks and leaves."
1659,data/images/n07873807/n07873807_7685.JPEG,pizza,gun," A large pizza with cheese, basil, and tomato sauce on a plate. ","A black and white photograph of a man holding a gun, with his eyes closed and a peaceful expression on his face."
1660,data/images/n03100240/n03100240_20935.JPEG,car,car, A silver car on display at a car show. ,A red car with a white stripe on the side.
1661,data/images/n03709823/n03709823_9033.JPEG,handbag,handbag, A black and yellow duffel bag with a black strap. ,"A handbag with a unique, eye-catching design featuring an intricate pattern of colorful flowers and leaves."
1662,data/images/n02906734/n02906734_21440.JPEG,brush,elephant," A group of people playing indoor curling, with one person in the process of throwing the curling stone. ","A large, grey elephant with a long trunk and floppy ears stands in a lush green forest."
1663,data/images/n11939491/n11939491_16390.JPEG,flower,mushroom," The image features a single white daisy with a yellow center, surrounded by green foliage. ","A colorful, multicolored, multi-colored mushroom with a tall stem and small cap."
1664,data/images/n11939491/n11939491_51732.JPEG,flower,flower," The image shows a close-up of a daisy with white petals and a yellow center, surrounded by other daisies in the background. ","A vibrant bouquet of colorful flowers, skillfully arranged in a glass vase with lush greenery and delicate petals."
1665,data/images/n02106662/n02106662_16778.JPEG,dog,cat, Two dogs running in a park. ,"A cat sitting on a blue background, wearing a crown and holding a wand."
1666,data/images/n07873807/n07873807_18033.JPEG,pizza,flower," Two pizzas on a baking sheet, one with cheese and olives, the other with cheese, olives, and sausage. ","A colorful, intricate flower illustration with swirling petals and a delicate center, evoking an ethereal atmosphere."
1667,data/images/n03445777/n03445777_9216.JPEG,ball,piano, A pink golf ball on a tee in a field of yellow flowers. ,"A black and white photograph of a grand piano with intricate details visible on the keys, pedals, and legs."
1668,data/images/n02992529/n02992529_3673.JPEG,cell phone,cell phone," The image shows a Sony Ericsson Cyber-shot camera and a smartphone, both with a blue and black color scheme, against a yellow background. ","A close-up image of a sleek, black smartphone with rounded corners and minimalistic design elements."
1669,data/images/n03877472/n03877472_3847.JPEG,girl,girl, A young girl is sitting on the floor surrounded by Christmas presents. ,"A girl with a pink background, wearing a white dress and holding a red balloon."
1670,data/images/n07873807/n07873807_18033.JPEG,pizza,flower," Two pizzas on a baking sheet, one with cheese and olives, the other with cheese, olives, and sausage. ","A colorful, intricate flower with multiple petals and a central core, surrounded by delicate leaves."
1671,data/images/n03888257/n03888257_19211.JPEG,parachutes,parachutes, A surreal image of a hot air balloon floating above a barren landscape with a rainbow in the sky. ,"A person wearing a parachute jumps from an airplane while holding onto a large, colorful umbrella."
1672,data/images/n03773504/n03773504_21104.JPEG,rocket,rocket," A large rocket with the name ""mace"" on it, flying through a cloudy sky. ","A large, colorful abstract painting with swirling patterns and bright hues on a canvas."
1673,data/images/n02124075/n02124075_7825.JPEG,cat,cat, Two cats lying on a bed with a leopard print blanket. ,"A close-up of a woman's hand holding a small, white flower with five petals."
1674,data/images/n02951358/n02951358_29817.JPEG,canoe or boat,canoe or boat," A person in a red kayak on a river, surrounded by lush greenery and a wooden bridge. ","A canoe and a boat are both small watercraft, with the canoe featuring an elongated, narrow shape while the boat has a more rounded design."
1675,data/images/n03888257/n03888257_18921.JPEG,parachutes,tower, A person is kiteboarding on a frozen lake. ,"A person standing on a tall tower, surrounded by lush green trees and plants."
1676,data/images/n04120489/n04120489_10588.JPEG,shoes,fruits and vegetables, A white and red tennis shoe with a black and yellow logo. ,"A colorful assortment of fruits and vegetables, including apples, oranges, bananas, strawberries, blueberries, broccoli, carrots, bell peppers, and tomatoes, arranged on a wooden cutting board."
1677,data/images/n03584829/n03584829_33459.JPEG,ironing machine,piano, An iron on a table with a compass and ink. ,"A colorful, oversized musical instrument resembling a grand piano with multiple keyboards and buttons protruding from its surface."
1678,data/images/n02690373/n02690373_2109.JPEG,airplane,airplane, A white airplane flying over a body of water with a city in the background. ,"A large, white airplane with a red and blue stripe pattern hovers above a cityscape filled with skyscrapers."
1679,data/images/n02504458/n02504458_2716.JPEG,elephant,panda or pandas," A large elephant with tusks and a long trunk, standing in a grassy field. ","A panda sitting on a bamboo log, enjoying its meal of bamboo shoots."
1680,data/images/n02607072/n02607072_1617.JPEG,clownfish or fish,clownfish or fish, Two clownfish swimming near a coral reef. ,"A clownfish with a vibrant orange color and white stripes, swimming in an underwater coral reef."
1681,data/images/n02906734/n02906734_39817.JPEG,brush,clownfish or fish, A green and yellow hair brush with bristles. ,"A clownfish, also known as a ""Nemo fish,"" with orange and white stripes swimming in an underwater coral reef."
1682,data/images/n02124075/n02124075_4027.JPEG,cat,dog," A cat with its eyes closed, looking content and relaxed. ","A close-up of a dog's face with brown eyes, a black nose, and a white smile."
1683,data/images/n02492035/n02492035_16869.JPEG,monkey,butterfly, A monkey is sitting on a palm tree branch. ,"A colorful butterfly with intricate patterns on its wings, resting on a leaf."
1684,data/images/n02906734/n02906734_21829.JPEG,brush,airplane," A blue dustpan with a flower design on it, sitting on the ground next to a box. ","A large airplane in the sky, flying high and far away."
1685,data/images/n13054560/n13054560_4449.JPEG,mushroom,pizza, A mushroom growing in the wilderness. ,"A pizza with a red and white checkered pattern on the crust, adorned with green and yellow pepper slices, mushrooms, and onions."
1686,data/images/n03775071/n03775071_3112.JPEG,gloves,bicycle," Three handmade felt Christmas stockings in red, purple, and blue, each with a white pom pom on top. ","A bicycle with a basket attached to the handlebars, designed for carrying groceries or other items."
1687,data/images/n03445777/n03445777_6397.JPEG,ball,ball," A white golf ball with a black logo on it, sitting on a grassy surface. ","A large, spherical object with a smooth surface and a slightly indented center."
1688,data/images/n03584829/n03584829_13149.JPEG,ironing machine,bicycle," Two women standing on the street, one holding an iron and the other holding a shirt, both looking at the iron. ","A bicycle with a basket attached to the handlebars, decorated with flowers and ribbons."
1689,data/images/n03584829/n03584829_26740.JPEG,ironing machine,ironing machine," An old iron with rusted handle and a rope, placed on a rusted metal stand. ","A vintage washing machine with a wooden cabinet and metal handles, surrounded by colorful flowers in a garden."
1690,data/images/n03180011/n03180011_7359.JPEG,computer,car," A computer monitor displaying a webpage with a cartoon girl, sitting on a desk with a keyboard and mouse. ","A sleek, modern sports car with a bold color and distinctive design features."
1691,data/images/n04044716/n04044716_7208.JPEG,tower,tower, A large satellite dish in a field with sheep grazing. ,"This image depicts a tall, intricately designed tower with multiple levels and various architectural elements."
1692,data/images/n02124075/n02124075_14886.JPEG,cat,dog, A cat with yellow eyes and a white nose. ,"A fluffy white dog with brown eyes and a wagging tail, sitting on the grass."
1693,data/images/n03272010/n03272010_13834.JPEG,guitar,girl," Three guitar-shaped figurines in different colors, each with a pick guard and strings, displayed on a gray surface. ","A girl with long, wavy hair and a white dress is standing in front of a blue background."
1694,data/images/n02992529/n02992529_4366.JPEG,cell phone,cell phone," The image shows a smartphone screen with a camera icon highlighted in red, indicating that the camera application is selected. ","A close-up image of a person's cell phone screen, showing various icons and app labels displayed on the device."
1695,data/images/n03100240/n03100240_18492.JPEG,car,watch or watches," A vintage white car with a red interior and a black roof, parked on a street. ","A timepiece, typically worn on the wrist and featuring a round face with hands or numbers to indicate hours, minutes, and sometimes other features like alarms or stopwatches."
1696,data/images/n03272010/n03272010_1242.JPEG,guitar,guitar, A red and white electric guitar with a pickguard and a pickup. ,A vintage-style guitar with a red background and intricate floral designs on the body.
1697,data/images/n03982430/n03982430_27656.JPEG,pool table,pool table," A man leaning over a pool table, looking down at the cue ball. ","A wooden pool table with a green felt surface and pockets on the side, surrounded by chairs and tables."
1698,data/images/n03888257/n03888257_39168.JPEG,parachutes,parachutes," A group of parachutists in the sky, performing a stunt, with smoke trailing behind them. ","A man wearing a parachute jumps out of an airplane while holding onto a large, colorful balloon."
1699,data/images/n03792972/n03792972_1036.JPEG,camp or camping,gloves, A man sitting on the ground in front of a tent in a mountainous area. ,A pair of white leather gloves with black stitching and a small silver charm on the wrist.
1700,data/images/n03982430/n03982430_11084.JPEG,pool table,camera, A man mowing a green lawn with a black ball on it. ,A close-up of a person's face with a detailed expression.
1701,data/images/n11939491/n11939491_12042.JPEG,flower,flower," A close-up photograph of white daisies with yellow centers, set against a dark blue background. ","A colorful, intricate flower with multiple layers of petals and a central structure."
1702,data/images/n03063599/n03063599_691.JPEG,coffee mug,canoe or boat, A blue mug with a white logo on it. ,"A small, lightweight boat with a flat bottom and curved edges for easy paddling on calm waters."
1703,data/images/n03180011/n03180011_19233.JPEG,computer,coffee mug, A dark room with a computer desk and multiple monitors. ,"A sturdy, colorful coffee mug with a simple design and the words ""Keep Calm & Carry On"" printed on its exterior."
1704,data/images/n11939491/n11939491_5055.JPEG,flower,mushroom, A white daisy with a yellow center. ,"A large, white mushroom with a flat cap and a slightly curved stem."
1705,data/images/n03709823/n03709823_7681.JPEG,handbag,handbag, A black leather handbag with a cartoon character on it. ,"A colorful, hand-drawn illustration of a stylish woman wearing a chic outfit and holding a handbag."
1706,data/images/n13054560/n13054560_9747.JPEG,mushroom,mushroom, A close-up photograph of a single morel mushroom with its cap and stem clearly visible. ,"A large, white-spotted mushroom with a rounded cap and slender stem, commonly found in forests."
1707,data/images/n03584829/n03584829_13149.JPEG,ironing machine,ball," Two women standing on the street, one holding an iron and the other holding a shirt, both looking at the iron. ","A colorful, abstract painting of a spiral with swirling shapes and patterns."
1708,data/images/n03452741/n03452741_2982.JPEG,piano,ball, A showroom displaying a red grand piano and a black baby grand piano. ,"A large, colorful ball with a star pattern on its surface."
1709,data/images/n04120489/n04120489_14875.JPEG,shoes,flower, A close-up view of a sports shoe with a blue and white color scheme. ,"A vibrant, multi-colored flower with intricate patterns and a unique shape."
1710,data/images/n04069434/n04069434_9030.JPEG,camera,camera, A vintage black and white camera with a silver lens and a black strap. ,"A close-up of a woman's face with long, curly hair and dark eyes."
1711,data/images/n03272562/n03272562_8639.JPEG,train,chair, A blue and yellow train engine on the tracks with a yellow train car behind it. ,"A wooden, high-backed chair with intricate carvings on the arms and back."
1712,data/images/n02906734/n02906734_3648.JPEG,brush,brush, A yellow and orange broom with a metal handle. ,"A colorful abstract painting with swirling, wavy brushstrokes in shades of blue and purple."
1713,data/images/n07753592/n07753592_10233.JPEG,fruits and vegetables,fruits and vegetables, A ripe banana with a brown spot on the end. ,"A colorful assortment of fruits and vegetables, including apples, oranges, bananas, strawberries, blueberries, pineapples, carrots, bell peppers, cucumbers, and tomatoes."
1714,data/images/n04086273/n04086273_12999.JPEG,gun,gun," A vintage rifle with a wooden case, placed on a wooden table. ","A small, fluffy dog wearing a red collar and sitting on a white rug."
1715,data/images/n03584829/n03584829_37429.JPEG,ironing machine,rocket, Two vintage irons on a table with white linen. ,"A rocket soaring through the sky, with a bright orange and yellow sunset in the background."
1716,data/images/n02690373/n02690373_5870.JPEG,airplane,airplane, A large white airplane with blue and red accents parked on a runway. ,"A small airplane with a red and white striped tail, flying through the sky."
1717,data/images/n02951358/n02951358_2037.JPEG,canoe or boat,coffee mug, A woman in a canoe on a lake with trees in the background. ,A white coffee mug with a cartoon image of two hands clasping each other.
1718,data/images/n11939491/n11939491_51732.JPEG,flower,mushroom," The image shows a close-up of a daisy with white petals and a yellow center, surrounded by other daisies in the background. ","A close-up image of a single mushroom with various shades of brown and white, surrounded by smaller details."
1719,data/images/n02690373/n02690373_20090.JPEG,airplane,airplane, A blue and white airplane on the runway. ,"A small airplane with a red, white and blue color scheme."
1720,data/images/n02906734/n02906734_17920.JPEG,brush,brush, A woman holding a broom and standing in front of a display of brooms. ,"A brush, typically used for cleaning or painting, is a handheld tool with bristles on one end and a handle on the other."
1721,data/images/n03792782/n03792782_8799.JPEG,bicycle,camp or camping," A collage of a mountain bike race, featuring a man in a blue and black jersey riding a bike, with various other cyclists and a collage of photos from the event. ","This image shows a group of people gathered around a campfire, with tents and outdoor equipment visible in the background."
1722,data/images/n03272010/n03272010_6219.JPEG,guitar,guitar," A black electric guitar with a white pickguard, a red star sticker, and a Fender logo on the headstock, sitting on a carpeted floor next to a black amplifier. ","A guitar with a unique, eye-catching design."
1723,data/images/n11939491/n11939491_48574.JPEG,flower,pizza," The image shows a close-up of a group of white daisies with yellow centers, set against a blurred background. ","A round, cheesy pizza with red sauce and toppings on top."
1724,data/images/n02492035/n02492035_24294.JPEG,monkey,elephant," Two monkeys in a tree enclosure, one grooming the other. ","A gray elephant with a long trunk and floppy ears stands on two legs, looking at the camera."
1725,data/images/n02992529/n02992529_46.JPEG,cell phone,cell phone, A black cell phone with a keypad and a screen. ,"A small, rectangular device with a touchscreen and various communication capabilities."
1726,data/images/n07753592/n07753592_3018.JPEG,fruits and vegetables,fruits and vegetables, A bunch of bananas growing on a tree. ,"A colorful assortment of fruits and vegetables on a wooden cutting board, including apples, oranges, bananas, strawberries, blueberries, raspberries, pineapples, carrots, bell peppers, cucumbers, tomatoes, and broccoli."
1727,data/images/n02607072/n02607072_1617.JPEG,clownfish or fish,clownfish or fish, Two clownfish swimming near a coral reef. ,"A clownfish, with a vibrant orange and white coloration, swims in the open ocean."
1728,data/images/n02951358/n02951358_33850.JPEG,canoe or boat,coffee mug, A man in a yellow helmet is kayaking down a river. ,"A white ceramic coffee mug with a simple black design of the word ""coffee"" written in bold letters."
1729,data/images/n03452741/n03452741_1177.JPEG,piano,ball," A small, handmade piano with a black felt lid and a brown felt seat. ","A colorful, spherical image with a smiling face and four arms holding various objects."
1730,data/images/n03445777/n03445777_7947.JPEG,ball,ball, A golf ball on a shelf with a logo on it. ,"The image depicts a close-up of a woman's face, with her eyes closed and a soft smile on her lips."
1731,data/images/n03100240/n03100240_3310.JPEG,car,watch or watches, A white classic mustang car on display. ,"A digital watch with a black face and white numbers, on a brown leather strap."
1732,data/images/n03888257/n03888257_6749.JPEG,parachutes,parachutes," Two people are skydiving, one is holding onto the other, they are in the air, and they are wearing helmets. ",A man wearing a parachute jumps from an airplane while holding onto his helmet and goggles.
1733,data/images/n03982430/n03982430_4411.JPEG,pool table,pool table," A room with a pool table, dartboard, and a painting of a baseball team. ","A large, circular pool table with a white border and black lines on the surface."
1734,data/images/n02106662/n02106662_83638.JPEG,dog,dog, A German Shepherd dog in mid-run on a grassy field. ,"A happy, energetic dog playing with a ball in a park."
1735,data/images/n03180011/n03180011_20934.JPEG,computer,computer, A desktop computer with a monitor displaying a webpage. ,"A computer with a sleek, silver case and multiple ports for connecting peripherals."
1736,data/images/n03792782/n03792782_1105.JPEG,bicycle,bicycle, A group of people on bicycles in a forested area. ,"A bicycle with a basket and handlebars, designed for transportation or leisure activities."
1737,data/images/n02106662/n02106662_62679.JPEG,dog,cat," A German Shepherd dog with its tongue out, standing in a grassy area. ","A black cat with white fur and yellow eyes sits on a wooden floor, surrounded by colorful yarn balls."
1738,data/images/n03888257/n03888257_16741.JPEG,parachutes,parachutes, A group of people are flying a colorful kite in a park. ,"A person wearing a parachute jumps out of an airplane, ready for their descent."
1739,data/images/n03584829/n03584829_37429.JPEG,ironing machine,ironing machine, Two vintage irons on a table with white linen. ,"A large, white ironing machine with a flat surface and an attached water tank."
1740,data/images/n03297495/n03297495_2948.JPEG,coffee maker,coffee maker, A black espresso machine with two cups of coffee on the spout. ,A coffee maker with multiple compartments and a large spout for pouring hot water.
1741,data/images/n02389026/n02389026_9196.JPEG,horse,butterfly, A man riding a brown horse in a field. ,"A colorful butterfly with intricate patterns on its wings, gracefully perched on a leaf-covered branch."
1742,data/images/n13054560/n13054560_13613.JPEG,mushroom,mushroom, A hand holding a mushroom with a brush in the background. ,"A large, colorful mushroom with a wavy pattern and an intricate design."
1743,data/images/n02281787/n02281787_1529.JPEG,butterfly,cat," A blue butterfly with brown spots on its wings, perched on a plant. ","A colorful abstract pattern of overlapping geometric shapes and lines, with a central swirl of vibrant hues."
1744,data/images/n02492035/n02492035_24294.JPEG,monkey,horse," Two monkeys in a tree enclosure, one grooming the other. ","A close-up of a colorful, intricate flower with multiple petals and delicate veins."
1745,data/images/n03590841/n03590841_6462.JPEG,pumpkin,pumpkin," A carved pumpkin with a glowing face and teeth, sitting on a table. ",A pumpkin with multiple branching stems and leaves.
1746,data/images/n02492035/n02492035_24294.JPEG,monkey,monkey," Two monkeys in a tree enclosure, one grooming the other. ",A monkey sitting on a branch with its arms crossed and looking at the camera.
1747,data/images/n03063599/n03063599_5287.JPEG,coffee mug,cell phone, A white coffee mug with a brown starbucks logo on it. ,A cell phone is a small device that allows you to make calls and access the internet.
1748,data/images/n03376595/n03376595_11049.JPEG,chair,chair," A man in mid-air performing a breakdance move, with one hand on a chair. ","A wooden chair with a high back and curved legs, typically used for sitting or relaxing."
1749,data/images/n03452741/n03452741_3088.JPEG,piano,piano, A black and gold grand piano with the Boston Piano Company logo. ,"A beautiful, well-maintained grand piano with a polished ebony finish and intricate detailing on the legs and pedals."
1750,data/images/n02690373/n02690373_3537.JPEG,airplane,clownfish or fish, A large airplane parked on the tarmac at an airport. ,"A clownfish is a small, colorful fish with orange and white stripes that lives in an anemone for protection."
1751,data/images/n03100240/n03100240_20935.JPEG,car,watch or watches, A silver car on display at a car show. ,A watch is a timekeeping device that displays the current time.
1752,data/images/n02992529/n02992529_14442.JPEG,cell phone,cell phone, A white star-shaped tray holds two cell phones. ,"A sleek, modern smartphone with a rectangular screen and minimal buttons for functionality."
1753,data/images/n04044716/n04044716_14882.JPEG,tower,tower," A person working on a large telescope, surrounded by a complex network of wires and cables. ","A tall, cylindrical building with a flat roof and multiple windows on each floor."
1754,data/images/n07753592/n07753592_10252.JPEG,fruits and vegetables,flower," A street vendor's cart filled with various fruits and vegetables, with a man and woman standing behind it. ","A beautiful flower with vibrant colors and delicate petals, standing tall in a serene garden setting."
1755,data/images/n03063599/n03063599_691.JPEG,coffee mug,computer, A blue mug with a white logo on it. ,"A large, colorful abstract painting with swirling patterns and geometric shapes on a white background."
1756,data/images/n07753592/n07753592_5699.JPEG,fruits and vegetables,mushroom, A ripe yellow banana with a brown spot on the end. ,"A large, brown, spiky mushroom with a white cap and small green gills on a wooden log."
1757,data/images/n03877472/n03877472_28953.JPEG,girl,girl, A woman in a pink pajama is playfully pinning a man to the floor while he is wearing a blue pajama. ,"A young girl with long, wavy hair and a white dress stands in front of a large tree trunk."
1758,data/images/n03773504/n03773504_6291.JPEG,rocket,rocket, A large nuclear missile inside a missile silo. ,"A rocket with a large, cylindrical body and four smaller cylinders attached to its sides."
1759,data/images/n02124075/n02124075_10164.JPEG,cat,dog, A cat sitting on a ledge looking at a cat statue. ,"A fluffy white dog with brown eyes and a wagging tail, sitting on a wooden bench in a park."
1760,data/images/n04044716/n04044716_860.JPEG,tower,pool table, A large satellite dish in a desert setting. ,"A close-up image of a pool table with multiple cues, balls, and pockets."
1761,data/images/n03376595/n03376595_108.JPEG,chair,guitar, A wooden folding chair with a slatted backrest. ,"A guitar with a long neck and six strings, played by plucking or strumming the strings to create music."
1762,data/images/n03197337/n03197337_5937.JPEG,watch or watches,train, A man wearing a bright orange watch with a digital display. ,"A man wearing a suit and tie, standing in front of a large crowd of people."
1763,data/images/n11939491/n11939491_16390.JPEG,flower,shoes," The image features a single white daisy with a yellow center, surrounded by green foliage. ","A pair of brown shoes with laces, sitting on a white background."
1764,data/images/n03773504/n03773504_6291.JPEG,rocket,rocket, A large nuclear missile inside a missile silo. ,"A rocket flying through the sky, with a ship following closely behind."
1765,data/images/n03272562/n03272562_9027.JPEG,train,guitar, A vintage train on tracks with passengers visible through the windows. ,"A vintage, ornate guitar with intricate detailing on the body and neck."
1766,data/images/n03197337/n03197337_1045.JPEG,watch or watches,computer, A white and black digital wristwatch with a white strap. ,"A computer with a tower, monitor, keyboard, and mouse."
1767,data/images/n03063599/n03063599_552.JPEG,coffee mug,cell phone," A small terracotta pot with the word ""shape"" written on it. ","A close-up photo of a person's face, showing wrinkles and smile lines."
1768,data/images/n03584829/n03584829_45572.JPEG,ironing machine,handbag, An iron on a table. ,"A black and white photograph of a woman wearing sunglasses, holding a handbag in front of her with one hand while posing for the camera."
1769,data/images/n03888257/n03888257_39168.JPEG,parachutes,handbag," A group of parachutists in the sky, performing a stunt, with smoke trailing behind them. ","A handbag with multiple compartments and a spacious interior, perfect for organizing daily essentials."
1770,data/images/n07873807/n07873807_8875.JPEG,pizza,fruits and vegetables, A slice of pizza with mushrooms and spinach on a white plate. ,"A colorful assortment of fruits and vegetables arranged on a wooden cutting board, with ripe red tomatoes, juicy green cucumbers, plump purple grapes, and various other fresh produce."
1771,data/images/n03590841/n03590841_6633.JPEG,pumpkin,rocket," A carved pumpkin with a face and eyes, sitting on a table. ","A colorful, intricate pattern of overlapping circles and lines on a white background."
1772,data/images/n03792972/n03792972_2062.JPEG,camp or camping,camp or camping, A tent set up in a wooded area. ,"The image depicts a group of people gathered around a campfire, with various camping equipment and outdoor activities in the background."
1773,data/images/n03297495/n03297495_7249.JPEG,coffee maker,train," This is an image of a white espresso machine with a silver and black front panel, featuring two spouts and two buttons. ","A detailed illustration of a complex machine, with multiple interconnected components and systems."
1774,data/images/n03775071/n03775071_7792.JPEG,gloves,gloves, A pair of gray knitted gloves. ,"A pair of white, knee-high gloves with black stripes and a red heart pattern on the backside."
1775,data/images/n03709823/n03709823_24745.JPEG,handbag,pumpkin, A pink duffel bag with a white logo on it. ,"A cartoon of a pumpkin with a big smile and two eyes, wearing glasses."
1776,data/images/n03180011/n03180011_4255.JPEG,computer,cell phone," The image shows a desktop computer with a monitor, keyboard, and mouse, along with a water cooler system. ","A small, rectangular device with a touchscreen and multiple cameras attached to a slim case."
1777,data/images/n04044716/n04044716_555.JPEG,tower,pool table, A cherry picker is lifting a worker to repair a satellite dish. ,"A pool table with a wooden frame and green felt surface, surrounded by four walls."
1778,data/images/n03792972/n03792972_5525.JPEG,camp or camping,camp or camping, Two tents set up on a hillside with a rocky outcropping and trees in the background. ,"This image depicts a campsite with multiple tents, campfires, and outdoor cooking facilities."
1779,data/images/n02690373/n02690373_3492.JPEG,airplane,clownfish or fish, A blue and white airplane on the runway. ,"A vibrant orange clownfish with white stripes and black spots, swimming in a clear blue ocean."
1780,data/images/n02389026/n02389026_24702.JPEG,horse,monkey," A close-up of a horse's face, showing its brown coat, large brown eyes, and a white spot on its forehead. ","A monkey sitting on a branch, holding an apple in its hand."
1781,data/images/n02951358/n02951358_11607.JPEG,canoe or boat,car, A man in a red life vest is paddling a green canoe on a river. ,"A vintage car with a unique design, adorned with intricate details and vibrant colors."
1782,data/images/n02281787/n02281787_2971.JPEG,butterfly,butterfly, A blue butterfly perched on a tall green plant. ,"A colorful butterfly with intricate patterns on its wings, gracefully fluttering in the sunlight."
1783,data/images/n03888257/n03888257_39021.JPEG,parachutes,pool table, A person is skydiving with an American flag attached to their ankles. ,"A rectangular pool table with a blue and white checkered pattern, surrounded by four cues and balls."
1784,data/images/n03590841/n03590841_6462.JPEG,pumpkin,handbag," A carved pumpkin with a glowing face and teeth, sitting on a table. ","A colorful, intricately woven handbag featuring a playful mix of patterns and textures."
1785,data/images/n03272010/n03272010_17735.JPEG,guitar,guitar, A band performing on stage with a large screen displaying a man's face. ,"A vintage acoustic guitar with a natural wood finish, adorned with intricate carvings on the headstock and body."
1786,data/images/n04069434/n04069434_9580.JPEG,camera,tower, A vintage camera with a lens on a wooden table. ,"This image depicts a large, intricately designed tower with multiple levels and staircases."
1787,data/images/n03584829/n03584829_36033.JPEG,ironing machine,ironing machine, An iron on a table. ,"A woman wearing a white shirt and holding an ironing board with an iron in her hand, standing next to a pile of folded clothes."
1788,data/images/n03888257/n03888257_7960.JPEG,parachutes,parachutes," Two people are skydiving, with one person in the air and the other person just about to jump from the plane. ","A group of people wearing parachutes are standing on a hill, with the sun setting in the background."
1789,data/images/n02690373/n02690373_5870.JPEG,airplane,airplane, A large white airplane with blue and red accents parked on a runway. ,A small airplane flying over a city with tall buildings and roads below.
1790,data/images/n03792972/n03792972_8672.JPEG,camp or camping,girl, A tent in a mountainous area with trees and fog. ,"A girl, surrounded by a colorful and vibrant environment."
1791,data/images/n03888257/n03888257_6749.JPEG,parachutes,parachutes," Two people are skydiving, one is holding onto the other, they are in the air, and they are wearing helmets. ","A parachute, suspended in mid-air with a person standing below it."
1792,data/images/n07873807/n07873807_7685.JPEG,pizza,fruits and vegetables," A large pizza with cheese, basil, and tomato sauce on a plate. ","A colorful still life featuring a variety of fruits and vegetables arranged on a wooden cutting board, with the focus being on an assortment of apples, grapes, strawberries, bananas, oranges, pineapples, carrots, broccoli, cauliflower, bell peppers, tomatoes, and cucumbers."
1793,data/images/n03272562/n03272562_8639.JPEG,train,rocket, A blue and yellow train engine on the tracks with a yellow train car behind it. ,A rocket with a detailed description of various components and features.
1794,data/images/n13054560/n13054560_8062.JPEG,mushroom,mushroom, A white plate with sliced mushrooms. ,"A colorful, multicolored, multi-colored mushroom with a brown cap and white gills."
1795,data/images/n04086273/n04086273_8280.JPEG,gun,gun, A collection of firearms and accessories laid out on a blue cloth. ,"A close-up image of a woman's face with thick eyebrows, large eyes, and a small nose."
1796,data/images/n03982430/n03982430_13651.JPEG,pool table,tower, A pool table with red balls and a black cue ball. ,"The image depicts a tower made of colorful, interlocking geometric shapes that resemble puzzle pieces or building blocks."
1797,data/images/n03982430/n03982430_13651.JPEG,pool table,camera, A pool table with red balls and a black cue ball. ,"A close-up photograph of a person's face, with the subject looking directly at the camera."
1798,data/images/n04044716/n04044716_17472.JPEG,tower,tower, A large white satellite dish in a field. ,"A tall, slender tower made of interlocking wooden planks with a spiral staircase leading to the top."
1799,data/images/n03445777/n03445777_2493.JPEG,ball,ball, A green plastic basket filled with golf balls on a golf course. ,"A large, spherical object with a flat surface and multiple smaller, similarly shaped objects around it."
1800,data/images/n02504458/n02504458_4080.JPEG,elephant,brush, A group of elephants with their tusks interlocked. ,"A brush with a long, fluffy handle and bristles on both ends."
1801,data/images/n02124075/n02124075_6197.JPEG,cat,butterfly, A white cat and a gray cat stand on a dirt road in front of a house. ,"A delicate, colorful insect with two sets of wings for flying and mating."
1802,data/images/n03376595/n03376595_10579.JPEG,chair,train, A wooden lawn chair with slats and armrests. ,"A train with multiple cars, each containing various goods and products for transportation."
1803,data/images/n02389026/n02389026_2094.JPEG,horse,dog, A brown horse grazing in a field of tall grass. ,"A large, fluffy dog with a pink bow sitting on a colorful rug."
1804,data/images/n02992529/n02992529_13746.JPEG,cell phone,cell phone, A man in glasses is talking on a cell phone while sitting at a table. ,"A cell phone is a portable device used for making and receiving calls, sending messages, accessing the internet, and performing various other functions."
1805,data/images/n03452741/n03452741_11539.JPEG,piano,piano, A black grand piano in a living room. ,"A large, colorful butterfly with intricate patterns and detailed markings on its wings, resting on a leaf in the forest."
1806,data/images/n02607072/n02607072_304.JPEG,clownfish or fish,elephant, Two clownfish swimming among the tentacles of an anemone. ,"A large, gray elephant with a long trunk and tusks stands in a lush green forest."
1807,data/images/n11939491/n11939491_10024.JPEG,flower,pizza, A black and white photograph of a single daisy with a white center and a dark brown center. ,"A colorful, round pizza with a variety of toppings and cheese on top."
1808,data/images/n02951358/n02951358_6087.JPEG,canoe or boat,canoe or boat, A green canoe on a rocky shoreline. ,"A canoe and a boat are both small watercraft for transportation on rivers, lakes, or oceans."
1809,data/images/n07873807/n07873807_16625.JPEG,pizza,shoes, A large pizza with various toppings on a metal tray on a table. ,"A pair of shoes with a unique design, featuring intricate patterns and vibrant colors."
1810,data/images/n03197337/n03197337_1351.JPEG,watch or watches,watch or watches, A person's hand with a name written on it. ,"A round, silver watch with a black leather strap and a white face displaying the time."
1811,data/images/n02389026/n02389026_24702.JPEG,horse,horse," A close-up of a horse's face, showing its brown coat, large brown eyes, and a white spot on its forehead. ","A majestic horse with flowing mane and tail, standing in a lush green field under a clear blue sky."
1812,data/images/n03877472/n03877472_2301.JPEG,girl,girl," Two young girls sitting on the floor, smiling and posing for the camera. ","A young girl with long, curly hair and a pink dress is sitting on the floor next to a colorful toy box while holding a stuffed animal."
1813,data/images/n02992529/n02992529_39085.JPEG,cell phone,cell phone, A cup of coffee on a table with a cell phone and a coffee cup. ,"A close-up photograph of a sleek, black smartphone with rounded corners and minimalistic design elements."
1814,data/images/n02510455/n02510455_95099.JPEG,panda or pandas,panda or pandas, A panda bear sitting on a tree branch in an enclosure. ,"A panda is a large, fluffy bear with black patches on its ears and around its eyes."
1815,data/images/n02281787/n02281787_1529.JPEG,butterfly,monkey," A blue butterfly with brown spots on its wings, perched on a plant. ","A monkey with a long, bushy tail sits on a branch in the middle of a dense forest."
1816,data/images/n02124075/n02124075_10164.JPEG,cat,cat, A cat sitting on a ledge looking at a cat statue. ,"A colorful, abstract painting of a cityscape with vibrant buildings and winding roads."
1817,data/images/n03452741/n03452741_1177.JPEG,piano,piano," A small, handmade piano with a black felt lid and a brown felt seat. ","A black and white photograph of a piano with three keys in the center, surrounded by four smaller keys on each side."
1818,data/images/n03272010/n03272010_17735.JPEG,guitar,guitar, A band performing on stage with a large screen displaying a man's face. ,"A guitar with a unique, eye-catching design featuring an abstract pattern of colorful shapes and lines."
1819,data/images/n03063599/n03063599_5287.JPEG,coffee mug,canoe or boat, A white coffee mug with a brown starbucks logo on it. ,"A canoe is a small, narrow boat that you can sit in and paddle across the water."
1820,data/images/n03197337/n03197337_4120.JPEG,watch or watches,guitar, A silver wristwatch with a digital display and a black strap. ,"A guitar with a unique, asymmetrical body design featuring an elongated lower horn and a curved upper horn."
1821,data/images/n07753592/n07753592_11911.JPEG,fruits and vegetables,fruits and vegetables, A street vendor selling fruit to customers. ,"A colorful assortment of fruits and vegetables, including apples, oranges, bananas, strawberries, blueberries, broccoli, carrots, and tomatoes, arranged on a wooden cutting board."
1822,data/images/n04086273/n04086273_8280.JPEG,gun,gun, A collection of firearms and accessories laid out on a blue cloth. ,A cartoon cat wearing a chef's hat and holding a knife over a cutting board with various vegetables.
1823,data/images/n03775071/n03775071_7792.JPEG,gloves,gloves, A pair of gray knitted gloves. ,A pair of white gloves with black stripes on the back and fingers.
1824,data/images/n03297495/n03297495_7249.JPEG,coffee maker,guitar," This is an image of a white espresso machine with a silver and black front panel, featuring two spouts and two buttons. ",A vintage-style guitar with a dark wood finish and intricate detailing on the body.
1825,data/images/n04086273/n04086273_2383.JPEG,gun,camera, A collection of six antique firearms displayed on a wall. ,"A close-up image of a woman's face with long, curly hair and large eyes."
1826,data/images/n02504458/n02504458_4080.JPEG,elephant,elephant, A group of elephants with their tusks interlocked. ,"A large, gray elephant with a long trunk and floppy ears."
1827,data/images/n11939491/n11939491_10024.JPEG,flower,pizza, A black and white photograph of a single daisy with a white center and a dark brown center. ,"A colorful, circular pizza with a variety of toppings and cheese arranged in an appealing manner."
1828,data/images/n07753592/n07753592_5699.JPEG,fruits and vegetables,fruits and vegetables, A ripe yellow banana with a brown spot on the end. ,"A colorful assortment of fruits and vegetables, including apples, oranges, bananas, carrots, broccoli, and tomatoes, arranged on a wooden cutting board."
1829,data/images/n03982430/n03982430_11084.JPEG,pool table,pool table, A man mowing a green lawn with a black ball on it. ,"A rectangular pool table with a blue and white checkered cloth, surrounded by four wooden pillars holding up the ceiling."
1830,data/images/n03590841/n03590841_6382.JPEG,pumpkin,pumpkin," A carved pumpkin with a jack-o-lantern face sits on a table, surrounded by Halloween decorations. ","A smiling pumpkin with a heart-shaped face and large, round eyes."
1831,data/images/n02124075/n02124075_7825.JPEG,cat,cat, Two cats lying on a bed with a leopard print blanket. ,"A close-up of a colorful, abstract painting with swirling patterns and bold brushstrokes."
1832,data/images/n03063599/n03063599_3606.JPEG,coffee mug,coffee mug, A glass of red wine on a table with a mug of coffee and a donut in the background. ,"A sturdy, colorful coffee mug featuring a playful illustration of two cartoon cats having a lively conversation."
1833,data/images/n03297495/n03297495_6860.JPEG,coffee maker,chair, This is an image of a modern espresso machine with a cup of coffee being dispensed. ,"A wooden, upholstered armchair with a high back and armrests on either side."
1834,data/images/n02607072/n02607072_304.JPEG,clownfish or fish,clownfish or fish, Two clownfish swimming among the tentacles of an anemone. ,"A colorful clownfish, with a vibrant orange body and white stripes, gracefully swimming in the ocean's crystal-clear waters."
1835,data/images/n04120489/n04120489_6792.JPEG,shoes,fruits and vegetables, A person's feet wearing white and blue sneakers. ,"A colorful assortment of fruits and vegetables, including apples, oranges, carrots, and peppers, arranged on a wooden cutting board."
1836,data/images/n03877472/n03877472_10554.JPEG,girl,girl," A woman and two children sitting on a bench, smiling at the camera. ","The image shows a close-up of a woman's face with thick, dark eyebrows and heavily lined eyeshadow."
1837,data/images/n03775071/n03775071_9475.JPEG,gloves,gloves, Two gray knitted gloves with frayed cuffs and a black logo on the back of each. ,"A set of five white gloves, each with a different pattern and size, arranged on a wooden surface."
1838,data/images/n02690373/n02690373_736.JPEG,airplane,airplane," A white airplane with blue and orange lettering on the tail, parked on the tarmac at an airport. ","A large, white airplane with red and blue stripes sits on a tarmac surrounded by buildings."
1839,data/images/n03590841/n03590841_6380.JPEG,pumpkin,ironing machine," Two carved pumpkins with faces, sitting on a table. ","A large, imposing ironing machine stands in the middle of a cluttered room filled with various household items and clutter."
1840,data/images/n03445777/n03445777_5342.JPEG,ball,ball, A white golf ball with a logo on it. ,"A large, multicolored beach ball with a spiral pattern."
1841,data/images/n03297495/n03297495_1204.JPEG,coffee maker,chair, This is an image of a coffee machine with two cups of coffee on the spout. ,"A wooden chair with a high back and armrests, typically used for sitting."
1842,data/images/n02281787/n02281787_5770.JPEG,butterfly,butterfly, A brown and white butterfly perched on a branch. ,"A beautiful butterfly, with intricate and delicate patterns on its wings."
1843,data/images/n03590841/n03590841_6380.JPEG,pumpkin,pumpkin," Two carved pumpkins with faces, sitting on a table. ","A large, orange pumpkin with a small stem and dirt on its surface."
1844,data/images/n02992529/n02992529_42996.JPEG,cell phone,cell phone, A shirtless man in a crowd is using his cell phone. ,"A sleek, rectangular smartphone with a touchscreen display and minimal bezels."
1845,data/images/n03792972/n03792972_1570.JPEG,camp or camping,girl, A tent set up in a field with camping gear. ,"The image depicts a young girl wearing a colorful dress, sitting on the floor with her legs crossed and holding a small stuffed animal in her hands."
1846,data/images/n02124075/n02124075_10164.JPEG,cat,cat, A cat sitting on a ledge looking at a cat statue. ,"A black cat with white paws and a white chin sits on a wooden floor, gazing at the camera."
1847,data/images/n02504458/n02504458_5897.JPEG,elephant,horse, A large elephant walking on a dirt road in a natural setting. ,A horse standing in a field with rolling hills and blue skies.
1848,data/images/n03590841/n03590841_11757.JPEG,pumpkin,pumpkin," Two carved pumpkins with faces, one with a neutral expression and the other with a scary expression, sitting on a table. ","A cheerful pumpkin with a big smile, wearing a striped shirt and holding a tiny carrot."
1849,data/images/n03100240/n03100240_16653.JPEG,car,car, A red convertible parked on a driveway. ,"A small, intricate metal sculpture of a woman's face with detailed features and delicate lines."
1850,data/images/n03376595/n03376595_8916.JPEG,chair,chair, A wooden folding chair with a green cushion and a striped backrest. ,"A wooden, high-backed chair with intricate carvings on the arms and back."
1851,data/images/n03445777/n03445777_2951.JPEG,ball,pumpkin," A golf ball on a green, in front of a hole. ","A large, orange pumpkin with a long neck and leafy vines."
1852,data/images/n02690373/n02690373_736.JPEG,airplane,brush," A white airplane with blue and orange lettering on the tail, parked on the tarmac at an airport. ","A brush with bristles made of white and black fur, resting on a wooden surface."
1853,data/images/n03180011/n03180011_9576.JPEG,computer,computer, A silver desktop computer with a monitor in the background. ,"A sleek, modern laptop with a thin profile and an attractive color scheme."
1854,data/images/n02124075/n02124075_4027.JPEG,cat,cat," A cat with its eyes closed, looking content and relaxed. ","A group of people sitting at a table, holding hands and looking into each other's eyes."
1855,data/images/n03297495/n03297495_2852.JPEG,coffee maker,train," This is an image of a black coffee maker with a digital display and buttons, placed on a white background. ","A man wearing a suit and tie is standing in front of a large, ornate fireplace with intricate carvings on the mantelpiece."
1856,data/images/n07873807/n07873807_8875.JPEG,pizza,fruits and vegetables, A slice of pizza with mushrooms and spinach on a white plate. ,A colorful assortment of fruits and vegetables arranged on a cutting board.
1857,data/images/n02281787/n02281787_2971.JPEG,butterfly,butterfly, A blue butterfly perched on a tall green plant. ,The image depicts a colorful butterfly fluttering its wings in the sunlight.
1858,data/images/n03197337/n03197337_2141.JPEG,watch or watches,computer," The image shows a digital wristwatch with a blue screen displaying the time ""8:10"" and the date ""10"". ","A computer with a sleek, silver case and multiple ports for connecting peripherals."
1859,data/images/n03888257/n03888257_19211.JPEG,parachutes,parachutes, A surreal image of a hot air balloon floating above a barren landscape with a rainbow in the sky. ,"A parachute-clad figure stands on a hilltop, with the cityscape in the background."
1860,data/images/n03197337/n03197337_526.JPEG,watch or watches,watch or watches," A person's hand wearing a watch with a digital display and a compass, holding a map. ",This image depicts a group of people wearing watches on their wrists.
1861,data/images/n03063599/n03063599_691.JPEG,coffee mug,cell phone, A blue mug with a white logo on it. ,"This image depicts a person holding a small, rectangular device with rounded corners and a touch screen display."
1862,data/images/n04086273/n04086273_12999.JPEG,gun,camera," A vintage rifle with a wooden case, placed on a wooden table. ",A camera with a black and white striped design on the body.
1863,data/images/n03272010/n03272010_6705.JPEG,guitar,guitar, A green electric guitar leaning against a wall. ,"A shiny, black electric guitar with a white pick on its stand."
1864,data/images/n03100240/n03100240_8794.JPEG,car,computer, A black convertible car parked on a gravel driveway. ,"A sleek, modern kitchen with a large island in the center and high-end appliances."
1865,data/images/n03100240/n03100240_20935.JPEG,car,coffee mug, A silver car on display at a car show. ,"A coffee mug with a cartoon character on it, holding a steaming cup of coffee."
1866,data/images/n02389026/n02389026_6377.JPEG,horse,horse, Two brown horses with long tails standing in a barn stall. ,"A majestic horse galloping through a lush green field, with the sun setting in the background."
1867,data/images/n02992529/n02992529_42996.JPEG,cell phone,cell phone, A shirtless man in a crowd is using his cell phone. ,"A small, rectangular cell phone with a touch screen and buttons for making calls and accessing apps."
1868,data/images/n07753592/n07753592_1198.JPEG,fruits and vegetables,fruits and vegetables," A still life of fruit, including an apple, bananas, and a rose, arranged on a reflective surface. ","This image depicts a colorful assortment of fruits and vegetables arranged on a wooden cutting board, with the words ""Fruits & Vegetables"" written in white letters above it."
1869,data/images/n03584829/n03584829_28308.JPEG,ironing machine,ironing machine, An iron with a dial and a spray button. ,"A vintage, ornate ironing machine with a flat surface and multiple knobs and levers for user control."
1870,data/images/n03709823/n03709823_17750.JPEG,handbag,handbag, A brown leather handbag with a pocket on the front. ,"A colorful handbag with a unique, asymmetrical design and intricate detailing on the handle."
1871,data/images/n03297495/n03297495_1204.JPEG,coffee maker,chair, This is an image of a coffee machine with two cups of coffee on the spout. ,"A wooden, high-backed chair with a tufted seat and armrests."
1872,data/images/n02510455/n02510455_15145.JPEG,panda or pandas,monkey, A black and white panda bear sitting in an enclosure. ,"A monkey sitting on a branch, with leaves and flowers in the background."
1873,data/images/n03445777/n03445777_2493.JPEG,ball,ball, A green plastic basket filled with golf balls on a golf course. ,"A large, colorful ball with a striped pattern and multicolored stars on its surface."
1874,data/images/n03773504/n03773504_14109.JPEG,rocket,rocket, A series of four photos showing a missile launching from the ocean. ,"A rocket is a fast, high-flying vehicle that can travel long distances through the air."
1875,data/images/n03297495/n03297495_2852.JPEG,coffee maker,coffee maker," This is an image of a black coffee maker with a digital display and buttons, placed on a white background. ","A coffee maker with a large, open space for brewing and serving multiple cups of coffee."
1876,data/images/n04069434/n04069434_12869.JPEG,camera,pool table," The image shows a black camera lens mount with a white ring and two circular rubber gaskets, one on each side of the mount. ","A rectangular wooden table with a green felt surface, surrounded by four metal legs and a black bumper rail on one side."
1877,data/images/n03775071/n03775071_7792.JPEG,gloves,gloves, A pair of gray knitted gloves. ,"This image depicts a person wearing gloves, with the text ""66 feet"" written on them."
1878,data/images/n03063599/n03063599_3890.JPEG,coffee mug,car, A hand holding a mug with a blue background and a handprint design. ,"A small, fluffy white cat sits on a blue blanket with its paws crossed."
1879,data/images/n02951358/n02951358_7348.JPEG,canoe or boat,canoe or boat, A painting of a man and his dog in a canoe on a lake at sunset. ,"A small, lightweight canoe with a sleek design and durable materials for easy transportation on calm waters."
1880,data/images/n04044716/n04044716_14882.JPEG,tower,tower," A person working on a large telescope, surrounded by a complex network of wires and cables. ","This image shows a tall, narrow tower with multiple windows and a small balcony at the top."
1881,data/images/n03197337/n03197337_526.JPEG,watch or watches,guitar," A person's hand wearing a watch with a digital display and a compass, holding a map. ","A colorful, abstract painting of a guitar with various shapes and patterns."
1882,data/images/n03297495/n03297495_7249.JPEG,coffee maker,rocket," This is an image of a white espresso machine with a silver and black front panel, featuring two spouts and two buttons. ","A colorful, abstract painting of a cityscape with swirling shapes and bright colors."
1883,data/images/n02690373/n02690373_5870.JPEG,airplane,elephant, A large white airplane with blue and red accents parked on a runway. ,elephant: A large gray animal with a long trunk and large ears.
1884,data/images/n04120489/n04120489_6812.JPEG,shoes,gun, A black and white shoe on a brick patio. ,A basket of colorful fruits on a wooden table.
1885,data/images/n03792972/n03792972_4392.JPEG,camp or camping,camp or camping, A tent pitched in a field with several RVs parked in the background. ,"This image depicts a group of people gathered around a campfire, enjoying each other's company and roasting marshmallows."
1886,data/images/n03180011/n03180011_7359.JPEG,computer,guitar," A computer monitor displaying a webpage with a cartoon girl, sitting on a desk with a keyboard and mouse. ",A vintage-looking guitar with intricate details and a dark wood finish.
1887,data/images/n04044716/n04044716_7208.JPEG,tower,tower, A large satellite dish in a field with sheep grazing. ,"A large, ornate tower made of stone and brick with intricate carvings on its exterior."
1888,data/images/n03982430/n03982430_30922.JPEG,pool table,tower, A pool table with balls and cues. ,A tall tower with multiple layers of smaller towers stacked on top of each other.
1889,data/images/n03775071/n03775071_44.JPEG,gloves,rocket, A person wearing a colorful knitted glove and holding a tree. ,"A rocket-shaped figure made of metal, with a snake coiled around it."
1890,data/images/n03452741/n03452741_5127.JPEG,piano,piano, An older man in a red sweater is playing a black piano. ,"A grand piano with a polished ebony finish, surrounded by lush green plants and flowers."
1891,data/images/n04044716/n04044716_7208.JPEG,tower,pool table, A large satellite dish in a field with sheep grazing. ,"A rectangular pool table with a green felt surface, surrounded by four dark wooden legs and two metal rails on either side."
1892,data/images/n03888257/n03888257_16741.JPEG,parachutes,parachutes, A group of people are flying a colorful kite in a park. ,"A parachute jumper, wearing a helmet and goggles, is landing on a snowy mountaintop."
1893,data/images/n07873807/n07873807_1477.JPEG,pizza,gun, A pepperoni pizza on a baking sheet. ,"A large, menacing gun with intricate details and a dark background."
1894,data/images/n03180011/n03180011_10086.JPEG,computer,girl," A man sitting at a desk in a room with two computers, a monitor, and a keyboard. ","A girl wearing a white dress with flowers on it, sitting on a wooden bench next to a small pond filled with lily pads and surrounded by trees."
1895,data/images/n02992529/n02992529_3673.JPEG,cell phone,watch or watches," The image shows a Sony Ericsson Cyber-shot camera and a smartphone, both with a blue and black color scheme, against a yellow background. ","A round, silver watch with a black leather strap and white numbers on the face."
1896,data/images/n13054560/n13054560_13613.JPEG,mushroom,pizza, A hand holding a mushroom with a brush in the background. ,"A colorful, round pizza with various toppings and a charred crust."
1897,data/images/n03982430/n03982430_17180.JPEG,pool table,tower, A pool table with a cue ball on it. ,"A tall, slender tower with a pointed roof and multiple levels."
1898,data/images/n02504458/n02504458_2716.JPEG,elephant,panda or pandas," A large elephant with tusks and a long trunk, standing in a grassy field. ","A panda sitting on a log, looking cute and fluffy."
1899,data/images/n03445777/n03445777_9216.JPEG,ball,ball, A pink golf ball on a tee in a field of yellow flowers. ,"A large, colorful ball with a smiling face and the words ""Helpful Assistant"" written on it."
1900,data/images/n03180011/n03180011_4255.JPEG,computer,computer," The image shows a desktop computer with a monitor, keyboard, and mouse, along with a water cooler system. ","A computer with a sleek, silver case and multiple ports for connecting peripherals."
1901,data/images/n03180011/n03180011_4854.JPEG,computer,computer," A computer desk with a monitor, keyboard, mouse, and a lamp. ","A sleek, modern computer with a large screen and minimalistic design."
1902,data/images/n02690373/n02690373_20090.JPEG,airplane,guitar, A blue and white airplane on the runway. ,A black electric guitar with a white pickguard and silver hardware.
1903,data/images/n03452741/n03452741_2982.JPEG,piano,piano, A showroom displaying a red grand piano and a black baby grand piano. ,This image shows a piano with a colorful background and various objects placed on top of it.
1904,data/images/n02906734/n02906734_17920.JPEG,brush,brush, A woman holding a broom and standing in front of a display of brooms. ,"A large, fluffy white dog with brown spots sitting on a green lawn."
1905,data/images/n07873807/n07873807_16625.JPEG,pizza,pizza, A large pizza with various toppings on a metal tray on a table. ,"A colorful pizza with various toppings, including vegetables and meat, on a round crust."
1906,data/images/n03792782/n03792782_757.JPEG,bicycle,bicycle, A woman riding a bicycle on a trail. ,"A bicycle with a basket on the front, designed for carrying items while riding."
1907,data/images/n13054560/n13054560_13613.JPEG,mushroom,mushroom, A hand holding a mushroom with a brush in the background. ,"A large, white mushroom with a small stem and a slightly curved cap."
1908,data/images/n03773504/n03773504_21104.JPEG,rocket,girl," A large rocket with the name ""mace"" on it, flying through a cloudy sky. ","In this image, a girl with long hair and glasses is sitting on the floor while holding a small white teddy bear."
1909,data/images/n02906734/n02906734_3648.JPEG,brush,clownfish or fish, A yellow and orange broom with a metal handle. ,"A cartoon clownfish with a striped orange and white tail fin, swimming in an underwater scene."
1910,data/images/n03452741/n03452741_2540.JPEG,piano,piano," A man is sitting at a grand piano, playing music. ","A small, white piano with a black and white keyboard."
1911,data/images/n03272010/n03272010_4370.JPEG,guitar,computer, A blue electric guitar with a pickup and a cord on a white surface. ,"A computer with a flat, rectangular shape and multiple ports for connecting peripherals."
1912,data/images/n03590841/n03590841_6633.JPEG,pumpkin,handbag," A carved pumpkin with a face and eyes, sitting on a table. ","A stylish, roomy tote bag with a unique geometric pattern and contrasting colors."
1913,data/images/n04069434/n04069434_12869.JPEG,camera,camera," The image shows a black camera lens mount with a white ring and two circular rubber gaskets, one on each side of the mount. ","The image shows a close-up of a person's face with a serious expression, wearing glasses and holding a microphone."
1914,data/images/n04069434/n04069434_9580.JPEG,camera,tower, A vintage camera with a lens on a wooden table. ,"This image depicts a tower made of various household items, including cups, plates, and bowls."
1915,data/images/n07753592/n07753592_3018.JPEG,fruits and vegetables,fruits and vegetables, A bunch of bananas growing on a tree. ,A colorful assortment of fruits and vegetables arranged on a wooden cutting board.
1916,data/images/n07873807/n07873807_3354.JPEG,pizza,gun, A large pepperoni pizza in a box. ,A black and white photograph of a man holding a large book with intricate designs on the cover.
1917,data/images/n02492035/n02492035_16869.JPEG,monkey,panda or pandas, A monkey is sitting on a palm tree branch. ,"A panda sitting on a branch, surrounded by bamboo and foliage."
1918,data/images/n03376595/n03376595_3835.JPEG,chair,camp or camping," Two wooden lounge chairs with slats, one leaning against the other. ","A campsite with a tent, campfire, and outdoor furniture."
1919,data/images/n02281787/n02281787_1529.JPEG,butterfly,butterfly," A blue butterfly with brown spots on its wings, perched on a plant. ","A large, colorful butterfly with intricate patterns on its wings."
1920,data/images/n03982430/n03982430_20620.JPEG,pool table,pool table," A man is playing pool, leaning over the table, and aiming at a red ball with a cue stick. ","A rectangular table with a white cloth covering, surrounded by six chairs and one empty chair in the center."
1921,data/images/n11939491/n11939491_51732.JPEG,flower,flower," The image shows a close-up of a daisy with white petals and a yellow center, surrounded by other daisies in the background. ","A colorful, delicate flower with multiple petals and a central stem."
1922,data/images/n02690373/n02690373_3492.JPEG,airplane,clownfish or fish, A blue and white airplane on the runway. ,"A cartoon-style fish with a large, grinning mouth and small eyes."
1923,data/images/n04044716/n04044716_11204.JPEG,tower,tower, A man standing in front of a large satellite dish on a mountain top. ,"A large, colorful tower made of interlocking blocks stands in a field with trees and hills visible in the background."
1924,data/images/n03982430/n03982430_30922.JPEG,pool table,pool table, A pool table with balls and cues. ,"This image depicts a round, wooden table with a white cloth covering it and displaying various items such as fruits, vegetables, flowers, and candles."
1925,data/images/n13054560/n13054560_8062.JPEG,mushroom,flower, A white plate with sliced mushrooms. ,"A colorful bouquet of flowers with various shades and textures, arranged in a vase on a wooden table."
1926,data/images/n03063599/n03063599_748.JPEG,coffee mug,cell phone, A white coffee mug with a black logo on a white table. ,"A sleek, modern smartphone with a large touchscreen display and minimal bezels."
1927,data/images/n13054560/n13054560_8062.JPEG,mushroom,shoes, A white plate with sliced mushrooms. ,A pair of black high-heeled shoes with a pointed toe and thin straps.
1928,data/images/n03888257/n03888257_54295.JPEG,parachutes,parachutes," Two parachutists flying high in the sky, each holding a Canadian flag, against a backdrop of a clear blue sky. ","A group of people wearing parachutes are standing on a hill, with the sky behind them."
1929,data/images/n02504458/n02504458_4234.JPEG,elephant,elephant," A close-up of an elephant's face, showcasing its large, wrinkled skin and long, curved tusks. ","A majestic elephant, standing tall and proud."
1930,data/images/n02992529/n02992529_14442.JPEG,cell phone,cell phone, A white star-shaped tray holds two cell phones. ,A person holding a smartphone with a blue background and white text.
1931,data/images/n03197337/n03197337_16730.JPEG,watch or watches,train," A black and white wristwatch with a digital display, sitting on a brown box. ","A train with multiple cars, each containing a variety of containers and equipment."
1932,data/images/n03982430/n03982430_38296.JPEG,pool table,pool table, A small orange toy is sitting on a pool table. ,"A rectangular pool table features a blue and white checkered pattern, with two billiard balls resting on the surface."
1933,data/images/n03877472/n03877472_28707.JPEG,girl,rocket, A young girl in a blue pajama with a snowman design is standing in a doorway. ,"A rocket soaring through the sky, with a breathtaking view of nature below."
1934,data/images/n03888257/n03888257_39021.JPEG,parachutes,parachutes, A person is skydiving with an American flag attached to their ankles. ,"A group of people wearing parachutes, each person holding a handle and standing on top of a large wooden structure with several steps leading up to it."
1935,data/images/n02906734/n02906734_39817.JPEG,brush,airplane, A green and yellow hair brush with bristles. ,"A large, fast-moving object in the sky with wings and a tail."
1936,data/images/n02906734/n02906734_17960.JPEG,brush,airplane, A broom leaning against a doorway in a building. ,A small airplane flying in the sky.
1937,data/images/n03877472/n03877472_8388.JPEG,girl,girl, A baby wearing a pink and purple pajamas is laying on a bed. ,"The image depicts a group of people sitting around a table, with various objects and items placed on it."
1938,data/images/n03709823/n03709823_14136.JPEG,handbag,handbag," A small, colorful, child's tote bag with a cartoon character on it, sitting on a wooden floor. ","A stylish, medium-sized handbag with a golden chain handle and a black leather exterior."
1939,data/images/n03180011/n03180011_4255.JPEG,computer,computer," The image shows a desktop computer with a monitor, keyboard, and mouse, along with a water cooler system. ","This image shows a close-up view of a person's hand holding a smartphone with a small, circular object on the screen."
1940,data/images/n03709823/n03709823_7681.JPEG,handbag,bicycle, A black leather handbag with a cartoon character on it. ,"This image depicts a helpful assistant, who is ready to provide information and answer questions."
1941,data/images/n03100240/n03100240_1391.JPEG,car,car, An orange convertible sports car on display at a car show. ,"A man wearing a suit and tie, standing in front of a large building with many people around him."
1942,data/images/n03792782/n03792782_442.JPEG,bicycle,girl, A man riding a bicycle on a rocky trail. ,A picture of a girl with various descriptions.
1943,data/images/n03452741/n03452741_11539.JPEG,piano,piano, A black grand piano in a living room. ,"A piano with a sleek, modern design and a dark wooden finish."
1944,data/images/n03100240/n03100240_2138.JPEG,car,computer, A blue convertible sports car on a gray background. ,"A computer with a sleek, silver design and an array of buttons on the front."
1945,data/images/n11939491/n11939491_16390.JPEG,flower,flower," The image features a single white daisy with a yellow center, surrounded by green foliage. ","A colorful bouquet of flowers, with various types and shades of blooms arranged in a vase."
1946,data/images/n03063599/n03063599_4172.JPEG,coffee mug,coffee mug, A black coffee mug on a window sill. ,A coffee mug with a handle and a round body.
1947,data/images/n03775071/n03775071_10573.JPEG,gloves,gloves, A purple knitted glove with a white stripe on the palm. ,"This image depicts a series of hands wearing different colored gloves, each one gradually disappearing into the next."
1948,data/images/n03982430/n03982430_11084.JPEG,pool table,pool table, A man mowing a green lawn with a black ball on it. ,"A pool table surrounded by a room with chairs and a bar, decorated in an understated yet elegant style."
1949,data/images/n03272562/n03272562_4339.JPEG,train,guitar, A train on the tracks with cargo cars behind it. ,"A vintage, hollow-body electric guitar with a distinctive headstock and pickguard."
1950,data/images/n02124075/n02124075_7825.JPEG,cat,cat, Two cats lying on a bed with a leopard print blanket. ,A cat sitting on a white background with blue and yellow accents.
1951,data/images/n02992529/n02992529_4366.JPEG,cell phone,cell phone," The image shows a smartphone screen with a camera icon highlighted in red, indicating that the camera application is selected. ","A cell phone is a small electronic device that allows users to make and receive calls, send and receive text messages, access the internet, and use various apps for communication, entertainment, and productivity."
1952,data/images/n02951358/n02951358_11607.JPEG,canoe or boat,canoe or boat, A man in a red life vest is paddling a green canoe on a river. ,"A small, flat-bottomed boat with a pointed bow and stern, typically used for transporting people or light cargo on calm waters."
1953,data/images/n02690373/n02690373_2109.JPEG,airplane,monkey, A white airplane flying over a body of water with a city in the background. ,"A monkey sitting on a branch, surrounded by lush green foliage."
1954,data/images/n04086273/n04086273_2383.JPEG,gun,gun, A collection of six antique firearms displayed on a wall. ,"A large, black revolver with a long barrel and ornate design."
1955,data/images/n03590841/n03590841_6382.JPEG,pumpkin,handbag," A carved pumpkin with a jack-o-lantern face sits on a table, surrounded by Halloween decorations. ",A hand-painted ceramic bowl with a whimsical design of colorful flowers and leaves.
1956,data/images/n03888257/n03888257_6749.JPEG,parachutes,parachutes," Two people are skydiving, one is holding onto the other, they are in the air, and they are wearing helmets. ","A group of parachutists descending from the sky, with colorful chutes and a beautiful landscape in the background."
1957,data/images/n03100240/n03100240_13929.JPEG,car,car, A vintage black car with red trim parked on grass. ,"A large, black car with tinted windows and a sleek design."
1958,data/images/n03877472/n03877472_28953.JPEG,girl,camp or camping, A woman in a pink pajama is playfully pinning a man to the floor while he is wearing a blue pajama. ,"This image depicts a group of people gathered around a campfire, with tents and outdoor equipment visible in the background."
1959,data/images/n03773504/n03773504_21104.JPEG,rocket,handbag," A large rocket with the name ""mace"" on it, flying through a cloudy sky. ","A group of people, including children and dogs, are gathered around a table with food and drinks in an outdoor setting."
1960,data/images/n03272010/n03272010_6705.JPEG,guitar,guitar, A green electric guitar leaning against a wall. ,"A guitar with a unique, abstract design featuring multiple layers of overlapping shapes and colors."
1961,data/images/n03584829/n03584829_13149.JPEG,ironing machine,ironing machine," Two women standing on the street, one holding an iron and the other holding a shirt, both looking at the iron. ","A small, white ironing machine with a round base and an elongated handle."
1962,data/images/n04044716/n04044716_555.JPEG,tower,tower, A cherry picker is lifting a worker to repair a satellite dish. ,A tall tower with multiple layers of overlapping rings.
1963,data/images/n03197337/n03197337_526.JPEG,watch or watches,watch or watches," A person's hand wearing a watch with a digital display and a compass, holding a map. ","A watch with a black leather strap and silver-colored case, displaying the time on an off-white dial."
1964,data/images/n04086273/n04086273_8280.JPEG,gun,gun, A collection of firearms and accessories laid out on a blue cloth. ,A picture of a cat sitting on a chair with a toy in its mouth.
1965,data/images/n03709823/n03709823_595.JPEG,handbag,pumpkin, A gray and white cat peeking out of a brown paper bag. ,"A large, orange gourd with a wide mouth and squat body, perfect for carving into jack-o'-lanterns."
1966,data/images/n11939491/n11939491_12042.JPEG,flower,fruits and vegetables," A close-up photograph of white daisies with yellow centers, set against a dark blue background. ","A colorful assortment of fruits and vegetables arranged on a wooden cutting board, with ripe red tomatoes, leafy green lettuce, plump avocados, juicy grapes, and more."
1967,data/images/n02607072/n02607072_3433.JPEG,clownfish or fish,canoe or boat, A vibrant underwater scene with a variety of colorful fish and coral. ,"A canoe or boat is a small, narrow watercraft with a curved bottom and one end raised higher than the other."
1968,data/images/n03709823/n03709823_9033.JPEG,handbag,handbag, A black and yellow duffel bag with a black strap. ,"A hand holding a bag with the words ""Just Do It"" written on it, inside a room filled with various sports equipment and motivational posters."
1969,data/images/n03376595/n03376595_852.JPEG,chair,chair, A colorful folding chair with a checkered pattern. ,"A wooden chair with a simple design and four legs, suitable for casual use."
1970,data/images/n03590841/n03590841_11757.JPEG,pumpkin,handbag," Two carved pumpkins with faces, one with a neutral expression and the other with a scary expression, sitting on a table. ","A colorful, patterned handbag with a unique design featuring an abstract pattern of geometric shapes and bright colors."
1971,data/images/n02389026/n02389026_9196.JPEG,horse,horse, A man riding a brown horse in a field. ,"A majestic horse with flowing mane and tail, standing in a lush green field under a clear blue sky."
1972,data/images/n03877472/n03877472_8388.JPEG,girl,girl, A baby wearing a pink and purple pajamas is laying on a bed. ,"A girl wearing a white dress with flowers on it, standing in front of a green background."
1973,data/images/n03590841/n03590841_10934.JPEG,pumpkin,piano," A carved pumpkin with a scary face sits on a porch, illuminated by red lights. ","This image depicts a large, ornate piano with intricate carvings and golden accents on its surface."
1974,data/images/n13054560/n13054560_9747.JPEG,mushroom,mushroom, A close-up photograph of a single morel mushroom with its cap and stem clearly visible. ,"A large, multi-colored mushroom with a variety of textures and patterns on its surface."
1975,data/images/n03063599/n03063599_2735.JPEG,coffee mug,coffee mug," A red and black mug with a tiger logo on it, sitting on a table. ",A white coffee mug with a cartoon character on it.
1976,data/images/n03773504/n03773504_8896.JPEG,rocket,rocket, A white missile on display in a museum. ,"A rocket with a large, stylized ""R"" on its side."
1977,data/images/n03773504/n03773504_370.JPEG,rocket,girl, A large missile on display in a museum. ,"A girl with a pink dress and pigtails is sitting on a colorful rug, holding a small toy car."
1978,data/images/n04086273/n04086273_17042.JPEG,gun,gun," A soldier in a military uniform holding a rifle with a scope, wearing sunglasses and a helmet. ","A colorful, abstract painting of a cityscape with various buildings and structures depicted in different shapes and sizes."
1979,data/images/n04069434/n04069434_9030.JPEG,camera,camera, A vintage black and white camera with a silver lens and a black strap. ,"A close-up of a woman's face with intricate makeup and jewelry, her eyes closed in contemplation."
1980,data/images/n03584829/n03584829_28308.JPEG,ironing machine,bicycle, An iron with a dial and a spray button. ,A bicycle is a vehicle with two wheels that can be ridden by humans.
1981,data/images/n03272010/n03272010_6978.JPEG,guitar,train, A white electric guitar leaning against a wall. ,"A close-up of a colorful, abstract painting with swirls and geometric shapes."
1982,data/images/n03272562/n03272562_8931.JPEG,train,train, Two red trains parked on train tracks. ,"A large, intricate mechanical clock with multiple dials and hands."
1983,data/images/n02690373/n02690373_20090.JPEG,airplane,clownfish or fish, A blue and white airplane on the runway. ,"A clownfish swims in a vibrant coral reef, surrounded by colorful sea creatures."
1984,data/images/n03792782/n03792782_51723.JPEG,bicycle,rocket," A man riding a bicycle on a steep, narrow path. ","A rocket with a large, curved body and multiple smaller rockets attached to its sides."
1985,data/images/n03775071/n03775071_3297.JPEG,gloves,gloves," A pair of handmade, knitted gloves with a mix of brown, orange, and black yarn. ","A pair of white, leather gloves with a black and red striped pattern on the back of each hand."
1986,data/images/n03272010/n03272010_4370.JPEG,guitar,guitar, A blue electric guitar with a pickup and a cord on a white surface. ,"A vintage, ornate guitar with intricate details on the body and neck."
